37	𐙂𐘁 	 KU-RO			
20	𐘞𐘽 	 SA-RA₂			
16	𐘸𐘁 	 KI-RO			
11	𐘇𐘳𐘚𐙕𐘮𐘱 	 A-TA-I-*301-WA-JA	anta-hierwa?		
10	𐘇𐘬 	 A-DU	andu andro?		
8	𐘚𐘽 	 I-RA₂	hiera		
8	𐝂𐝂 	 double mina			
8	𐙂𐘰𐘯 	 KU-PA₃-NU			
7	𐘤𐘘𐘃 	 SI-RU-TE			
7	𐘱𐘞𐘞𐘴𐘋 	 JA-SA-SA-RA-ME	<> 𐘇𐘞𐘞𐘴𐙱 A-SA-SA-RA 	𐘱𐘞 Jasser <> Ashur  Salam?	<<<
6	𐘀𐘙 	 DA-RE			
6	𐘾𐘂 	 KA-PA	𐀏𐀡 ka-po καρπός karpós	"fruit ""corpus"""	
6	𐙁𐘆 	 MA-DI	madre	mother	
6	𐘞𐘘 	 SA-RU	𐘞𐘴𐙱 SA-RA		
6	𐘤𐘾 	 SI-KA			
6	𐘆𐘅𐘉 	 DI-NA-U			
6	𐘚𐘢𐘅𐙁 	 I-PI-NA-MA			
5	𐙂𐘝𐘲 	 KU-NI-SU	Knossos		
5	𐘀𐘾 	 DA-KA			
5	𐘚𐘀 	 I-DA	yad	hand, arm	
5	𐝃𐝄 	 ³⁄₈	1/4 + 1/8 ☑		
4	𐙚𐘹 	 *306-TU			
4	𐙅𐘁 	 *86-RO			
4	𐝁𐝁 	 ?			
4	𐘇𐘈 	 A-SE	anse amse	𓃘 𓃙 ?	
4	𐘀𐘋 	 DA-ME			
4	𐘱𐘞 	 JA-SA	Jasser <> Sarame		
4	𐘧𐘆 	 JE-DI	jeet;)		
4	𐙂𐘂 	 KU-PA			
4	𐘞𐙁 	 SA-MA			
4	𐘞𐘁 	 SA-RO			
4	𐝆𐝁 	 𐝆𐝁			
4	𐝇𐝉 	 𐝇𐝉			
4	𐘀𐘭𐘀 	 DA-RI-DA			
4	𐘀𐘤𐙈 	 DA-SI-*118	dosis judging?		
4	𐘻𐘯𐘃 	 MI-NU-TE	𐘻 mi ≈ manu 𓂠 𓂟 manu 𔑿 mu 𔗷 𔗸 𐀖 mi 𓂝 𔗷 aµ 𓂝 अस aṃs arm	+++	
4	𐘂𐘱𐘙 	 PA-JA-RE			
4	𐘌𐙠𐘚 	 QA-*310-I	QA-•P-hig		
4	𐘳𐘅𐘠 	 TA-NA-TI			
4	𐘸𐘙𐘳𐘅 	 KI-RE-TA-NA			
4	𐘉𐘅𐘾𐘅𐘤 	 U-NA-KA-NA-SI			
3	𐙓𐘬 	 *188-DU	URU-DU		
3	𐘐𐙈 	 *21F-*118			
3	𐜝𐜙 	 *304+PA-CYP+D			
3	𐘇𐘱 	 A-JA			
3	𐘇𐙁 	 A-MA	Amme	mother?	
3	𐘇𐘴 	 A-RA	arm		
3	𐘇𐘭 	 A-RI	arm		
3	𐘚𐛭 	 I-GRA+PA			
3	𐘂𐘦 	 PA-DE	pode?		
3	𐘙𐘍 	 RE-ZA			
3	𐘃𐘭 	 TE-RI	three tree?		
3	𐘃𐘹 	 TE-TU			
3	𐘐𐘹𐘗 	 *21F-TU-NE			
3	𐙰𐘆𐘴 	 *324-DI-RA	•SO-DI-RA		
3	𐘇𐘾𐘘 	 A-KA-RU			
3	𐘀𐘿𐘴 	 DA-QE-RA			
3	𐘆𐘦𐘘 	 DI-DE-RU			
3	𐘾𐙂𐘂 	 KA-KU-PA			
3	𐙁𐘘𐘋 	 MA-RU-ME			
3	𐘂𐘈𐘱 	 PA-SE-JA			
3	𐘂𐘳𐘗 	 PA-TA-NE	potane		
3	𐘰𐘝𐘅 	 PA₃-NI-NA			
3	𐘌𐘌𐘘 	 QA-QA-RU			
3	𐘿𐘽𐘉 	 QE-RA₂-U			
3	𐘤𐘢𐘸 	 SI-PI-KI	𓋴 𓃀 𓄿 𓇼		
3	𐘳𐘚𐙌 	 TA-I-AROM			
3	𐘉𐙱𐘍 	 U-*325-ZA	VENUS	<<<	
3	𐘉𐘟𐘤 	 U-*34-SI			
3	𐘛𐘯𐙁𐘙 	 *28B-NU-MA-RE	•hig / •gub / yad…		
3	𐘬𐘙𐘍𐘈 	 DU-RE-ZA-SE			
2	𐙕𐙕 	 *301-*301			
2	𐝥𐘻 	 *805-MI			
2	𐘇𐘻 	 A-MI	arm		
2	𐘇𐘗 	 A-NE			
2	𐘇𐘂 	 A-PA			
2	𐘇𐘘 	 A-RU			
2	𐘀𐘚 	 DA-I			
2	𐘆𐘅 	 DI-NA			
2	𐘚𐘱 	 I-JA			
2	𐘚𐘾 	 I-KA			
2	𐘚𐘈 	 I-SE			
2	𐘚𐘤 	 I-SI			
2	𐘚𐘠 	 I-TI			
2	𐘱𐘐 	 JA-*21F			
2	𐘱𐘱 	 JA-JA			
2	𐘱𐘤 	 JA-SI			
2	𐘾𐘆 	 KA-DI			
2	𐘾𐘸 	 KA-KI			
2	𐘾𐘅 	 KA-NA			
2	𐘾𐘘 	 KA-RU			
2	𐘸𐘴 	 KI-RA			
2	𐙂𐘴 	 KU-RA			
2	𐙂𐘙 	 KU-RE			
2	𐘋𐘍 	 ME-ZA			
2	𐘻𐘹 	 MI-TU			
2	𐘕𐘘 	 MU-RU			
2	𐘯𐘁 	 NU-RO			
2	𐘯𐘠 	 NU-TI			
2	𐘂𐘴 	 PA-RA			
2	𐘂𐘈 	 PA-SE			
2	𐘰𐘝 	 PA₃-NI			
2	𐘢𐘞 	 PI-SA			
2	𐘫𐘴 	 PU-RA			
2	𐘫𐘽 	 PU-RA₂			
2	𐘫𐙍 	 PU-VIN			
2	𐘿𐘾 	 QE-KA			
2	𐘿𐘫 	 QE-PU			
2	𐘙𐘱 	 RE-JA			
2	𐘙𐘠 	 RE-TI			
2	𐘘𐘆 	 RU-DI			
2	𐘞𐘴 	 SA-RA			
2	𐘞𐙍 	 SA-VIN			
2	𐘤𐙗 	 SI-CYP			
2	𐘤𐘘 	 SI-RU			
2	𐘤𐘃 	 SI-TE			
2	𐘤𐘹 	 SI-TU			
2	𐘳𐘠 	 TA-TI			
2	𐘃𐙕 	 TE-*301			
2	𐘃𐘸 	 TE-KI			
2	𐘉𐘪 	 U-*49			
2	𐙇𐘚 	 VIR+[?]-I			
2	𐙀𐘬 	 ZU-DU			
2	𐝈𐝈 	 𐝈𐝈			
2	𐝕𐝉 	 𐝕𐝉𐝫			
2	𐙚𐘳𐘧 	 *306-TA-JE			
2	𐙄𐘤𐘙 	 AU-SI-RE			
2	𐘆𐘸𐘈 	 DI-KI-SE			
2	𐘆𐘭𐘅 	 DI-RI-NA			
2	𐘚𐘌𐙈 	 I-QA-*118			
2	𐘸𐘀𐘁 	 KI-DA-RO			
2	𐘸𐘙𐘷 	 KI-RE-TA₂			
2	𐘸𐘭𐘷 	 KI-RI-TA₂			
2	𐙂𐘙𐘶 	 KU-RE-JU			
2	𐙂𐙀𐘝 	 KU-ZU-NI			
2	𐘂𐘚𐘄 	 PA-I-TO			
2	𐘂𐘴𐘗 	 PA-RA-NE			
2	𐘌𐘯𐙁 	 QA-NU-MA			
2	𐘭𐘲𐙁 	 RI-SU-MA			
2	𐘘𐙁𐘳 	 RU-MA-TA			
2	𐘤𐘀𐘙 	 SI-DA-RE			
2	𐘳𐘝𐘾 	 TA-NI-KA			
2	𐘠𐘠𐙂 	 TI-TI-KU			
2	𐘮𐘆𐘝 	 WA-DI-NI			
2	𐙀𐘆𐘴 	 ZU-DI-RA			
2	𐘇𐘂𐘴𐘗 	 A-PA-RA-NE			
2	𐘇𐘭𐘝𐘳 	 A-RI-NI-TA			
2	𐘇𐘤𐘱𐘾 	 A-SI-JA-KA			
2	𐘀𐘚𐘢𐘳 	 DA-I-PI-TA			
2	𐘀𐙂𐘈𐘗 	 DA-KU-SE-NE			
2	𐘚𐘀𐙁𐘃 	 I-DA-MA-TE			
2	𐙂𐘻𐘅𐘿 	 KU-MI-NA-QE			
2	𐙂𐘰𐘅𐘹 	 KU-PA₃-NA-TU			
2	𐙁𐘾𐘚𐘳 	 MA-KA-I-TA	𒆳 mat?		
2	𐙁𐘾𐘭𐘃 	 MA-KA-RI-TE			
2	𐘊𐘄𐙂𐘁 	 PO-TO-KU-RO			
2	𐘿𐘦𐘻𐘯 	 QE-DE-MI-NU	-manner -ment?		
2	𐘿𐘤𐙀𐘡 	 QE-SI-ZU-E			
2	𐘞𐘻𐘀𐘡 	 SA-MI-DA-E			
2	𐘉𐘻𐘅𐘤 	 U-MI-NA-SI			
2	𐘮𐘬𐘝𐘻 	 WA-DU-NI-MI			
2	𐘚𐘢𐘅𐘻𐘅 	 I-PI-NA-MI-NA	-manner -ment?		
2	𐘇𐘠𐘾𐘇𐘬𐘺𐘻 	 A-TI-KA-A-DU-KO-MI	Attika Dukomi?		
1	𐙈𐘻 	 *118-MI			
1	𐙓𐙜 	 *188-*308			
1	𐙓𐙅 	 *188-*86			
1	𐘐𐘹 	 *21F-TU			
1	𐘛𐘠 	 *28B-TI			
1	𐙕𐘅 	 *301-NA			
1	𐙕𐘤 	 *301-SI			
1	𐙕𐘮 	 *301-WA			
1	𐙘𐙗 	 *304-CYP			
1	𐙙𐘘 	 *305-RU			
1	𐙚𐜚 	 *306-CYP+E			
1	𐙚𐛨 	 *306-VIR+*307			
1	𐜠𐛱 	 *307+*387-GRA+QE			
1	𐙢𐘳 	 *312-TA			
1	𐙢𐘷 	 *312-TA₂			
1	𐙪𐙚 	 *318-*306			
1	𐙮𐘭 	 *322-RI			
1	𐙯𐙩 	 *323-*317			
1	𐙯𐚄 	 *323-*344			
1	𐙳𐘶 	 *327-JU			
1	𐙴𐘡 	 *328-E			
1	𐚈𐙗 	 *348-CYP			
1	𐚌𐙚 	 *352-*306			
1	𐚒𐘝 	 *358-NI			
1	𐚥𐝇 	 *405-VS-*906			
1	𐚬𐙍 	 *412-VS-VIN			
1	𐘨𐘃 	 *47-TE			
1	𐛒𐙈 	 *539-*118			
1	𐛞𐙈 	 *554-*118			
1	𐛢𐘙 	 *560-RE			
1	𐝥𐚋 	 *805-*351			
1	𐝦𐙍 	 *806-VIN			
1	𐙅𐘾 	 *86-KA			
1	𐝆𐙕 	 *905-*301			
1	𐘇𐙕 	 A-*301			
1	𐘇𐘀 	 A-DA			
1	𐘇𐘦 	 A-DE			
1	𐘇𐘚 	 A-I	hand?		
1	𐘇𐘧 	 A-JE			
1	𐘇𐘶 	 A-JU			
1	𐘇𐘅 	 A-NA			
1	𐘇𐘯 	 A-NU			
1	𐘇𐘰 	 A-PA₃			
1	𐘇𐘢 	 A-PI			
1	𐘇𐘙 	 A-RE			
1	𐘇𐘤 	 A-SI			
1	𐘇𐘳 	 A-TA			
1	𐘇𐘹 	 A-TU			
1	𐜙𐜝 	 CYP+D-*304+PA			
1	𐘀𐙈 	 DA-*118	don deem	“judge”	
1	𐘀𐘀 	 DA-DA			
1	𐘀𐘸 	 DA-KI			
1	𐘀𐙂 	 DA-KU			
1	𐘀𐘰 	 DA-PA₃			
1	𐘀𐘴 	 DA-RA			
1	𐘀𐘹 	 DA-TU			
1	𐘀𐘮 	 DA-WA			
1	𐘦𐘆 	 DE-DI			
1	𐘦𐘻 	 DE-MI			
1	𐘦𐘯 	 DE-NU			
1	𐘦𐘲 	 DE-SU			
1	𐘆𐙚 	 DI-*306			
1	𐘆𐘦 	 DI-DE			
1	𐘆𐘆 	 DI-DI			
1	𐘆𐘸 	 DI-KI			
1	𐘆𐘤 	 DI-SI			
1	𐘬𐘱 	 DU-JA			
1	𐘬𐘶 	 DU-JU			
1	𐘬𐘾 	 DU-KA			
1	𐘬𐘴 	 DU-RA			
1	𐘬𐘭 	 DU-RI			
1	𐝃𐙕 	 E-*301			
1	𐘡𐙃 	 E-*82			
1	𐘡𐘾 	 E-KA			
1	𐘡𐘻 	 E-MI			
1	𐙉𐘰 	 GRA-PA₃			
1	𐙒𐙴 	 HIDE+[?]-*328			
1	𐘚𐙜 	 I-*308			
1	𐘚𐙷 	 I-*331			
1	𐘚𐘨 	 I-*47			
1	𐘚𐘦 	 I-DE			
1	𐘚𐘆 	 I-DI			
1	𐘚𐘸 	 I-KI			
1	𐘚𐙁 	 I-MA			
1	𐘚𐘅 	 I-NA			
1	𐘚𐙋 	 I-OLIV			
1	𐘚𐘢 	 I-PI			
1	𐘚𐘍 	 I-ZA			
1	𐘱𐙘 	 JA-*304			
1	𐘱𐚅 	 JA-*345			
1	𐘱𐘆 	 JA-DI			
1	𐘱𐘸 	 JA-KI			
1	𐘱𐙂 	 JA-KU			
1	𐘱𐘂 	 JA-PA			
1	𐘱𐘢 	 JA-PI			
1	𐘱𐘿 	 JA-QE			
1	𐘱𐘴 	 JA-RA			
1	𐘱𐘙 	 JA-RE			
1	𐘱𐘲 	 JA-SU			
1	𐘱𐘮 	 JA-WA			
1	𐘱𐘣 	 JA-WI			
1	𐘶𐘴 	 JU-RA			
1	𐘾𐙙 	 KA-*305			
1	𐘾𐘧 	 KA-JE			
1	𐘾𐘶 	 KA-JU			
1	𐘾𐙂 	 KA-KU			
1	𐘾𐘗 	 KA-NE			
1	𐘾𐘌 	 KA-QA			
1	𐘾𐘽 	 KA-RA₂			
1	𐘾𐘞 	 KA-SA			
1	𐘾𐘤 	 KA-SI			
1	𐘾𐘠 	 KA-TI			
1	𐘸𐙠 	 KI-*310			
1	𐘸𐘀 	 KI-DA			
1	𐘸𐘯 	 KI-NU			
1	𐘸𐘘 	 KI-RU			
1	𐘸𐘳 	 KI-TA			
1	𐘺𐘡 	 KO-E			
1	𐘺𐘱 	 KO-JA			
1	𐘺𐘕 	 KO-MU			
1	𐘺𐘘 	 KO-RU			
1	𐙂𐙙 	 KU-*305			
1	𐙂𐙭 	 KU-*321			
1	𐙂𐘀 	 KU-DA			
1	𐙂𐘾 	 KU-KA			
1	𐙂𐘝 	 KU-NI			
1	𐙂𐘰 	 KU-PA₃			
1	𐙂𐘢 	 KU-PI			
1	𐙂𐘳 	 KU-TA			
1	𐙁𐙭 	 MA-*321			
1	𐙁𐘚 	 MA-I			
1	𐙁𐘶 	 MA-JU			
1	𐙁𐘙 	 MA-RE			
1	𐙁𐘭 	 MA-RI			
1	𐙁𐘘 	 MA-RU			
1	𐙁𐘤 	 MA-SI			
1	𐙁𐘍 	 MA-ZA			
1	𐙁𐙀 	 MA-ZU			
1	𐘋𐙍 	 ME-VIN			
1	𐘻𐘀 	 MI-DA			
1	𐘻𐘱 	 MI-JA			
1	𐘻𐘾 	 MI-KA			
1	𐘻𐘅 	 MI-NA			
1	𐘻𐘗 	 MI-NE			
1	𐘻𐘙 	 MI-RE			
1	𐘻𐘳 	 MI-TA			
1	𐘻𐘠 	 MI-TI			
1	𐘕𐙢 	 MU-*312			
1	𐘅𐘸 	 NA-KI			
1	𐘅𐘤 	 NA-SI			
1	𐘅𐘠 	 NA-TI			
1	𐘗𐘔 	 NE-*22M			
1	𐘗𐘸 	 NE-KI			
1	𐘗𐘻 	 NE-MI			
1	𐘗𐘠 	 NE-TI			
1	𐘝𐘻 	 NI-MI			
1	𐘝𐘢 	 NI-PI			
1	𐘝𐘴 	 NI-RA			
1	𐘝𐘳 	 NI-TA			
1	𐘯𐘈 	 NU-SE			
1	𐘯𐘃 	 NU-TE			
1	𐘯𐘣 	 NU-WI			
1	𐘵𐘀 	 O-DA			
1	𐘵𐘻 	 O-MI			
1	𐘵𐘠 	 O-TI			
1	𐙖𐙛 	 OLE-*307			
1	𐙖𐘱 	 OLE-JA			
1	𐙖𐘳 	 OLE-TA			
1	𐘂𐘱 	 PA-JA			
1	𐘂𐜗 	 PA-OLE+MI			
1	𐘂𐘙 	 PA-RE			
1	𐘂𐘳 	 PA-TA			
1	𐘂𐘍 	 PA-ZA			
1	𐘰𐙓 	 PA₃-*188			
1	𐘰𐘡 	 PA₃-E			
1	𐘰𐘜 	 PA₃-PU₂			
1	𐘢𐙦 	 PI-*314			
1	𐘢𐘕 	 PI-MU			
1	𐘢𐘯 	 PI-NU			
1	𐘢𐘵 	 PI-O			
1	𐘫𐘦 	 PU-DE			
1	𐘫𐘺 	 PU-KO			
1	𐘜𐘽 	 PU₂-RA₂			
1	𐘜𐘙 	 PU₂-RE			
1	𐘌𐙈 	 QA-*118			
1	𐘌𐙙 	 QA-*305			
1	𐘌𐘸 	 QA-KI			
1	𐘌𐘗 	 QA-NE			
1	𐘌𐘫 	 QA-PU			
1	𐘌𐘘 	 QA-RU			
1	𐘌𐘞 	 QA-SA			
1	𐘿𐘠 	 QE-TI			
1	𐘿𐘹 	 QE-TU			
1	𐘏𐛻 	 QI-VIN+TE			
1	𐘴𐘋 	 RA-ME			
1	𐘴𐘭 	 RA-RI			
1	𐘴𐘃 	 RA-TE			
1	𐘽𐘬 	 RA₂-DU			
1	𐘽𐘠 	 RA₂-TI			
1	𐘙𐙅 	 RE-*86			
1	𐘙𐘁 	 RE-RO			
1	𐘙𐘞 	 RE-SA			
1	𐘙𐘲 	 RE-SU			
1	𐘙𐘷 	 RE-TA₂			
1	𐘙𐘹 	 RE-TU			
1	𐘭𐙙 	 RI-*305			
1	𐘭𐘱 	 RI-JA			
1	𐘁𐘡 	 RO-E			
1	𐘁𐘥 	 RO-KE			
1	𐘁𐘝 	 RO-NI			
1	𐘁𐘌 	 RO-QA			
1	𐘁𐛧 	 RO-VIR+KA			
1	𐘘𐘱 	 RU-JA			
1	𐘘𐙁 	 RU-MA			
1	𐘘𐘻 	 RU-MI			
1	𐘘𐘅 	 RU-NA			
1	𐘘𐘝 	 RU-NI			
1	𐘘𐘽 	 RU-RA₂			
1	𐘘𐘞 	 RU-SA			
1	𐘞𐘆 	 SA-DI			
1	𐘞𐘗 	 SA-NE			
1	𐘞𐘊 	 SA-PO			
1	𐘞𐘫 	 SA-PU			
1	𐘞𐘭 	 SA-RI			
1	𐘞𐘳 	 SA-TA			
1	𐘈𐙙 	 SE-*305			
1	𐘈𐘚 	 SE-I			
1	𐘈𐝕 	 SE-JE			
1	𐘈𐘤 	 SE-SI			
1	𐛋𐙈 	 SI+ME-KI-*118			
1	𐛉𐘝 	 SI+SE-NI			
1	𐛉𐛔 	 SI+SE-RA+KA			
1	𐛌𐙘 	 SI+TA2-*304			
1	𐘤𐛀 	 SI-*516			
1	𐘤𐘬 	 SI-DU			
1	𐘤𐙁 	 SI-MA			
1	𐘤𐘅 	 SI-NA			
1	𐘤𐘝 	 SI-NI			
1	𐘤𐘫 	 SI-PU			
1	𐘤𐘴 	 SI-RA			
1	𐘤𐙇 	 SI-VIR+[?]			
1	𐘲𐘬 	 SU-DU			
1	𐘲𐘸 	 SU-KI			
1	𐘲𐘂 	 SU-PA			
1	𐘲𐘜 	 SU-PU₂			
1	𐘲𐘙 	 SU-RE			
1	𐘳𐜅 	 TA-HIDE+B			
1	𐘳𐘱 	 TA-JA			
1	𐘳𐘥 	 TA-KE			
1	𐘳𐙁 	 TA-MA			
1	𐘳𐘻 	 TA-MI			
1	𐘳𐘗 	 TA-NE			
1	𐘳𐘂 	 TA-PA			
1	𐘳𐘢 	 TA-PI			
1	𐘳𐘴 	 TA-RA			
1	𐘳𐘳 	 TA-TA			
1	𐘳𐘉 	 TA-U			
1	𐘷𐙗 	 TA₂-CYP			
1	𐘃𐙌 	 TE-AROM			
1	𐘃𐛵 	 TE-GRA+F			
1	𐘃𐘱 	 TE-JA			
1	𐘃𐘥 	 TE-KE			
1	𐘃𐘝 	 TE-NI			
1	𐘃𐘃 	 TE-TE			
1	𐘃𐙀 	 TE-ZU			
1	𐘠𐙁 	 TI-MA			
1	𐘠𐘅 	 TI-NA			
1	𐘠𐘝 	 TI-NI			
1	𐘠𐘞 	 TI-SA			
1	𐘄𐘋 	 TO-ME			
1	𐘄𐘞 	 TO-SA			
1	𐘹𐙁 	 TU-MA			
1	𐘹𐘋 	 TU-ME			
1	𐘹𐘯 	 TU-NU			
1	𐘹𐘂 	 TU-PA			
1	𐘹𐘲 	 TU-SU			
1	𐘉𐘶 	 U-JU			
1	𐘉𐘸 	 U-KI			
1	𐘉𐘲 	 U-SU			
1	𐘉𐘷 	 U-TA₂			
1	𐘉𐘠 	 U-TI			
1	𐙍𐘻 	 VIN-MI			
1	𐙍𐘲 	 VIN-SU			
1	𐙍𐙍 	 VIN-VIN			
1	𐛧𐙍 	 VIR+KA-VIN			
1	𐙇𐙵 	 VIR+[?]-*329			
1	𐘮𐚖 	 WA-*362			
1	𐘮𐘃 	 WA-TE			
1	𐘣𐘬 	 WI-DU			
1	𐘣𐘱 	 WI-JA			
1	𐘣𐘢 	 WI-PI			
1	𐘣𐘞 	 WI-SA			
1	𐘍𐙭 	 ZA-*321			
1	𐙀𐘲 	 ZU-SU			
1	𐝆𐝄 	 ⅝			
1	𐝃𐝁 	 𐝃𐝁			
1	𐝃𐝆 	 𐝃𐝆			
1	𐝃𐝉 	 𐝃𐝉			
1	𐝃𐝋 	 𐝃𐝋			
1	𐝃𐝌 	 𐝃𐝌			
1	𐝄𐝇 	 𐝄𐝇			
1	𐝅𐝇 	 𐝅𐝇			
1	𐝆𐝀 	 𐝆𐝀			
1	𐝆𐝅 	 𐝆𐝅			
1	𐝆𐝆 	 𐝆𐝆			
1	𐝆𐝇 	 𐝆𐝇			
1	𐝈𐝃 	 𐝈𐝃			
1	𐝈𐝉 	 𐝈𐝉			
1	𐝕𐝁 	 𐝕𐝁			
1	𐝁𐝌 	 𐝫𐝁𐝌			
1	𐝃𐝃 	 𐝃𐝃𐝫			
1	𐝃𐝃 	 𐝫𐝃𐝃			
1	𐝃𐝉 	 𐝃𐝉𐝫			
1	𐝃𐝉 	 𐝫𐝃𐝉			
1	𐝆𐝆 	 𐝫𐝆𐝆			
1	𐝇𐝉 	 𐝇𐝉𐝫			
1	𐝉𐝋 	 𐝉𐝋𐝫			
1	𐘂𐘀 	 𐝫𐘂𐘀𐝫			
1	𐝃𐝃 	 𐝫𐝃𐝃𐝫			
1	𐝄𐝉 	 𐝫𐝄𐝉𐝫			
1	𐝕𐝉 	 𐝫𐝕𐝉𐝫			
1	𐙈𐘻𐘅 	 *118-MI-NA			
1	𐙓𐘬𐘈 	 *188-DU-SE			
1	𐘐𐘱𐘬 	 *21F-JA-DU			
1	𐙕𐘉𐘴 	 *301-U-RA			
1	𐜝𐙂𐘂 	 *304+PA-KU-PA			
1	𐙙𐘮𐘅 	 *305-WA-NA			
1	𐙚𐘸𐘷 	 *306-KI-TA₂			
1	𐙚𐘿𐘬 	 *306-QE-DU			
1	𐙚𐘹𐘱 	 *306-TU-JA			
1	𐙝𐘀𐘫 	 *309-DA-PU			
1	𐙝𐘶𐘸 	 *309-JU-KI			
1	𐙝𐘭𐘶 	 *309-RI-JU			
1	𐙞𐘸𐘫 	 *309B-KI-PU			
1	𐙞𐘭𐘶 	 *309B-RI-JU			
1	𐙟𐘀𐘶 	 *309C-DA-JU			
1	𐙟𐘘𐘾 	 *309C-RU-KA			
1	𐙢𐘃𐘃 	 *312-TE-TE			
1	𐙦𐘳𐙁 	 *314-TA-MA			
1	𐙩𐘿𐚍 	 *317-QE-*353			
1	𐙹𐘞𐘕 	 *333-SA-MU			
1	𐚏𐘡𐚎 	 *355-E-*354			
1	𐚯𐘲𐘫 	 *415-VS-SU-PU			
1	𐘨𐙂𐘅 	 *47-KU-NA			
1	𐝭𐘢𐘾 	 *810-PI-KA			
1	𐚢𐘌𐘰 	 *815-QA-PA₃			
1	𐙅𐘤𐘝 	 *86-SI-NI			
1	𐘇𐙱𐘍 	 A-*325-ZA			
1	𐘇𐙌𐘃 	 A-AROM-TE			
1	𐘇𐘀𐘴 	 A-DA-RA			
1	𐘇𐘀𐘁 	 A-DA-RO			
1	𐘇𐘆𐘗 	 A-DI-NE			
1	𐘇𐘬𐘙 	 A-DU-RE			
1	𐘇𐘬𐘍 	 A-DU-ZA			
1	𐘇𐘧𐘞 	 A-JE-SA			
1	𐘇𐘾𐘳 	 A-KA-TA			
1	𐘇𐘸𐘁 	 A-KI-RO			
1	𐘇𐙁𐘱 	 A-MA-JA			
1	𐘇𐘋𐙌 	 A-ME-AROM			
1	𐘇𐘻𐘳 	 A-MI-TA			
1	𐘇𐘂𐘸 	 A-PA-KI			
1	𐘇𐘰𐘆 	 A-PA₃-DI			
1	𐘇𐘴𐘶 	 A-RA-JU			
1	𐘇𐘴𐘹 	 A-RA-TU			
1	𐘇𐘭𐘱 	 A-RI-JA			
1	𐘇𐘭𐘂 	 A-RI-PA			
1	𐘇𐘭𐘲 	 A-RI-SU			
1	𐘇𐘁𐘃 	 A-RO-TE			
1	𐘇𐘘𐘴 	 A-RU-RA			
1	𐘇𐘞𐘽 	 A-SA-RA₂			
1	𐘇𐘈𐘱 	 A-SE-JA			
1	𐘇𐘤𐙈 	 A-SI-*118			
1	𐘇𐘲𐘱 	 A-SU-JA			
1	𐘇𐘳𐚊 	 A-TA-*350			
1	𐘇𐘳𐘦 	 A-TA-DE			
1	𐘇𐘳𐘅 	 A-TA-NA			
1	𐘇𐘳𐘙 	 A-TA-RE			
1	𐘇𐘠𐘘 	 A-TI-RU			
1	𐘇𐘮𐘢 	 A-WA-PI			
1	𐘇𐙀𐘴 	 A-ZU-RA			
1	𐙄𐘙𐘃 	 AU-RE-TE			
1	𐘀𐘬𐙕 	 DA-DU-*301			
1	𐘀𐘶𐘃 	 DA-JU-TE			
1	𐘀𐙂𐘅 	 DA-KU-NA			
1	𐘀𐙁𐘃 	 DA-MA-TE			
1	𐘀𐘻𐘯 	 DA-MI-NU			
1	𐘀𐘅𐘤 	 DA-NA-SI			
1	𐘀𐘅𐘹 	 DA-NA-TU			
1	𐘀𐘙𐙂 	 DA-RE-KU			
1	𐘀𐘁𐘂 	 DA-RO-PA			
1	𐘀𐘘𐙵 	 DA-RU-*329			
1	𐘀𐘳𐘴 	 DA-TA-RA			
1	𐘀𐘳𐘙 	 DA-TA-RE			
1	𐘀𐘉𐘪 	 DA-U-*49			
1	𐘦𐘶𐙂 	 DE-JU-KU			
1	𐘦𐘋𐘃 	 DE-ME-TE			
1	𐘆𐘱𐘚 	 DI-JA-I			
1	𐘆𐘾𐘸 	 DI-KA-KI			
1	𐘆𐘅𐘁 	 DI-NA-RO			
1	𐘆𐘂𐘱 	 DI-PA-JA			
1	𐘬𐙦𐘙 	 DU-*314-RE			
1	𐘬𐙌𐘇 	 DU-AROM-A			
1	𐘬𐘀𐙁 	 DU-DA-MA			
1	𐘬𐘋𐘆 	 DU-ME-DI			
1	𐘬𐘗𐘻 	 DU-NE-MI			
1	𐘬𐘰𐘅 	 DU-PA₃-NA			
1	𐘬𐘴𐘙 	 DU-RA-RE			
1	𐘬𐘙𐘍 	 DU-RE-ZA			
1	𐘬𐘭𐘃 	 DU-RI-TE			
1	𐘬𐘘𐘣 	 DU-RU-WI			
1	𐘬𐘲𐘝 	 DU-SU-NI			
1	𐘬𐘮𐘄 	 DU-WA-TO			
1	𐘬𐙀𐘮 	 DU-ZU-WA			
1	𐘡𐙂𐘘 	 E-KU-RU			
1	𐘡𐘅𐘤 	 E-NA-SI			
1	𐘡𐘷𐘿 	 E-TA₂-QE			
1	𐘡𐘄𐘭 	 E-TO-RI			
1	𐙉𐘠𐘡 	 GRA-TI-E			
1	𐘚𐘀𐘇 	 I-DA-A			
1	𐘚𐘀𐘀 	 I-DA-DA			
1	𐘚𐘀𐘻 	 I-DA-MI			
1	𐘚𐘬𐘠 	 I-DU-TI			
1	𐘚𐘱𐘂 	 I-JA-PA			
1	𐘚𐘱𐘃 	 I-JA-TE			
1	𐘚𐘸𐘴 	 I-KI-RA			
1	𐘚𐙂𐘢 	 I-KU-PI			
1	𐘚𐙂𐘳 	 I-KU-TA			
1	𐘚𐘅𐘮 	 I-NA-WA			
1	𐘚𐘘𐘱 	 I-RU-JA			
1	𐘚𐘳𐘱 	 I-TA-JA			
1	𐘚𐘮𐘱 	 I-WA-JA			
1	𐘱𐘀𐘲 	 JA-DA-SU			
1	𐘱𐘆𐘣 	 JA-DI-WI			
1	𐘱𐘸𐘰 	 JA-KI-PA₃			
1	𐘱𐙂𐘠 	 JA-KU-TI			
1	𐘱𐘂𐘌 	 JA-PA-QA			
1	𐘱𐘙𐘻 	 JA-RE-MI			
1	𐘱𐘞𐘱 	 JA-SA-JA			
1	𐘱𐘞𐘕 	 JA-SA-MU			
1	𐘱𐘞𐘞 	 JA-SA-SA			
1	𐘱𐘤𐘡 	 JA-SI-E			
1	𐘱𐘠𐙭 	 JA-TI-*321			
1	𐘱𐘄𐘱 	 JA-TO-JA			
1	𐘱𐘮𐘰 	 JA-WA-PA₃			
1	𐘱𐘮𐘢 	 JA-WA-PI			
1	𐘧𐘳𐘅 	 JE-TA-NA			
1	𐘾𐙦𐘤 	 KA-*314-SI			
1	𐘾𐘚𐘾 	 KA-I-KA			
1	𐘾𐘚𐘁 	 KA-I-RO			
1	𐘾𐘯𐘠 	 KA-NU-TI			
1	𐘾𐘂𐘿 	 KA-PA-QE			
1	𐘾𐘊𐘘 	 KA-PO-RU			
1	𐘾𐘙𐘁 	 KA-RE-RO			
1	𐘾𐘁𐘅 	 KA-RO-NA			
1	𐘾𐘞𐘘 	 KA-SA-RU			
1	𐘾𐘳𐘙 	 KA-TA-RE			
1	𐘥𐘶𐘻 	 KE-JU-MI			
1	𐘥𐘸𐘘 	 KE-KI-RU			
1	𐘥𐘤𐘃 	 KE-SI-TE			
1	𐘸𐙠𐘙 	 KI-*310-RE			
1	𐘸𐘀𐘳 	 KI-DA-TA			
1	𐘸𐘆𐘝 	 KI-DI-NI			
1	𐘸𐘸𐘅 	 KI-KI-NA			
1	𐘸𐙁𐘘 	 KI-MA-RU			
1	𐘸𐘻𐘽 	 KI-MI-RA₂			
1	𐘸𐘝𐙁 	 KI-NI-MA			
1	𐘸𐘙𐘍 	 KI-RE-ZA			
1	𐘸𐘭𐘤 	 KI-RI-SI			
1	𐘸𐘞𐘗 	 KI-SA-NE			
1	𐘸𐘳𐘚 	 KI-TA-I			
1	𐙂𐙁𐘶 	 KU-MA-JU			
1	𐙂𐙁𐘁 	 KU-MA-RO			
1	𐙂𐘋𐘳 	 KU-ME-TA			
1	𐙂𐘝𐘃 	 KU-NI-TE			
1	𐙂𐘂𐘱 	 KU-PA-JA			
1	𐙂𐘂𐘭 	 KU-PA-RI			
1	𐙂𐘂𐙀 	 KU-PA-ZU			
1	𐙂𐘰𐘰 	 KU-PA₃-PA₃			
1	𐙂𐘴𐘕 	 KU-RA-MU			
1	𐙂𐘘𐙂 	 KU-RU-KU			
1	𐙂𐘘𐙁 	 KU-RU-MA			
1	𐙂𐙀𐘅 	 KU-ZU-NA			
1	𐙁𐘚𐘻 	 MA-I-MI			
1	𐙁𐘘𐘇 	 MA-RU-A			
1	𐙁𐘤𐘬 	 MA-SI-DU			
1	𐙁𐘲𐘻 	 MA-SU-MI			
1	𐙁𐘃𐘙 	 MA-TE-RE			
1	𐙁𐘃𐘠 	 MA-TE-TI			
1	𐘋𐘸𐘆 	 ME-KI-DI			
1	𐘻𐘀𐘝 	 MI-DA-NI			
1	𐘻𐘀𐘴 	 MI-DA-RA			
1	𐘻𐘯𐘻 	 MI-NU-MI			
1	𐘻𐘍𐘈 	 MI-ZA-SE			
1	𐘅𐘐𐘗 	 NA-*21F-NE			
1	𐘅𐘇𐘰 	 NA-A-PA₃			
1	𐘅𐘀𐘙 	 NA-DA-RE			
1	𐘗𐘻𐘅 	 NE-MI-NA			
1	𐘝𐘱𐘯 	 NI-JA-NU			
1	𐘝𐘯𐘝 	 NI-NU-NI			
1	𐘯𐘬𐙷 	 NU-DU-*331			
1	𐘯𐘭𐘱 	 NU-RI-JA			
1	𐘵𐘃𐘱 	 O-TE-JA			
1	𐘂𐚂𐘚 	 PA-*342-I			
1	𐘂𐘀𐘝 	 PA-DA-NI			
1	𐘂𐘀𐘘 	 PA-DA-RU			
1	𐘂𐘚𐘸 	 PA-I-KI			
1	𐘂𐘅𐘹 	 PA-NA-TU			
1	𐘂𐘯𐘿 	 PA-NU-QE			
1	𐘂𐘭𐘦 	 PA-RI-DE			
1	𐘂𐘁𐘲 	 PA-RO-SU			
1	𐘂𐘳𐘀 	 PA-TA-DA			
1	𐘰𐘝𐘣 	 PA₃-NI-WI			
1	𐘰𐘤𐘨 	 PA₃-SI-*47			
1	𐘢𐙠𐘇 	 PI-*310-A			
1	𐘢𐘟𐘃 	 PI-*34-TE			
1	𐘢𐙂𐙀 	 PI-KU-ZU			
1	𐘢𐘳𐘱 	 PI-TA-JA			
1	𐘢𐘳𐘴 	 PI-TA-RA			
1	𐘢𐘃𐘭 	 PI-TE-RI			
1	𐘊𐘆𐘰 	 PO-DI-PA₃			
1	𐘫𐙁𐙂 	 PU-MA-KU			
1	𐘜𐘙𐘱 	 PU₂-RE-JA			
1	𐘌𐙈𐘞 	 QA-*118-SA			
1	𐘌𐘸𐘠 	 QA-KI-TI			
1	𐘌𐙂𐘙 	 QA-KU-RE			
1	𐘌𐘌𐘀 	 QA-QA-DA			
1	𐘌𐘽𐘮 	 QA-RA₂-WA			
1	𐘌𐘙𐘄 	 QA-RE-TO			
1	𐘌𐘠𐘶 	 QA-TI-JU			
1	𐘌𐘠𐘸 	 QA-TI-KI			
1	𐘿𐙂𐘙 	 QE-KU-RE			
1	𐘿𐘢𐘳 	 QE-PI-TA			
1	𐘿𐘽𐘱 	 QE-RA₂-JA			
1	𐘿𐘤𐘃 	 QE-SI-TE			
1	𐘿𐘲𐘫 	 QE-SU-PU			
1	𐘿𐘹𐘗 	 QE-TU-NE			
1	𐘴𐙐𐘠 	 RA-*164-TI			
1	𐘴𐙦𐘴 	 RA-*314-RA			
1	𐘴𐙁𐘤 	 RA-MA-SI			
1	𐘴𐘅𐘙 	 RA-NA-RE			
1	𐘴𐘭𐘦 	 RA-RI-DE			
1	𐘴𐘠𐘈 	 RA-TI-SE			
1	𐘴󽇫𐘠 	 RA-󽇫-TI			
1	𐘽𐘁𐘙 	 RA₂-RO-RE			
1	𐘙𐘇𐘱 	 RE-A-JA			
1	𐘙𐘆𐘈 	 RE-DI-SE			
1	𐘙𐘚𐘥 	 RE-I-KE			
1	𐘭𐘀𐘉 	 RI-DA-U			
1	𐘭𐘾𐘳 	 RI-KA-TA			
1	𐘭𐘻𐘤 	 RI-MI-SI			
1	𐘭𐘘𐙁 	 RI-RU-MA			
1	𐘭𐘳𐘧 	 RI-TA-JE			
1	𐘁𐘤𐘴 	 RO-SI-RA			
1	𐘘𐘚𐘺 	 RU-I-KO			
1	𐘘𐙀𐘅 	 RU-ZU-NA			
1	𐘞𐙕𐘭 	 SA-*301-RI			
1	𐘞𐙯𐘻 	 SA-*323-MI			
1	𐘞𐘱𐙁 	 SA-JA-MA			
1	𐘞𐙁𐘁 	 SA-MA-RO			
1	𐘞𐙁𐘠 	 SA-MA-TI			
1	𐘞𐘿𐘭 	 SA-QE-RI			
1	𐘞𐘴𐘆 	 SA-RA-DI			
1	𐘞𐘴𐘋 	 SA-RA-ME			
1	𐘞𐘴𐘴 	 SA-RA-RA			
1	𐘞𐘙𐘶 	 SA-RE-JU			
1	𐘞𐘁𐘿 	 SA-RO-QE			
1	𐘞𐘞𐘋 	 SA-SA-ME			
1	𐘈𐙂𐘹 	 SE-KU-TU			
1	𐘈𐘞𐘰 	 SE-SA-PA₃			
1	𐘈𐘤𐘳 	 SE-SI-TA			
1	𐘤𐝥𐘻 	 SI-*805-MI			
1	𐘤𐘀𐘁 	 SI-DA-RO			
1	𐘤𐘀𐘃 	 SI-DA-TE			
1	𐘤𐘆𐘱 	 SI-DI-JA			
1	𐘤𐘚𐘤 	 SI-I-SI			
1	𐘤𐘸𐘗 	 SI-KI-NE			
1	𐘤𐘸𐘴 	 SI-KI-RA			
1	𐘤𐘻𐘳 	 SI-MI-TA			
1	𐘤𐘃𐘹 	 SI-TE-TU			
1	𐘲𐘶𐘳 	 SU-JU-TA			
1	𐘲𐘜𐙓 	 SU-PU₂-*188			
1	𐘳𐙁𐘢 	 TA-MA-PI			
1	𐘳𐘅𐘃 	 TA-NA-TE			
1	𐘳𐘭𐘅 	 TA-RI-NA			
1	𐘳𐘞𐘍 	 TA-SA-ZA			
1	𐘷𐘳𐘙 	 TA₂-TA-RE			
1	𐘷𐘠𐘃 	 TA₂-TI-TE			
1	𐘃𐘱𐘙 	 TE-JA-RE			
1	𐘃𐘯𐘙 	 TE-NU-RE			
1	𐘠𐘀𐘳 	 TI-DA-TA			
1	𐘠𐘬𐘝 	 TI-DU-NI			
1	𐘠𐘝𐘳 	 TI-NI-TA			
1	𐘠𐘯𐘱 	 TI-NU-JA			
1	𐘠𐘠𐙁 	 TI-TI-MA			
1	𐘄𐘪𐘙 	 TO-*49-RE			
1	𐘹𐘶𐙁 	 TU-JU-MA			
1	𐘹𐘋𐘚 	 TU-ME-I			
1	𐘹𐘋𐘈 	 TU-ME-SE			
1	𐘹𐘂𐘭 	 TU-PA-RI			
1	𐘹𐘿𐘯 	 TU-QE-NU			
1	𐘹𐘘𐘞 	 TU-RU-SA			
1	𐘹𐘲𐘜 	 TU-SU-PU₂			
1	𐘉𐘦𐘍 	 U-DE-ZA			
1	𐘉𐘆𐘻 	 U-DI-MI			
1	𐘉𐘅𐘇 	 U-NA-A			
1	𐘉𐘅𐘾 	 U-NA-KA			
1	𐘉𐘅𐘅 	 U-NA-NA			
1	𐘉𐘯𐘐 	 U-NU-*21F			
1	𐘉𐘿𐘠 	 U-QE-TI			
1	𐘉𐘙𐘣 	 U-RE-WI			
1	𐘉𐘳𐘁 	 U-TA-RO			
1	𐘉𐘠𐘯 	 U-TI-NU			
1	𐙇𐙿𐙒 	 VIR+[?]-*339-HIDE+[?]			
1	𐙇𐚌𐘱 	 VIR+[?]-*352-JA			
1	𐘮𐘱𐘢 	 WA-JA-PI			
1	𐘮𐘵𐘻 	 WA-O-MI			
1	𐘣𐘆𐘅 	 WI-DI-NA			
1	𐘣𐘅𐘬 	 WI-NA-DU			
1	𐘣𐘃𐘁 	 WI-TE-RO			
1	𐘍𐘤𐙀 	 ZA-SI-ZU			
1	𐙀𐘓𐘆 	 ZU-*22F-DI			
1	𐙀𐘶𐘜 	 ZU-JU-PU₂			
1	𐄌𐘱𐘠 	 𐄌-JA-TI			
1	𐝀𐝁𐝁 	 𐝀𐝁𐝁			
1	𐝈𐝀𐝀 	 𐝫𐝈𐝀𐝀			
1	𐘐𐘭𐘹𐘌 	 *21F-RI-TU-QA			
1	𐜝𐘀𐘨𐙂 	 *304+PA-DA-*47-KU			
1	𐙝𐘭𐘮𐘶 	 *309-RI-WA-JU			
1	𐙞𐘟𐘫𐘢 	 *309B-*34-PU-PI			
1	𐙹𐘆𐘲𐘾 	 *333-DI-SU-KA			
1	𐘟𐘶𐘃𐘻 	 *34-JU-TE-MI			
1	𐚗𐘥𐙁𐘈 	 *363-KE-MA-SE			
1	𐚰𐘾𐘁𐘰 	 *416-VS-KA-RO-PA₃			
1	𐘨𐘯𐘴𐘱 	 *47-NU-RA-JA			
1	𐚢𐘂𐘳𐘿 	 *815-PA-TA-QE			
1	𐚢𐘲𐘰𐘴 	 *815-SU-PA₃-RA			
1	𐙅𐘤𐙈𐘾 	 *86-SI-*118-KA			
1	𐄂𐘚𐘬𐘣 	 *903-I-DU-WI			
1	𐘇𐘀𐘐𐘭 	 A-DA-*21F-RI			
1	𐘇𐘆𐘸𐘃 	 A-DI-KI-TE			
1	𐘇𐘺𐘇𐘗 	 A-KO-A-NE			
1	𐘇𐙂𐘻𐘅 	 A-KU-MI-NA			
1	𐘇𐙂𐘹𐚕 	 A-KU-TU-*361			
1	𐘇𐙁𐘴𐘗 	 A-MA-RA-NE			
1	𐘇𐙁𐘮𐘤 	 A-MA-WA-SI			
1	𐘇𐘻𐘀𐘵 	 A-MI-DA-O			
1	𐘇𐘻𐘀𐘉 	 A-MI-DA-U			
1	𐘇𐘂𐘬𐘂 	 A-PA-DU-PA			
1	𐘇𐘜𐘅𐘬 	 A-PU₂-NA-DU			
1	𐘇𐘴𐘅𐘙 	 A-RA-NA-RE			
1	𐘇𐘴𐘹𐘋 	 A-RA-TU-ME			
1	𐘇𐘴𐘉𐘀 	 A-RA-U-DA			
1	𐘇𐘙𐘀𐘚 	 A-RE-DA-I			
1	𐘇𐘙𐘞𐘅 	 A-RE-SA-NA			
1	𐘇𐘙𐘹𐘻 	 A-RE-TU-MI			
1	𐘇𐘘𐘀𐘴 	 A-RU-DA-RA			
1	𐘇𐘞𐘀𐘾 	 A-SA-DA-KA			
1	𐘇𐘞𐘕𐘗 	 A-SA-MU-NE			
1	𐘇𐘞𐘞𐘴 	 A-SA-SA-RA			
1	𐘇𐘈𐘙𐘍 	 A-SE-RE-ZA			
1	𐘇𐘈𐘹𐘐 	 A-SE-TU-*21F			
1	𐘇𐘤𐘸𐘴 	 A-SI-KI-RA			
1	𐘇𐘲𐘻𐙈 	 A-SU-MI-*118			
1	𐘇𐘲𐘫𐘮 	 A-SU-PU-WA			
1	𐘇𐘳𐘅𐘧 	 A-TA-NA-JE			
1	𐘇𐘳𐘅𐘃 	 A-TA-NA-TE			
1	𐘀𐘬𐙁𐘳 	 DA-DU-MA-TA			
1	𐘀𐘬𐘻𐘗 	 DA-DU-MI-NE			
1	𐘀𐘗𐙂𐘠 	 DA-NE-KU-TI			
1	𐘀𐘘𐘗𐘃 	 DA-RU-NE-TE			
1	𐘀𐘈𐘴𐘃 	 DA-SE-RA-TE			
1	𐘆𐘆𐘾𐘈 	 DI-DI-KA-SE			
1	𐘆𐘆𐘍𐘥 	 DI-DI-ZA-KE			
1	𐘆𐘴𐘆𐘅 	 DI-RA-DI-NA			
1	𐘆𐘙𐘆𐘅 	 DI-RE-DI-NA			
1	𐘆𐄉𐘠𐘬 	 DI-𐄉-TI-DU			
1	𐘬𐙁𐘚𐘅 	 DU-MA-I-NA			
1	𐘬𐘢𐘃𐘮 	 DU-PI-TE-WA			
1	𐘚𐘬𐘗𐘤 	 I-DU-NE-SI			
1	𐘚𐘱𐘂𐘋 	 I-JA-PA-ME			
1	𐘚𐙂𐘭𐘅 	 I-KU-RI-NA			
1	𐘚𐘻𐘞𐘴 	 I-MI-SA-RA			
1	𐘚𐘅𐘚𐘀 	 I-NA-I-DA			
1	𐘚𐘂𐘞𐘱 	 I-PA-SA-JA			
1	𐘚𐘞𐘭𐘥 	 I-SA-RI-KE			
1	𐘚𐘠𐘝𐘞 	 I-TI-NI-SA			
1	𐘱𐘆𐘸𐘹 	 JA-DI-KI-TU			
1	𐘱𐘬𐘴𐘠 	 JA-DU-RA-TI			
1	𐘱𐘚𐘩𐘍 	 JA-I-NWA-ZA			
1	𐘱𐙁𐘉𐘠 	 JA-MA-U-TI			
1	𐘱𐘻𐘀𐘙 	 JA-MI-DA-RE			
1	𐘱𐘘𐙁𐘗 	 JA-RU-MA-NE			
1	𐘱𐘞𐘞𐘴 	 JA-SA-SA-RA			
1	𐘱𐘤𐘀𐘴 	 JA-SI-DA-RA			
1	𐘱𐘠𐘹𐙂 	 JA-TI-TU-KU			
1	𐘾𐘇𐘤𐘃 	 KA-A-SI-TE			
1	𐘾𐘬𐙁𐘗 	 KA-DU-MA-NE			
1	𐘾𐙂𐘗𐘃 	 KA-KU-NE-TE			
1	𐘾𐘅𐘝𐘠 	 KA-NA-NI-TI			
1	𐘾𐘝𐘱𐘻 	 KA-NI-JA-MI			
1	𐘾𐘭𐙠𐘚 	 KA-RI-*310-I			
1	𐘾𐘤𐘇𐘃 	 KA-SI-A-TE			
1	𐘾𐘉𐘦𐘳 	 KA-U-DE-TA			
1	𐘾𐘉𐙀𐘝 	 KA-U-ZU-NI			
1	𐘸𐘸𐘴𐘱 	 KI-KI-RA-JA			
1	𐘸𐘳𐘝𐘃 	 KI-TA-NI-TE			
1	𐘺𐘇𐘬𐘮 	 KO-A-DU-WA			
1	𐘺𐘞𐘚𐘠 	 KO-SA-I-TI			
1	𐙂𐙂𐘀𐘴 	 KU-KU-DA-RA			
1	𐙂𐘰𐘭𐘱 	 KU-PA₃-RI-JA			
1	𐙂𐘹𐘺𐘙 	 KU-TU-KO-RE			
1	𐙁𐘾𐘚𐘈 	 MA-KA-I-SE			
1	𐙁𐘸𐘦𐘃 	 MA-KI-DE-TE			
1	𐙁𐘭𐘙𐘚 	 MA-RI-RE-I			
1	𐙁𐘳𐘭𐘳 	 MA-TA-RI-TA			
1	𐘋𐘻𐘱𐘘 	 ME-MI-JA-RU			
1	𐘻𐘀𐙁𐘽 	 MI-DA-MA-RA₂			
1	𐘻𐘸𐘞𐘗 	 MI-KI-SA-NE			
1	𐘻𐘸𐘈𐘅 	 MI-KI-SE-NA			
1	𐘅𐘹𐙕𐘗 	 NA-TU-*301-NE			
1	𐘵𐘽𐘆𐘗 	 O-RA₂-DI-NE			
1	𐘵𐘲𐘌𐘙 	 O-SU-QA-RE			
1	𐘂𐘀𐘲𐘠 	 PA-DA-SU-TI			
1	𐘂𐘞𐘭𐘱 	 PA-SA-RI-JA			
1	𐘰𐘾𐘴𐘠 	 PA₃-KA-RA-TI			
1	𐘢𐘻𐘅𐘃 	 PI-MI-NA-TE			
1	𐘢𐘘𐘡𐘶 	 PI-RU-E-JU			
1	𐘢𐘳𐘾𐘈 	 PI-TA-KA-SE			
1	𐘢𐘳𐘥𐘤 	 PI-TA-KE-SI			
1	𐘢𐘠𐘗𐘇 	 PI-TI-NE-A			
1	𐘫𐘝𐘾𐚗 	 PU-NI-KA-*363			
1	𐘌𐙈𐘴𐘙 	 QA-*118-RA-RE			
1	𐘌𐘞𐘴𐙂 	 QA-SA-RA-KU			
1	𐘌𐘠𐘀𐘃 	 QA-TI-DA-TE			
1	𐘿𐘠𐘴𐘬 	 QE-TI-RA-DU			
1	𐘴𐘸𐘝𐘈 	 RA-KI-NI-SE			
1	𐘴𐘅𐘹𐘲 	 RA-NA-TU-SU			
1	𐘴𐘵𐘆𐘸 	 RA-O-DI-KI			
1	𐘭𐘘𐙁𐘠 	 RI-RU-MA-TI			
1	𐘘𐘱𐘳𐘆 	 RU-JA-TA-DI			
1	𐘘𐙁𐘳𐘈 	 RU-MA-TA-SE			
1	𐘘𐘢𐙙𐘻 	 RU-PI-*305-MI			
1	𐘞𐘞𐘴𐘋 	 SA-SA-RA-ME			
1	𐘈𐘾𐘅𐘤 	 SE-KA-NA-SI			
1	𐘈𐘄𐘚𐘱 	 SE-TO-I-JA			
1	𐘈𐘮𐙄𐘦 	 SE-WA-AU-DE			
1	𐘤𐘹𐘽𐘙 	 SI-TU-RA₂-RE			
1	𐘲𐘸𐘭𐘳 	 SU-KI-RI-TA			
1	𐘳𐘅𐙁𐘧 	 TA-NA-MA-JE			
1	𐘳𐘯𐘕𐘠 	 TA-NU-MU-TI			
1	𐘳𐘢𐘤𐘆 	 TA-PI-SI-DI			
1	𐘃𐘋𐘀𐘚 	 TE-ME-DA-I			
1	𐘹𐘐𐘭𐘅 	 TU-*21F-RI-NA			
1	𐘹𐘋𐘂𐘱 	 TU-ME-PA-JA			
1	𐘹𐘂𐘆𐘀 	 TU-PA-DI-DA			
1	𐘹𐘈𐘲𐘸 	 TU-SE-SU-KI			
1	𐘉𐘆𐘭𐘸 	 U-DI-RI-KI			
1	𐘉𐘅𐘾𐘅 	 U-NA-KA-NA			
1	𐘉𐘳𐘚𐘈 	 U-TA-I-SE			
1	𐘉𐘳𐘚𐘤 	 U-TA-I-SI			
1	𐘮𐘹𐙁𐘙 	 WA-TU-MA-RE			
1	𐘣𐘞𐘞𐘗 	 WI-SA-SA-NE			
1	𐘣𐘃𐘱𐘕 	 WI-TE-JA-MU			
1	𐙀𐘭𐘝𐙁 	 ZU-RI-NI-MA			
1	𐝂𐝂𐝂𐝂 	 𐝂𐝂𐝂𐝂			
1	𐝃𐝏𐝏𐝏 	 𐝃𐝏𐝏𐝏𐝫			
1	𐙚𐘠𐘾𐘇𐘙 	 *306-TI-KA-A-RE			
1	𐙹𐘆𐘅𐘲𐘾 	 *333-DI-NA-SU-KA			
1	𐘇𐙕𐘸𐘳𐘇 	 A-*301-KI-TA-A			
1	𐘇𐘀𐘸𐘤𐘾 	 A-DA-KI-SI-KA			
1	𐘇𐘆𐘸𐘃𐘃 	 A-DI-KI-TE-TE			
1	𐘇𐘬𐙂𐘻𐘅 	 A-DU-KU-MI-NA			
1	𐘇𐘬𐘝𐘳𐘅 	 A-DU-NI-TA-NA			
1	𐘇𐘾𐘯𐘍𐘠 	 A-KA-NU-ZA-TI			
1	𐘇𐘸𐘢𐘡𐘃 	 A-KI-PI-E-TE			
1	𐘇𐙂𐘶𐘂𐙈 	 A-KU-JU-PA-*118			
1	𐘇𐘙𐘢𐘙𐘅 	 A-RE-PI-RE-NA			
1	𐘇𐘞𐘞𐝢𐘋 	 A-SA-SA-*802-ME			
1	𐘇𐘞𐘞𐘴𐘋 	 A-SA-SA-RA-ME			
1	𐘇𐘤𐘀𐘄𐘚 	 A-SI-DA-TO-I			
1	𐘇𐘤𐘲𐘊𐘇 	 A-SI-SU-PO-A			
1	𐘇𐘄𐚉𐘄𐘚 	 A-TO-*349-TO-I			
1	𐘇𐘹𐘭𐘤𐘠 	 A-TU-RI-SI-TI			
1	𐘀𐙂𐘈𐘗𐘠 	 DA-KU-SE-NE-TI			
1	𐘬𐘻𐘳𐘠𐘽 	 DU-MI-TA-TI-RA₂			
1	𐘚𐘱𐘙𐘆𐘱 	 I-JA-RE-DI-JA			
1	𐘚𐙂𐘶𐘠𐘛 	 I-KU-JU-TI-*28B			
1	𐘚𐘅𐘱𐘂𐘌 	 I-NA-JA-PA-QA			
1	𐘚𐘅𐘱𐘙𐘳 	 I-NA-JA-RE-TA			
1	𐘚𐘠𐘠𐙂𐘝 	 I-TI-TI-KU-NI			
1	𐘚𐙀𐘭𐘝𐘳 	 I-ZU-RI-NI-TA			
1	𐘱𐘸𐘤𐘸𐘯 	 JA-KI-SI-KI-NU			
1	𐘱𐘂𐘴𐘱𐘈 	 JA-PA-RA-JA-SE			
1	𐘱𐘞𐘞𐘴𐙁 	 JA-SA-SA-RA-MA			
1	𐘱𐘲𐙁𐘹𐙋 	 JA-SU-MA-TU-OLIV			
1	𐘸𐘦𐙁𐙯𐘅 	 KI-DE-MA-*323-NA			
1	𐙁𐘙𐘭𐘻𐘦 	 MA-RE-RI-MI-DE			
1	𐙁𐘠𐘍𐘚𐘃 	 MA-TI-ZA-I-TE			
1	𐘻𐘘𐘳𐘴𐘙 	 MI-RU-TA-RA-RE			
1	𐘅𐘐𐘗𐘻𐘅 	 NA-*21F-NE-MI-NA			
1	𐘵𐘳𐘝𐘍𐘈 	 O-TA-NI-ZA-SE			
1	𐘢𐘻𐘳𐘠𐘽 	 PI-MI-TA-TI-RA₂			
1	𐘌𐘸𐘈𐘯𐘠 	 QA-KI-SE-NU-TI			
1	𐘌𐘻𐘨𐘅𐘴 	 QA-MI-*47-NA-RA			
1	𐘴𐘸𐘳𐘅𐘤 	 RA-KI-TA-NA-SI			
1	𐘭𐘳𐙁𐘯𐘣 	 RI-TA-MA-NU-WI			
1	𐘤𐘬𐘟𐙂𐘻 	 SI-DU-*34-KU-MI			
1	𐘤𐘘𐙁𐘭𐘷 	 SI-RU-MA-RI-TA₂			
1	𐘤𐘤𐘍𐘗𐙠 	 SI-SI-ZA-NE-*310			
1	𐘳𐘚𐘯𐙁𐘂 	 TA-I-NU-MA-PA			
1	𐘳𐘅𐘚𐙕𐘠 	 TA-NA-I-*301-TI			
1	𐘳𐘅𐘲𐘃𐘥 	 TA-NA-SU-TE-KE			
1	𐘳𐘯𐘝𐘸𐘅 	 TA-NU-NI-KI-NA			
1	𐘠𐘆𐘃𐘌𐘠 	 TI-DI-TE-QA-TI			
1	𐘠𐙁𐘘𐘣𐘃 	 TI-MA-RU-WI-TE			
1	𐘹𐘻𐘠𐘍𐘈 	 TU-MI-TI-ZA-SE			
1	𐘹𐘘𐘯𐘈𐘋 	 TU-RU-NU-SE-ME			
1	𐘮𐘢𐘠𐘅𐘽 	 WA-PI-TI-NA-RA₂			
1	𐘣𐘴𐘙𐘻𐘃 	 WI-RA-RE-MI-TE			
1	𐘇𐘅𐘯𐘤𐘱𐘈 	 A-NA-NU-SI-JA-SE			
1	𐘇𐘅𐘠𐙕𐘮𐘱 	 A-NA-TI-*301-WA-JA			
1	𐘇𐘴𐘶𐘉𐘦𐘍 	 A-RA-JU-U-DE-ZA			
1	𐘇𐘞𐘲𐙁𐘚𐘈 	 A-SA-SU-MA-I-SE			
1	𐘇𐘳𐘚𐙕𐘦𐘾 	 A-TA-I-*301-DE-KA			
1	𐘇𐘳𐘚𐙕𐘮𐘡 	 A-TA-I-*301-WA-E			
1	𐘆𐘆𐘺𐘴𐘋𐘷 	 DI-DI-KO-RA-ME-TA₂			
1	𐘚𐘀𐘰𐘚𐘞𐘭 	 I-DA-PA₃-I-SA-RI			
1	𐘱𐘞𐘴𐘇𐘅𐘗 	 JA-SA-RA-A-NA-NE			
1	𐘱𐘳𐘚𐙕𐘉𐘱 	 JA-TA-I-*301-U-JA			
1	𐘱𐘉𐘂𐙁𐘚𐘀 	 JA-U-PA-MA-I-DA			
1	𐘅𐙁𐙁𐘠𐘠𐙫 	 NA-MA-MA-TI-TI-*904			
1	𐘂𐘳𐘀𐘬𐘜𐘙 	 PA-TA-DA-DU-PU₂-RE			
1	𐘲𐘸𐘭𐘃𐘚𐘱 	 SU-KI-RI-TE-I-JA			
1	𐘳𐘃𐘚𐘥𐘍𐘙 	 TA-TE-I-KE-ZA-RE			
1	𐘃𐘲𐘦𐘈𐘥𐘚 	 TE-SU-DE-SE-KE-I			
1	𐘉𐘅𐘾𐘅𐘤𐙖 	 U-NA-KA-NA-SI-OLE			
1	𐘉𐘅𐘘𐘾𐘱𐘤 	 U-NA-RU-KA-JA-SI			
1	𐘉𐘅𐘘𐘾𐘅𐘤 	 U-NA-RU-KA-NA-SI			
1	𐘉𐘅𐘘𐘾𐘅𐘠 	 U-NA-RU-KA-NA-TI			
1	𐘣𐘱𐘲𐙁𐘠𐘠 	 WI-JA-SU-MA-TI-TI			
1	𐙀𐙕𐘈𐘦𐘐𐙈 	 ZU-*301-SE-DE-*21F-*118			
1	𐘚𐙂𐘰𐘅𐘹𐘅𐘃 	 I-KU-PA₃-NA-TU-NA-TE			
1	𐘱𐘞𐘉𐘅𐘾𐘅𐘤 	 JA-SA-U-NA-KA-NA-SI			
1	𐘵𐘾𐘻𐘍𐘤𐘚𐘅 	 O-KA-MI-ZA-SI-I-NA			
1	𐘳𐘅𐘚𐙕𐘉𐘠𐘯 	 TA-NA-I-*301-U-TI-NU			
1	𐘳𐘅𐘴𐘃𐘉𐘠𐘯 	 TA-NA-RA-TE-U-TI-NU			
1	𐘉𐘾𐘙𐘇𐘈𐘤𐘅 	 U-KA-RE-A-SE-SI-NA			
1	𐘚𐘅𐘳𐘚𐙀𐘆𐘤𐘾 	 I-NA-TA-I-ZU-DI-SI-KA			
1	𐘱𐘆𐘸𐘃𐘃𐙛𐘜𐘙 	 JA-DI-KI-TE-TE-*307-PU₂-RE			
1	𐘱𐘆𐘸𐘃𐘃𐘬𐘜𐘙 	 JA-DI-KI-TE-TE-DU-PU₂-RE			
1	𐘭𐘿𐘠𐘇𐘞𐘞𐘴𐙱 	 RI-QE-TI-A-SA-SA-RA-*325			
1	𐘶𐙂𐘅𐘂𐙂𐘯𐘉𐘚𐙀 	 JU-KU-NA-PA-KU-NU-U-I-ZU			
1	𐘟𐘠𐘭𐘇𐘆𐘀𐘸𐘠𐘂𐙂 	 *34-TI-RI-A-DI-DA-KI-TI-PA-KU			
1	𐘇𐘾𐘴𐘸𐘳𐘅𐘤𐘱𐘈𐙇𐘍 	 A-KA-RA-KI-TA-NA-SI-JA-SE-VIR+[?]-ZA			
1	𐘇𐘴𐘺𐙂𐙀𐘮𐘞𐘄𐙁𐘁𐙄𐘳𐘦𐘊𐘝𐘍 	 A-RA-KO-KU-ZU-WA-SA-TO-MA-RO-AU-TA-DE-PO-NI-ZA			
1	𐘇𐘙𐘗𐘤𐘆𐙕𐘢𐘥𐘂𐘱𐘳𐘭𐘈𐘃𐘭𐘕𐘇𐘱𐙂 	 A-RE-NE-SI-DI-*301-PI-KE-PA-JA-TA-RI-SE-TE-RI-MU-A-JA-KU			