No 	English 	Turkish 	Eurasian	Kyrgyz (Cyrillic) 	Mongolian (Cyrillic) 	Oroqen (IPA) 	Manchu (MT) 	Korean (RRK) 	Kor PIE		Japanese (Hepburn romanization)												
1	I 	ben 	me, bin	Ğ¼ĞµĞ½ 	Ğ±Ğ¸ 	bi: 	bi 	na jeo 	ana(I) je!		watakushi, watashi, atashi ware ore												
2	you (sing.) 	sen 	sen, thine	ÑĞµĞ½, ÑĞ¸Ğ· 	Ñ‡Ğ¸ 	Êƒi: 	si 	neo geudae janae 	ni, youne		anata kimi omae												
3	he 	o 	der, er!	Ğ°Ğ» 	Ñ‚ÑÑ€ 	tarÉª, nÉ”:nin 	i, tere 	geu 	ghe		kare												
4	we 	biz 	we(s), mir	Ğ±Ğ¸Ğ· 	Ğ±Ğ¸Ğ´ 	bu:, mir 	be, muse 	uri jeohui(deul) 	ware vri wir! 		watashitachi wareware orera												
5	you (plural) 	siz 	Êƒu 	ÑĞ¸Ğ»ĞµÑ€, ÑĞ¸Ğ·Ğ´ĞµÑ€ 	Ñ‚Ğ° 	Êƒu 	suwe 	neohui(deul) 	ante ga/hui ğ“ˆ–ğ“ !!!		anatagata, kimitachi, omaera												
6	they 	onlar 	on, leur, 	Ğ°Ğ»Ğ°Ñ€ 	Ñ‚ÑĞ´ Ğ½Ğ°Ñ€ 	nÉ”:tÉªn 	ce, tese 	geudeul 			karera												
7	this 	bu 	ptu!	Ğ±ÑƒĞ», Ğ±Ñƒ, ÑƒÑˆÑƒĞ», Ğ±ĞµÑ€ĞºĞ¸ (this side), Ğ¼Ğ¾Ğ±Ñƒ 	ÑĞ½Ñ 	É™ri 	ere 	i 	(th)ee, ko*		kono (attr.), kore (subst.)												
8	that 	o ÅŸu ki (relative pronoun) 	der	Ñ‚Ğ¸Ğ³Ğ¸, Ğ¾ÑˆĞ¾, Ğ°Ñ€ĞºÑ‹ (that side) 	Ñ‚ÑÑ€ 	tarÉª 	tere 	geu (mesial) jeo (distal) 	ceu geu jeu sor there		sono (mesial), ano (distal) [attributive] sore (mesial), are (distal) [substantive]												
9	here 	burada 	obar da! Bei ort (*rada!)	Ğ¼Ñ‹Ğ½Ğ´Ğ°, Ğ±ÑƒĞ» Ğ¶ĞµÑ€Ğ´Ğµ 	ÑĞ½Ğ´ 	É™du 	uba 	yeogi 			koko												
10	there 	orada 	ort	Ñ‚Ğ¸Ğ³Ğ¸/Ğ¾ÑˆĞ¾Ğ» Ğ¶Ğ°ĞºÑ‚Ğ°, Ñ‚Ğ¸Ğ³Ğ¸/Ğ¾ÑˆĞ¾Ğ» Ğ¶ĞµÑ€Ğ´Ğµ, Ğ°Ğ½Ğ´Ğ°, Ñ‚ÑÑ 	Ñ‚ÑĞ½Ğ´ 	tadu 	tuba 	geogi (mesial) jeogi (distal) 			soko (mesial) asoko (distal)												
11	who 	kim 	quim	ĞºĞ¸Ğ¼ 	Ñ…ÑĞ½ 	ni: 	we 	nugu nuga (nom.) 	nvgwho		dare												
12	what 	ne 	phon, nar!	ÑĞ¼Ğ½Ğµ, Ğ½Ğµ 	ÑÑƒ 	ikun 	ai 	mueot 	Mwhat ++		nani												
13	where 	nerede 	an ort	ĞºĞ°Ğ¹Ğ´Ğ°, ĞºĞ°Ğ½Ğ° 	Ñ…Ğ°Ğ°Ğ½Ğ° 	ilÉ™, idu 	yabade, aibide 	eodi 	wodenn?		doko												
14	when 	ne zaman	in time, quan	ĞºĞ°Ñ‡Ğ°Ğ½ 	Ñ…ÑĞ·ÑÑ 	alÉª 	atanggi 	eonje 	whenje		itsu												
15	how 	nasÄ±l 		ĞºĞ°Ğ½Ğ´Ğ°Ğ¹, ĞºĞ°Ğ½Ñ‚Ğ¸Ğ¿ 	ÑĞ°Ğ¶ 	É”:n 	absi, adarame 	eotteohge, eojji 	howii 		ikani, ikaga dÅ												
16	not 	deÄŸil 	Nu, na, anti! Mis, bis, dis	ÑĞ¼ĞµÑ, Ğ¶Ğ¾Ğº 	Ğ±ÑƒÑ 	É™- 	waka, akÅ« 	ani, an eops- 	ani!		-na-, -nu na- ('be not (in a certain place), have not')												
17	all 	bÃ¼tÃ¼n, her 	pan, gâ€™monde	Ğ±Ğ°Ğ°Ñ€Ñ‹, Ğ±Ğ°Ñ€Ğ´Ñ‹Ğº, Ğ±Ò¯Ñ‚, Ğ±Ò¯Ñ‚ĞºÒ¯Ğ» 	Ğ±Ò¯Ñ…, Ğ±Ò¯Ñ‚ÑĞ½ 	banbÊŠr É”:rin 	eiten gemu 	da modeun (attr.), modu (adv.) mojori mongttang joeda on, ontong 	Tout-de Monde!		subete mina												
18	many 	Ã§ok 	manh- 	ĞºÓ©Ğ¿ 	Ğ¾Ğ»Ğ¾Ğ½ 	bara:n 	labdu geren 	manh- 	many		oo-												
19	some 	bazÄ± 	Peut ?	Ğ±Ğ¸Ñ€ Ğ½ĞµÑ‡Ğµ 	Ğ·Ğ°Ñ€Ğ¸Ğ¼ 	adÉª: 	ememu ududu 	eotteon 			ikuraka (uncountable), ikutsuka (countable) nanraka							Number 	Sino-Korean cardinals 	Native Korean cardinals			
20	few 	Az <> kÊ¿iÄÊ¿ ?	(f)ewz, some	Ğ°Ğ· 	Ñ…ÑĞ´Ñ…ÑĞ½, Ñ†Ó©Ó©Ñ…Ó©Ğ½ 	atÊƒÊŠkÊŠn 	komso 	jeog- jogeum, jom ('a few, a bit') 			sukuna- wazuka sukoshi ('a few, a bit')							Hanja 	Hangul 	Latin 	Hangul 	Latin	
21	other 	diÄŸer 	?	Ğ±Ğ°ÑˆĞºĞ° 	Ğ±ÑƒÑĞ°Ğ´ 	oÅ‹tu 	gÅ«wa 	dareun 			hoka							0	é›¶[1]/ç©º 	ì˜, ë ¹, ê³µ 	yeong, ryeong, gong 	â€” 	â€”
22	one 	bir 	Ğ±Ğ¸Ñ€  first	Ğ±Ğ¸Ñ€ 	Ğ½ÑĞ³ 	umun 	emu 	han (attr.), hana (subst.) 	hain		hito(tsu)	hersto (tzahl)	1	ä¸€ 	ichi / ã„ã¡ 	hito(tsu) / ã²ã¨ãƒ»ã¤ 	ichi	1	ä¸€ 	ì¼ 	il 	í•˜ë‚˜ 	hana
23	two 	iki 	secon, du!	ÑĞºĞ¸ 	Ñ…Ğ¾Ñ‘Ñ€ 	dÊ’u:r 	juwe 	du (attr.), dul (subst.) 	duo		futa(tsu)	Zfueita 2.	2	äºŒ 	ni / ã« 	futa(tsu) / ãµãŸãƒ»ã¤ 	ni	2	äºŒ 	ì´ 	i 	ë‘˜ 	dul
24	three 	Ã¼Ã§ 	thyrs, thres	Ò¯Ñ‡ 	Ğ³ÑƒÑ€Ğ°Ğ² 	Éªlan 	ilan 	se (attr.), ses (subst.) 	Se > san		mit(tsu)	Mitte !	3	ä¸‰ 	san / ã•ã‚“ 	mit(tsu) / ã¿ã£ãƒ»ã¤ 	san	3	ä¸‰ 	ì‚¼ 	sam 	ì…‹ 	set
25	four 	dÃ¶rt 	tetra, nau!	Ñ‚Ó©Ñ€Ñ‚ 	Ğ´Ó©Ñ€Ó©Ğ² 	diyin 	duin 	ne (attr.), nes (subst.) 	nau---		yot(tsu)	Fhyot 4.	4	å›› 	shi / ã— 	yon, yot(tsu) / ã‚ˆã‚“ã€ã‚ˆã£ãƒ»ã¤ 	yon	4	å›› 	ì‚¬ 	sa 	ë„· 	net
26	five 	beÅŸ 	pent, peth	Ğ±ĞµÑˆ 	bÉ™yÉ™ 	tÊŠÅ‹Å‹a 	sunja 	daseos 	2+3		itsu(tsu)	Whole 5.	5	äº” 	go / ã” 	itsu(tsu) / ã„ã¤ãƒ»ã¤ 	go	5	äº” 	ì˜¤ 	o 	ë‹¤ì„¯ 	daseot
	6							yeoseot	1-to-7			roku ğ“‡³	6	å…­ 	roku / ã‚ã 	mut(tsu) / ã‚€ã£ãƒ»ã¤ 	roku	6	å…­ 	ìœ¡, ë¥™ 	yuk, ryuk 	ì—¬ì„¯ 	yeoseot
	7							ilgop	???			nanna ğ“‡¸	7	ä¸ƒ 	shichi / ã—ã¡ 	nana(tsu) / ãªãªãƒ»ã¤ 	nana	7	ä¸ƒ 	ì¹  	chil 	ì¼ê³± 	ilgop
	8							Yeo.deol	------			(b)hacht!	8	å…« 	hachi / ã¯ã¡ 	yat(tsu) / ã‚„ã£ãƒ»ã¤ 	hachi	8	å…« 	íŒ” 	pal 	ì—¬ëŸ 	yeodeol
	9							ahop				kyÅ«  ãã‚…ã† 	9	ä¹ 	ku, kyÅ« / ã, ãã‚…ã† 	kokono(tsu) / ã“ã“ã®ãƒ»ã¤ 	kyÅ«	9	ä¹ 	êµ¬ 	gu 	ì•„í™‰ 	ahop
	10							yeol	yâ€™all ;)			tÅ / ã¨ãŠ 10	10	å 	jÅ« / ã˜ã‚…ã† 	tÅ / ã¨ãŠ 	jÅ« 	10	å 	ì‹­ 	sip 	ì—´ 	yeol
	100											Hyaku 100	100	ç™¾ 	hyaku / ã²ã‚ƒã 	(momo / ã‚‚ã‚‚) 	hyaku						
	1000											tau.send	1000	åƒ 	sen / ã›ã‚“ 	(chi / ã¡) 	sen						
	10000											many	10000	ä¸‡ 	man / ã¾ã‚“ 	(yorozu / ã‚ˆã‚ãš) 	man 						
27	big 	bÃ¼yÃ¼k 	Biiig, ample	Ñ‡Ğ¾Ò£ 	Ğ¸Ñ…, Ñ‚Ğ¾Ğ¼, Ò¯Ğ»ÑĞ³ 	É™gdiÅ‹É™ 	amba 	keu- 	keur goroÃŸ		ooki-												
28	long 	uzun 		ÑƒĞ·ÑƒĞ½ 	ÑƒÑ€Ñ‚ 	Å‹ÊŠnÊŠm 	golmin 	gil- 	goliath		naga-												
29	wide 	geniÅŸ 	Â¬eng!	ĞºĞµÒ£ 	Ó©Ñ€Ğ³Ó©Ğ½ 	É™Å‹Å‹É™l, aÉ£um, awam 	onco, letehun, leli 	neolb- 			hiro-												
30	thick 	kalÄ±n 		ĞºĞ°Ğ»Ñ‹Ò£ 	Ó©Ñ‚Ğ³Ó©Ğ½ 	dÉªram 	jiramin 	dukkeop-/dukkeow- gulg- jit- 	dick!		atsu- (of layers or depth) futo- (of diameter or circumference) ko-, koyu- (of concentration or density)												
31	heavy 	aÄŸÄ±r 	!	Ğ¾Ğ¾Ñ€ 	Ñ…Ò¯Ğ½Ğ´ 	urgÉ™ 	ujen 	mugeop-/mugeow- 	mugha!		omo-	Î©mog											
32	small 	kÃ¼Ã§Ã¼k 	chiculn! ğ“…± nietsh!	ĞºĞ¸Ñ‡Ğ¸Ğ½Ğµ, ĞºĞ¸Ñ‡Ğ¸Ğ½ĞµĞºĞµĞ¹, Ñ‡Ğ°ĞºĞ°Ğ½ 	Ğ¶Ğ¸Ğ¶Ğ¸Ğ³ 	nitÊƒukun 	ajige 	jag- 	chjÃ¼csa ğ“…± 		chÄ«sa-	chÄ«csa ğ“…± 											
33	short 	kÄ±sa 	Kurz / chiculn!	ĞºÑ‹ÑĞºĞ° 	Ğ°Ñ…Ğ°Ñ€, Ğ±Ğ¾Ğ³Ğ¸Ğ½Ğ¾ 	nÉ™ktÉ™kun, wurumkun 	foholon (of length) fangkala (of height) 	jjalb- 	Shalb ~ shorbt		mijika- (of length) hiku- (of height)	micro heighÂ¬											
34	narrow 	dar 	darben?	Ñ‚Ğ°Ñ€ 	Ğ½Ğ°Ñ€Ğ¸Ğ¹Ñ…Ğ°Ğ½ 	ÊƒilÉ™mkun 	hafirahÅ«n, is'heliyen 	job- 	chopped		sema-	semi											
35	thin 	ince 	~! winz 	Ğ¸Ñ‡ĞºĞµ, Ğ¶ÑƒĞºĞ° 	ÑˆĞ¸Ğ½Ğ³ÑĞ½ 	nÉ™mkun 	nekeliyen 	yalb- ganeul- Ã¸ yeolb- (color) mulg- 	halb, gelb!		usu- (of layers, depth, concentration, or density) hoso- (of diameter or circumference)												
36	woman 	kadÄ±n 	girl, kardin:work, ische, amne	Ğ°ÑĞ» 	ÑĞ¼ 	aÊƒÉª 	hehe 	gyejib 	gyne!		onna												
37	man (male) 	er, erkek 	ER! < vir san~sir	ÑÑ€ĞºĞµĞº 	ÑÑ€ 	É²Éªray 	haha   HERR	sanai, sanae 	senior, saram!		otoko												
38	man (human being) 	kiÅŸi ĞºĞ¸ÑˆĞ¸ Ğ°Ğ´Ğ°Ğ¼	<<	Ñ…Ò¯Ğ½, Ñ…Ò¯Ğ¼Ò¯Ò¯Ğ½ 	bÉ™yÉ™ 	niyalma 	saram nam ('another person, other people') nom ('guy') 	hito	siram, nam~man!														
39	child 	Ã§ocuk 	chiculn! ğ“…± 	Ğ±Ğ°Ğ»Ğ° 	Ñ…Ò¯Ò¯Ñ…ÑĞ´ 	kÉ”:kan 	jui 	ai, ae eorini 	chaiâ€™    å­©å­ hÃ¡izi		ko	ğ“ ğ“¤ ğ“€”											
40	wife 	karÄ± (eÅŸ) 	girl, kardin	Ğ°ÑĞ», ĞºĞ°Ñ‚Ñ‹Ğ½ 	Ñ…Ğ°Ğ½ÑŒ, Ğ°Ğ²Ğ³Ğ°Ğ¹ 	atÉªrkan 	sargan 	anae 	Anneâ„¢		tsuma												
41	husband 	koca (eÅŸ) 	HusHer?	ĞºÒ¯Ğ¹Ó©Ó©, ÑÑ€ 	Ğ½Ó©Ñ…Ó©Ñ€ 	É™tirkÉ™n 	eigen 	sanae ('man') nampyeon (< Chinese) 	senior, mnamn!		otto	;)											
42	mother 	anne 	ana, ama	ÑĞ½Ğµ, Ğ°Ğ¿Ğ° 	ÑÑ…, ÑÑĞ¶ 	É™nin 	eme, eniye 	eomeoni 			haha (hehe = woman)												
43	father 	baba 	papa, vata ! VS AMA!	Ğ°Ñ‚Ğ° 	ÑÑ†ÑĞ³, Ğ°Ğ°Ğ² 	amÉªn 	ama 	abeoji 			chichi												
44	animal 	hayvan 		Ğ¶Ğ°Ğ½Ñ‹Ğ±Ğ°Ñ€, Ğ°Ğ¹Ğ±Ğ°Ğ½, Ğ°Ò£ 	Ğ°Ğ¼ÑŒÑ‚Ğ°Ğ½ 	bÉ™yiÅ‹É™ 	aÅ¡Å¡ara jaka, ergengge (living things) 	jimseung è¡†ç”Ÿ 	 gene çœ¾ğ“‹¹ zoong ç”Ÿ		kemono, kedamono	commonğ“Šƒ|											
45	fish 	balÄ±k 	bei.lake (lâ€™aqua) !! uralic!	Ğ±Ğ°Ğ»Ñ‹Ğº 	Ğ·Ğ°Ğ³Ğ°Ñ 	É”lÉ” 	nimaha 	mulkkogi 	/		uo, io sakana												
46	bird 	kuÅŸ 	cuch! ğ“…± 	ĞºÑƒÑˆ 	ÑˆÑƒĞ²ÑƒÑƒ 	tÊƒinÉ™kÉ™ 	gas'ha ('large bird, fowl') cecike ('small bird, songbird') 	sae 	Tier â†		Tori !!	tyr *É¸atar txori Õ©Õ¼Õ¹Õ¸Ö‚Õ¶ tchirp Ø·ÙŠØ±â€, Ø¹ØµÙÙˆØ±â€  á¹­ayr											
47	dog 	it, kÃ¶pek 	Hunt : Ğ¸Ñ‚ ! KÃ¶ter 	Ğ¸Ñ‚ 	Ğ½Ğ¾Ñ…Ğ¾Ğ¹ 	Å‹anakin 	indahÅ«n 	gae 	guon		inu												
48	louse 	bit 	bit ~ beetle!	Ğ±Ğ¸Ñ‚ 	Ñ…ÑƒÑƒÑ€Ñ, Ğ±Ó©Ó©Ñ 	kuÅ‹kÉ™: 	cihe 	i 			shirami	krumm!!											
49	snake 	yÄ±lan 	schlange!! kÊŠlÉªn  curlen	Ğ¶Ñ‹Ğ»Ğ°Ğ½ 	Ğ¼Ğ¾Ğ³Ğ¾Ğ¹ 	kÊŠlÉªn 	meihe 	baem 	hebim?		hebi mi (Chinese zodiac)												
50	worm 	kurt 	Curled !	ĞºÑƒÑ€Ñ‚ 	Ó©Ñ‚ 	kÊŠlikan 	umiyaha 	beolle ('bug') jireong'i ('earthworm') 			mushi ('bug') mimizu ('earthworm')												
51	tree 	aÄŸaÃ§ 	Mwood ++, borke	Ğ±Ğ°Ğº, Ğ¶Ñ‹Ğ³Ğ°Ñ‡ (wood) 	Ğ¼Ğ¾Ğ´ 	mÉ”: 	moo, hailan 	namu 	na? æœ¨ mÃ¹		ki												
52	forest 	orman 	mÃ¹s æœ¨	Ñ‚Ğ¾ĞºĞ¾Ğ¹ 	Ğ¾Ğ¹ 	mÉ”:Êƒa 	bujan, weji 	sup 			mori	æœ¨ mÃ¹ moor 											
53	stick 	deÄŸnek, Ã§ubuk (rod) 	Ğ¼Ğ¾Ğ´ æœ¨	Ñ‚Ğ°ÑĞº, Ñ‡Ñ‹Ğ±Ñ‹Ğº 	Ğ¼Ğ¾Ğ´ 	lata 	mukÅ¡an 	makdaegi 			bÅ (< Chinese æ£’ bÃ ng) tsue ('walking stick')												
54	fruit 	yemiÅŸ meyve (Persian) 		Ğ¶ĞµĞ¼Ğ¸Ñˆ 	Ğ¶Ğ¸Ğ¼Ñ 	tubiÉ£É™ 	tubihe 	yeolmae 	pota!		kudamono mi												
55	seed 	tohum tane (Persian) 	ğ“‚‹ !!!	ÑƒÑ€ÑƒĞº, Ò¯Ñ€Ó©Ğ½ 	Ò¯Ñ€ 	urÉ™ 	use 	ssi 	Ssieed ++		tane mi												
56	leaf 	yaprak 	ğ“Œ¾ 	Ğ¶Ğ°Ğ»Ğ±Ñ‹Ñ€Ğ°Ğº 	Ğ½Ğ°Ğ²Ñ‡ 	abdana 	abdaha 	ip 	alâ€™iph leaf!		ha												
57	root 	kÃ¶k 		Ñ‚Ğ°Ğ¼Ñ‹Ñ€ 	ÑƒĞ³, Ò¯Ğ½Ğ´ÑÑ 	tÉ™kÉ™n 	fulehe, da 	ppuri 	bury?  æœ¬ bÄ›ne		ne	æœ¬ bÄ›nÃ©e !											
58	bark 	kabuk 	*karbe ĞºĞ¾Ñ€Ğ° (kora) barka	ĞºĞ°Ğ±Ñ‹Ğº 	Ñ…ÑƒÑ†Ğ°Ğ»Ñ‚, Ñ…Ğ¾Ğ»Ñ‚Ğ¾Ñ 	kÉ™:rÉ™, talu 	notho 	kkeopjil 	*karberk ĞºĞ¾Ñ€Ğ° 		kawa	++ cover+++											
59	flower 	Ã§iÃ§ek 	Sisil <<	Ğ³Ò¯Ğ» 	Ñ†ÑÑ†ÑĞ³ 	Éªlga, É²andÊ’a 	ilha 	kkoch 	èŠ±å„¿ huÄr 		hana	èŠ± huÄna											
60	grass 	ot 	cUT, ?	Ñ‡Ó©Ğ¿ 	Ó©Ğ²Ñ 	É”rÉ”ktÉ” 	orho 	pul 			kusa	kraussa											
61	rope 	ip 	ğ“› 	Ğ°Ñ€ĞºĞ°Ğ½ 	Ğ¾Ğ»Ñ 	uÊƒikÉ™n, ÊŠrkÊŠn 	futa 	batjul 			nawa												
62	skin 	ten, deri 	derma++	Ñ‚ĞµÑ€Ğ¸ 	Ğ°Ñ€ÑŒÑ 	nana, ilÉ™ 	sukÅ« 	salkkach gajug 	sukÅ«n! 		hada kawa	Haut cover!											
63	meat 	et 	meat! ĞœĞ°Ñ…/ÑÑ‚	ÑÑ‚ 	Ğ¼Ğ°Ñ…, Ñ…Ğ¾Ğ¾Ğ» 	ulÉ™ 	yali 	sal gogi 			niku (< Chinese è‚‰ rÃ²u) shishi												
64	blood 	kan 	sang!	ĞºĞ°Ğ½ 	Ñ†ÑƒÑ, ÑƒĞ³ÑĞ°Ğ° 	ÊƒÉ™:kÊƒÉ™ 	senggi 	pi 	pi.lad blood Â½ 		chi												
65	bone 	kemik 		ÑÓ©Ó©Ğº 	ÑÑ 	gÉªramna 	giranggi 	ppyeo 	Ppyeon ~ bone		hone	Bhone ++											
66	fat (noun) 	yaÄŸ 	yog(hurt)	Ğ¼Ğ°Ğ¹ 	(Ó©Ó©Ñ…) Ñ‚Ğ¾Ñ 	imukÊƒÉ™ 	tarhÅ«n 	gireum 	yoghur!		abura												
67	egg 	yumurta 	<< Â¬murt?	Ğ¶ÑƒĞ¼ÑƒÑ€Ñ‚ĞºĞ° 	Ó©Ğ½Ğ´Ó©Ğ³ 	ÊŠmÊŠkta 	umhan 	al 	algg		tamago	tarğ“…“eggo											
68	horn 	boynuz 		Ğ¼Ò¯Ğ¹Ò¯Ğ· 	ÑĞ²ÑÑ€, Ğ±Ò¯Ñ€ÑÑ 	i:gÉ™ 	uihe 	ppul 			tsuno	Zahn											
69	tail 	kuyruk 	<> curl?	ĞºÑƒĞ¹Ñ€ÑƒĞº 	ÑÒ¯Ò¯Ğ», Ğ³ÑĞ·ÑĞ³ 	irgi 	uncehen 	kkori kkorangji kkongji kkongmuni 			o shippo												
70	feather 	tÃ¼y 	tail! toll@ural	Ğ¶Ò¯Ğ½ 	Ó©Ğ´ 	ÊƒuptÊƒu 	dethe, funggala 	gis 			hane												
71	hair 	kÄ±l (in general) saÃ§ (of the head) 	sack	Ñ‚Ò¯Ğº (in general) Ñ‡Ğ°Ñ‡ (of the head) 	Ò¯Ñ 	É²uriktÉ™ 	funiyehe 	teol (in general) meori (of the head) 	tail, mÃ¤hne æ¯› mÃ¡ori 		ke (in general) kami (of the head)	kHer ğ“› Kamm ğ“†											
72	head 	baÅŸ, kafa , Ñ‚Ó©Ğ±Ó©	boss! Kopf++ TOP!	Ğ±Ğ°Ñˆ 	Ñ‚Ğ¾Ğ»Ğ³Ğ¾Ğ¹ 	dÉªl 	uju 	meori 	æ¯› mÃ¡o.Ris!		atama kashira kÅbe	KÅbe = Kopf											
73	ear 	kulak 	Khoures ++	ĞºÑƒĞ»Ğ°Ğº 	Ñ‡Ğ¸Ñ… 	ÊƒÉ›:n 	Å¡an 	gwi 	Gwear / dhear! ++		mimi												
74	eye 	gÃ¶z 	gaze ogeyes!	ĞºÓ©Ğ· 	Ğ½Ò¯Ğ´ 	yÉ›:Êƒa 	yasa 	nun 			me	meye											
75	nose 	burun 	hana~nasha	Ğ¼ÑƒÑ€ÑƒĞ½ 	Ñ…Ğ°Ğ¼Ğ°Ñ€ 	É”Å‹É”ktÉ” 	oforo 	ko  ğ“‹´ğ“ˆ–ğ“‚‰  	konase  ğ“ğ“ˆ–ğ“ğ“‚‰		hana	hanase											
76	mouth 	aÄŸÄ±z 	ğ“‚‹ !!! am/os	Ğ¾Ğ¾Ğ· 	Ğ°Ğ¼ 	amÅ‹a 	angga 	ib 	alâ€™iph Lippe		kuchi												
77	tooth 	diÅŸ 	Teeth +++	Ñ‚Ğ¸Ñˆ 	ÑˆÒ¯Ğ´ 	iktÉ™ 	weihe 	i 	(z)ain		ha	(z)hain											
78	tongue 	dil 	D << ++	Ñ‚Ğ¸Ğ» 	Ñ…ÑĞ» 	iÅ‹i 	ilenggu 	hyeo 	(z)hyeong		shita	èˆŒå¤´ shÃ©tou											
79	fingernail 	tÄ±rnak 	tir.nagel	Ñ‚Ñ‹Ñ€Ğ¼Ğ°Ğº 	Ñ…ÑƒĞ¼Ñ 	ÊŠÊƒÉªkta 	hitahÅ«n 	sontob 			tsume												
80	foot 	ayak 	bethe ğ“ƒ€ bal al.gan ğ“ƒ€ Ğ°ÑĞº ferse? 	Ğ°ÑĞº 	Ñ…Ó©Ğ» 	algan 	bethe 	bal 	bethe ğ“ƒ€ bal, boot!!		ashi												
81	leg 	bacak 	bacak! ğ“ƒ€	Ğ±ÑƒÑ‚ 	Ñ…Ó©Ğ» 	algan 	bethe 	dari 	darich~direc(tion),reg		ashi												
82	knee 	diz 	tÃ©rd@hun 	Ñ‚Ğ¸Ğ·Ğµ 	Ó©Ğ²Ğ´Ó©Ğ³ 	É™Å‹Å‹É™n 	tobgiya 	mureup 			hiza	knhiza											
83	hand 	el, kol (arm) 	Elle, Garbel	ĞºĞ¾Ğ» 	Ğ³Ğ°Ñ€ 	Å‹a:la 	gala, falanggÅ« (palm of the hand) 	son 	æ‰‹ shÇ’un.de		te												
84	wing 	kanat 	qwingas!! ĞºĞ°Ğ½~qwan!	ĞºĞ°Ğ½Ğ°Ñ‚ 	Ğ´Ğ°Ğ»Ğ°Ğ²Ñ‡ 	dÉ™ktilÉ™, aÊƒakÉª: 	as'ha 	nalgae 	???		tsubasa hane												
85	belly 	karÄ±n 	ğ“„¡ ÄrÄ›vo coeur-sack!	ĞºÑƒÑ€ÑĞ°Ğº, Ğ¸Ñ‡ 	Ğ³ÑĞ´ÑÑ 	gudÉ™: 	hefeli 	bae 	belly+		hara	chara ğ“„¡ !?!											
86	guts 	baÄŸÄ±rsak 	bags+ sacks	Ğ¸Ñ‡ĞµĞ³Ğ¸ 	Ğ³ÑĞ´ÑÑ 	ÊƒÉªlÊŠkta 	duha 	ae 	aeinner?		wata												
87	neck 	boyun 	neck nÉªkÉªmna 	Ğ¼Ğ¾ÑĞ½ 	Ñ…Ò¯Ğ·Ò¯Ò¯ 	nÉªkÉªmna 	monggon, gen 	mog 	nack(en)		kubi	kopp^^											
88	back 	arka, sÄ±rt 	ARC!	Ğ°Ñ€ĞºĞ° 	Ğ°Ñ€, Ğ½ÑƒÑ€ÑƒÑƒ 	ÊƒÉ”gdÉ”nÉ” 	fisa 	deung  ğ“‚§ ğ“ˆ–  Damm!	dumo@Romani Dinda		se												
89	breast 	meme, gÃ¶ÄŸÃ¼s 	mamma chestum!	ĞºÓ©ĞºÒ¯Ñ€Ó©Ğº ('chest') ÑĞ¼Ñ‡ĞµĞº ('breast') 	Ğ¼ÑÑĞ¼, Ñ…Ó©Ñ… 	ukun 	tunggen (chest) huhun (breasts) 	gaseum ('chest') jeoj ('breast') 	gaseum ('chest')		mune ('chest') chichi ('breast')	mamma, chest											
90	heart 	yÃ¼rek 	coeur ÑÒ¯Ñ€ÑÑ… ++	Ğ¶Ò¯Ñ€Ó©Ğº 	Ğ·Ò¯Ñ€Ñ… 	mÉ›É£an 	niyaman 	yeomtong 	som ğ“„¥		shinzÅ (å¿ƒè‡Ÿ ) kokoro (mind')	coeuro!											
91	liver 	karaciÄŸer 	liBoor	Ğ±Ğ¾Ğ¾Ñ€ 	ÑĞ»ÑĞ³ 	a:kin 	fahÅ«n 	gan (< Chinese è‚ 'liver') 	ğ“¬ â™€ğ“‹¹ ç”Ÿ gen/san		kanzÅ (< Chinese è‚è‡Ÿ 'hepatic organ') kimo	ğ“¬ â™€ğ“‹¹ ç”Ÿ gen/zoon											
92	to drink 	iÃ§mek 	â€¦make! ğ“‚‹ Nomnom;)	Ğ¸Ñ‡- 	ÑƒÑƒÑ… 	um- 	omi- 	masi- 	mâ€™esse;)		nom-	Nomnom ;)											
93	to eat 	yemek 	â€¦make!	Ğ¶Ğµ- 	Ğ¸Ğ´ÑÑ… 	dÊ’É™b- 	je-/jefu ('eat!') 	meog- 	messe, mÃ¶ge		kuw- tabe- (â€˜to have')	kauw, toâ€™habe!!!											
94	to bite 	Ä±sÄ±rmak 	Ğ«Ñ‚ bisser make! snack	Ñ‚Ğ¸ÑˆÑ‚Ğµ- 	ÑƒÑ€Ğ°Ñ…, Ñ…Ğ°Ğ·Ğ°Ñ… 	kÉªk- 	sai- 	mul- 	maul!		kam-	kauem											
95	to suck 	emmek 	mamma	ÑĞ¼-, ÑĞ¾Ñ€- 	Ñ…Ó©Ñ…Ó©Ñ… 	lÊŠpkÊŠ- 	goci- 	ppal- 	---		suw-	suwck!											
96	to spit 	tÃ¼kÃ¼rmek 	â€¦make!	Ñ‚Ò¯ĞºÒ¯Ñ€- 	Ğ½ÑƒĞ»Ğ¸Ğ¼Ğ°Ñ… 	tÉ™: 	cifele- 	baet- 	beat, part!		hak-	hack!											
97	to vomit 	kusmak 	kotzâ€¦make! ++	ĞºÑƒÑ- 	Ğ±Ó©Ó©Ğ»Ğ¶Ğ¸Ñ… 	iÊƒÉ™- 	fuyakiya-, oksi-, juru- 	ge'u- 			hak-	hackotz!											
98	to blow 	esmek, Ã¼flemek 		Ò¯Ğ¹Ğ»Ó©- 	Ò¯Ğ»ÑÑÑ… 	u:- 	fulgiye- 	bul- 	Bulow ~ blow		fuk-												
99	to breathe 	soluk almak, nefes almak 	aĞ´ĞµĞ¼ atem ++	Ğ´ĞµĞ¼ Ğ°Ğ»- 	Ğ°Ğ¼ÑŒÑĞ³Ğ°Ğ»Ğ°Ñ… 	É™ri:- 	ergen gai- 	(sum)swi- 			iki-o suru												
100	to laugh 	gÃ¼lmek 	jol, ĞºÒ¯Ğ» kill;)	ĞºÒ¯Ğ»-, ĞºĞ°Ñ‚ĞºÑ‹Ñ€- 	Ğ¸Ğ½ÑÑÑ…, Ñ…Ó©Ñ…Ñ€Ó©Ñ… 	iÉ²É™- 	inje- 	us- 			waraw-												
101	to see 	gÃ¶rmek 	eygÃ¶r! Sseeh Ò¯Ğ·ÑÑ… 	ĞºÓ©Ñ€- 	Ò¯Ğ·ÑÑ… 	itÊƒÉ™- 	sabu- 	bo- 	voy		mi-	moy											
103	to hear 	duymak 	sâ€™Dm!	ÑƒĞº- 	ÑĞ¾Ğ½ÑĞ¾Ñ…, Ğ´ÑƒÑƒĞ»Ğ°Ñ… 	dÉ”:ldi- 	donji- 	deut-/deur- 	dhear!		kik-												
104	to know 	bilmek 	saba! Savoir	Ğ±Ğ¸Ğ»- 	Ğ¼ÑĞ´ÑÑ… 	Êƒa:- 	sa- 	al- 			shir-	scirâ„¢											
106	to think 	dÃ¼ÅŸÃ¼nmek 	ÅÃ¼n saengga think!!!	Ğ¾Ğ¹Ğ»Ğ¾- 	Ğ±Ğ¾Ğ´Ğ¾Ñ… 	bÉ”dÉ”- 	gÅ«ni-, bodo- 	saenggak-ha- 	Î´enkek		omow-	Omm omown.ta 											
105	to smell 	koklamak 		Ğ¶Ñ‹Ñ‚Ñ‚Ğ°- 	Ò¯Ğ½ÑÑ€Ğ»ÑÑ… 	Å‹É”kÉ”- 	wangkiya- 	mat- ('to sense (a smell)') punggi- ('to emit (a smell)') 	Mat?? pugnant!		kag- ('to sense a smell, to sniff') niow- ('to emit a smell')												
102	to fear 	korkmak 	<<	ĞºĞ¾Ñ€Ğº- 	Ğ°Ğ¹Ñ… 		gele- olho- golo- 	duryeowo ha- museowo ha- 			osore- kowagar-												
107	to sleep 	uyumak 	haia,nickt ++	ÑƒĞºÑ‚Ğ°- 	ÑƒĞ½Ñ‚Ğ°Ñ…, Ğ½Ğ¾Ğ¹Ñ€ÑĞ¾Ñ… 	a:ÊƒÉªn- 	amga- Å¡abura- 	ja- 			nemur- ne-	nÃ©e											
108	to live 	yaÅŸamak 	Yashen <<	Ğ¶Ğ°ÑˆĞ°- 	Ğ°Ğ¼ÑŒĞ´Ñ€Ğ°Ñ… 	i:nikin 	banji- 	sal- 	ğ“‹¹ ç”Ÿ san/salive!		iki-												
109	to die 	Ã¶lmek 	mÃ¶râ†’Ã¶l? Old	Ó©Ğ»- 	Ò¯Ñ…ÑÑ… 	bu- 	buce- 	jug- 			shin-	å°¸ shÄ« scheiden	++										
110	to kill 	Ã¶ldÃ¼rmek 	old!	Ó©Ğ»Ñ‚Ò¯Ñ€- 	Ğ°Ğ»Ğ°Ñ… 	wa:- 	wa- 	jugi- 			koros-	â›° cair<>keil/kill	++										
111	to fight 	savaÅŸmak 	warus++ vuruÅŸmaq,dÃ¶yÃ¼ÅŸmÉ™k 	ÑĞ¾Ğ³ÑƒÑˆ-, Ğ¼ÑƒÑˆÑ‚Ğ°Ñˆ- 	Ğ±Ğ°Ğ¹Ğ»Ğ´Ğ°Ñ…, Ğ·Ğ¾Ğ´Ğ¾Ğ»Ğ´Ğ¾Ñ… 	wa:ldÉª- 	afa- 	ssau- 	<>		tatakaw-	<>											
112	to hunt 	avlamak 	abala- 	ÑƒÑƒĞ»Ğ°- 	Ğ°Ğ²Ğ»Ğ°Ñ… 	bÉ™yu:- 	abala- 	Sanyang-ga/ha å±±è¡Œ sanhaeng 	å±± Schuntze-go â›° 		kar-	â›° 	++										
113	to hit 	vurmak, patlamak, ÑĞ¾Ğ³Ğ°Ñ€	beatle, charge	ÑƒÑ€-, ÑĞ¾Ğº- 	Ñ†Ğ¾Ñ…Ğ¸Ñ…, Ğ±Ğ°Ğ»Ğ±Ğ°Ñ… 	mÊŠnda:- 	tanta- 	chi- ttaeri- dudeuri- galgi- 			ut-, but- uchitsuke-, buttsuke-, butsuke- tatak-, hatak- nagur- tsuk- atar- (v.i.), ate- (v.t.)	beat 	++										
114	to cut 	kesmek 	ĞšĞµÑ ~ cut	ĞºĞµÑ-, ĞºÑ‹Ñ€Ğº-, Ñ‚Ğ¸Ğ»- 	Ğ¾Ğ³Ñ‚Ğ»Ğ¾Ñ…, Ñ…ÑÑÑĞ³Ğ»ÑÑ… 	dÊ’ig- 	faita- furu- 	be- jareu-/jall- 			kir- tat- kar- nag-	carve! Notch tcat	++-										
115	to split 	yarmak 	yaw!	Ğ±Ó©Ğ»-, Ğ°Ğ¶Ñ‹Ñ€Ğ°Ñ‚-, Ğ¶Ğ°Ñ€- (of firewood) 	Ñ…Ğ°Ğ³Ğ°Ğ»Ğ°Ñ…, ÑÑ€Ğ°Ñ… 	i:wÉ™:- 	delhebu- dendebu- 	gareu-/gall- 	Gwar-  < gpar!		war-												
116	to stab 	batÄ±rmak 	Bat! <> beat, push	ÑĞ°Ğ¹- 	Ñ…ÑƒÑ‚Ğ³Ğ°Ğ»Ğ°Ñ…, ÑˆĞ°Ğ°Ñ… 	gÉªdala:- 	toko- gidala- (with a spear) huwesile- (with a dagger) 	jjireu-/jjill- 			sas- tsuk-												
117	to scratch 	tÄ±rnamak Ã§izmek 		Ñ‚Ñ‹Ñ€Ğ¼Ğ°- 	Ğ¼Ğ°Ğ°Ğ¶Ğ¸Ñ… 	ÊŠkÉª:- 	waÅ¡a- wasihala- 	geulg- halkwi- 	chalkwi ğ“ˆ”		kak-	kalk ğ“ˆ”											
118	to dig 	kazmak 	Kaspian, kratz, carve	ĞºĞ°Ğ·- 	Ğ¼Ğ°Ğ»Ñ‚Ğ°Ñ… ÑƒÑ…Ğ°Ñ… 	ulÉ™:- 	fete- 	pa- 			hor-	âˆšchorve											
119	to swim 	yÃ¼zmek 	<> juice!	ÑÒ¯Ğ·- 	ÑÑĞ»ÑÑ… 	É™lbi- 	ebiÅ¡e- muke selbi- 	he- 			oyog-												
120	to fly 	uÃ§mak 		ÑƒÑ‡- 	Ğ½Ğ¸ÑÑÑ… 	dÉ™yli- dÉ™g- 	deye- 	nal- 			tob-												
121	to walk 	yÃ¼rÃ¼mek 	jire++	Ğ±Ğ°Ñ- 	Ğ°Ğ»Ñ…Ğ°Ñ… 	girani- 	okso- yabu- 	geot-/geor- 			aruk-	airukgo!											
122	to come 	gelmek 	kel,koâ€™ +	ĞºĞµĞ»- 	Ğ¸Ñ€ÑÑ… 	É™mÉ™- 	ji- 	o- 	(c)o!		ko-, ku-	coâ€™me											
123	to lie 	yatmak 	shut	Ğ¶Ğ°Ñ‚- 	Ñ…ÑĞ²Ñ‚ÑÑ… 	ulÉ™:- 	dedu- 	nup-/nuw- 	noptial nove ğ“‚‰		ne- yokotawar-												
124	to sit 	oturmak 	<<>> 	Ğ¾Ñ‚ÑƒÑ€- 	ÑÑƒÑƒÑ… 	tÉ™: 	te- 	anj- 	hinsi.te		suwar-												
125	to stand 	durmak 	Dura, turm!! ++	Ñ‚ÑƒÑ€- 	Ğ·Ğ¾Ğ³ÑĞ¾Ñ… 	ÉªlÉª- 	ili- 	seo- 	steo		tat-	Stat! ++											
126	to turn 	dÃ¶nmek 	turn.make  Ğ±ÑƒÑ€+dÃ¶n QED	Ğ±ÑƒÑ€-, Ğ±ÑƒÑ€ÑƒĞ»- 	ÑÑ€Ğ³ÑÑ… 	ukukin- 	forgoÅ¡o- 	dol- 	Dor ~ turn		mawar-												
127	to fall 	dÃ¼ÅŸmek 	dussel, kill <<	ĞºÑƒĞ»Ğ°-, Ñ‚Ò¯Ñˆ-, Ğ¶Ñ‹Ğ³Ñ‹Ğ»- 	ÑƒĞ½Ğ°Ñ… 	tik- 	tuhe- 	tteoleoji- 	fteol		ochi-												
128	to give 	vermek 	fair, dar, poner	Ğ±ĞµÑ€- 	Ó©Ğ³Ó©Ñ… 	bu:- 	bu- 	ju- 			okur- yar- kure- age- kudasar- tamaw- atae-												
129	to hold 	tutmak 	grab++	ĞºĞ°Ñ€Ğ¼Ğ°- 	Ğ±Ğ°Ñ€Ğ¸Ñ… 	dÊ’É”:tÊƒa- 	jafa- 	jab- deul- gaji- 	geb dar		mot-												
130	to squeeze 	ezmek 	sq.ez	ÑÑ‹Ğº- 	ÑˆĞ°Ñ…Ğ°Ñ… 	Êƒir- 	hafita- 	jja- 			shibor- shime- mom-												
131	to rub 	ovmak 	oÃ½ka<>eyes qed	Ñ‹ÑˆĞºÑ‹-, ÑƒĞºĞ°Ğ»Ğ°- 	Ò¯Ñ€ÑÑ… 	iki- 	monji-, monjira- 	munjireu-/munjill- 			sur- kosur- nasur- mom-												
132	to wash 	yÄ±kamak 	jew!  Ã½uwmak 	Ğ¶ÑƒÑƒ- 	ÑƒĞ³Ğ°Ğ°Ñ… 	ÊƒÉªlkÉª- 	obo- 	ppal- ssis- 			araw-												
133	to wipe 	silmek 	wish+  awÊŠ- fu	Ğ°Ğ°Ñ€Ñ‡Ñ‹-, ÑÒ¯Ñ€Ñ‚- 	Ğ°Ñ€Ñ‡Ğ¸Ñ… 	awÊŠ- 	fu- (loanword from Chinese?) mabula- 	dakk- humchi- 			fuk- nuguw-												
134	to pull 	Ã§ekmek 	Track, Tata <> tau?	Ñ‚Ğ°Ñ€Ñ‚-, Ñ‡Ğ¾Ğ¹- 	Ñ‚Ğ°Ñ‚Ğ°Ñ… 	ta:n- 	tata- 	kkeul- 			hik-												
135	to push 	itmek 	treat? An	Ñ‚Ò¯Ñ€Ñ‚- 	Ñ‚Ò¯Ğ»Ñ…ÑÑ…, Ñ‡Ğ¸Ñ…ÑÑ… 	ana- 	ana- 	mil- 			os-												
136	to throw 	atmak 		Ñ‹Ñ€Ğ³Ñ‹Ñ‚-, Ñ‚Ğ°ÑˆÑ‚Ğ°- 	Ñ…Ğ°ÑÑ…, ÑˆĞ¸Ğ´ÑÑ… 	garÊŠnda:- 	makta- waliyabu- 	deonji- 			nage-												
137	to tie 	baÄŸlamak 	<< burgle â€¦ ?	Ğ±Ğ°Ğ¹Ğ»Ğ°- 	ÑƒÑÑ…, Ğ±Ğ°Ğ³Ğ»Ğ°Ñ… 	u:yi-, É™rkÉ™- 	huthu- hÅ«waita- 	mae- 			musub-												
138	to sew 	dikmek 	Tack! Stick ++	Ñ‚Ğ¸Ğº- 	Ğ¾Ñ‘Ñ…, Ñ…Ğ°Ğ´Ğ°Ñ… 	uli:- 	ufi- 	gip-/giw- 			nuw-												
139	to count 	saymak 	say~ zÃ¤hl ~count ~ÑĞ°Ğ½Ğ° total !!	ÑĞ°Ğ½Ğ°- 	Ñ‚Ğ¾Ğ¾Ğ»Ğ¾Ñ… 	taÅ‹- 	tolo- 	se- 	ZÃ¤hl <> scri`		kazoe-												
140	to say 	sÃ¶ylemek 	say~sÃ¶y~sell!	Ğ°Ğ¹Ñ‚-, Ğ´Ğµ- 	Ñ…ÑĞ»ÑÑ…, Ó©Ğ³Ò¯Ò¯Ğ»ÑÑ… 	un-, gun- 	hendu- gisure- se- 	mal-ha- ha- 	maul!		iw- mÅs- (polite) mÅshiage- (humble) osshar- (colloquial honorific) notamaw- (colloquial sarcastic honorific or literary honorific)												
141	to sing 	ÅŸarkÄ± sÃ¶ylemek 	Ucule-le ;)	Ñ‹Ñ€Ğ´Ğ°- 	Ğ´ÑƒÑƒĞ»Ğ°Ñ… 	dÊ’a:nda- 	ucule- 	norae-ha- 			utaw-												
142	to play 	oynamak 	ğ“ ! n-m-k / g-m-n	Ğ¾Ğ¹Ğ½Ğ¾- 	Ğ½Ğ°Ğ°Ğ´Ğ°Ñ…, Ñ‚Ğ¾Ğ³Ğ»Ğ¾Ñ… 	É™wi- 	efi- 	nol- 	null?		asob-												
143	to float 	yÃ¼zmek 	flieÃŸ	ĞºĞ°Ğ»ĞºÑ‹- 	Ñ…Ó©Ğ²Ó©Ñ… 	kÉ™pÉ™:n- 	dekde- 	tteu- 			uk-												
144	to flow 	akmak 	aqua++	Ğ°Ğº- 	ÑƒÑ€ÑĞ°Ñ… 	É™yÉ™:- 	eye- 	heureu-/heull- 			nagare-	nagar~swim!	+++										
145	to freeze 	donmak 	â‰ tauen	Ñ‚Ğ¾Ò£- 	Ñ…Ó©Ğ»Ğ´Ó©Ñ… 	dÉ”Å‹É”tÉ”- 	gece- juhe jafa- 	eol- 	eils		koor- ite- kogoe-	kyro@kor	+++										
146	to swell 	ÅŸiÅŸmek 	ÑˆĞ¸ÑˆĞ¸ swell!!	ÑˆĞ¸ÑˆĞ¸- 	Ñ…Ó©Ó©Ñ…, Ñ…Ğ°Ğ²Ğ´Ğ°Ñ… 	awul 	aibi- dukdure- 	but-/bu- bupul- 	brut, burst boppel ;)	+:)	fukuram- fukure- hare-												
147	SUN!!!	gÃ¼neÅŸ 	GÃ¼n Å¡un Êƒiwun SUN / HEL 	ĞºÒ¯Ğ½  sun!   ğ¬“ğ¬‡ğ¬§ğ¬”â€ xáµ›É™Ì„á¹‡g	1. HEL 2. NAPO	dÉªlatÊƒa, Êƒiwun 	Å¡un 	hae 	HEL	+++	hi	HEL	+++										
148	moON	ay 	lun al.Ğ°Ğ¹ moon ma.Ğ°Ğ¹ biga:god!?	Ğ°Ğ¹ 	ÑĞ°Ñ€ 	bÉ›ga 	biya 	dal 	å¤š duÅl <> mount !	++<	tsuki	--											
149	star 	yÄ±ldÄ±z 	<> gild!	Ğ¶Ñ‹Ğ»Ğ´Ñ‹Ğ· 	Ğ¾Ğ´ 	É”ÊƒÉªkta 	usiha 	byeol 	ball, bhyel	++<	hoshi	hastra hoshine	++<										
150	water 	su 	mwuca wasser	ÑÑƒÑƒ 	ÑƒÑ 	mu: 	muke 	mul 	mwarğ“ˆ—ta @ maul	++<	mizu	ğ“ˆ—ğ“„Ÿğ“„ ğ“‹¤  mnÃ¤sse	++										
151	rain 	yaÄŸmur 	yaqua pour Ğ±Ğ¾Ñ€Ğ¾Ğ¾ 	Ğ¶Ğ°Ğ¼Ğ³Ñ‹Ñ€, Ğ¶Ğ°Ğ°Ğ½ 	Ğ±Ğ¾Ñ€Ğ¾Ğ¾ 	tigdÉ™ 	aga 	bi 	Bi â¾¬ Bian ğ–§‚ğ–§‚ !! pleuvir	++<	ame												
152	river 	Ä±rmak 	bhitra bira kawa aqua	Ğ´Ğ°Ñ€Ñ‹Ñ, Ó©Ğ·Ó©Ğ½ 	Ğ³Ğ¾Ğ» 	bira 	bira ula 	nae 	nau++	+++	kawa	Aqva kawa.shui gewÃ¡sser  	+++										
153	lake 	gÃ¶l 	Kuhle!	ĞºÓ©Ğ» 	Ğ½ÑƒÑƒÑ€ 	amÊŠdÊ’i 	omo tenggin noor 	mos 	ğ“ˆ—ğ“„Ÿğ“„ ğ“‹¤  mnÃ¤sse moos moor	+-	mizuumi	ğ“ˆ—ğ“„Ÿğ“„ ğ“‹¤  mnÃ¤sse											
154	sea 	deniz 	DONac	Ğ´ĞµÒ£Ğ¸Ğ· 	Ğ´Ğ°Ğ»Ğ°Ğ¹, Ñ‚ÑĞ½Ğ³Ğ¸Ñ 	dalay 	mederi namu 	bada 	badğ“ˆ—bvata 	+++	umi												
155	salt 	tuz 	Thyssand? <> tozan 1000-sand!	Ñ‚ÑƒĞ· 	Ğ´Ğ°Ğ²Ñ 	dÉ”:sun, katagan 	dabsun 	sogeum 	Sargom ~ salz	+-	shio	Shio @ shui/shaliz											
156	stone 	taÅŸ 	Dash T-s / s-t ++	Ñ‚Ğ°Ñˆ 	Ñ‡ÑƒĞ»ÑƒÑƒ 	dÊ’É”lÉ” 	wehe 	dol 	Dolmen! ğ“ŠŒğ“ˆšğ“ˆ›ğ“ˆœğ“  Ñ‚Ğ°Ñˆ 	+++	ishi	çŸ³shÃ­											
157	sand 	kum 	KrÃ¼m.el ++	ĞºÑƒĞ¼ 	ÑĞ»Ñ 	Êƒirgi 	yonggan 	morae 	moor/maur=desert!	+++	suna	sunad											
158	dust 	toz 	Dust ++	Ñ‡Ğ°Ò£, Ñ‚Ğ¾Ğ· 	Ñ‚Ğ¾Ğ¾Ñ 	tÉ”:rag 	buraki 	meonji 	mansch;)		chiri hokori												
159	earth 	toprak 	Terr.as +++	Ñ‚Ğ¾Ğ¿ÑƒÑ€Ğ°Ğº 	Ğ´ÑĞ»Ñ…Ğ¸Ğ¹, Ñ‚Ğ¾Ğ²Ñ€Ğ¾Ğ³, ÑÑ‚Ò¯Ğ³ÑĞ½ 	tÊŠkala 	na 	heulg 	Soil / ghorg	+-	tsuchi												
160	cloud 	bulut 	Pquloud!! <<	Ğ±ÑƒĞ»ÑƒÑ‚ 	Ò¯Ò¯Ğ» 	tukÊƒu 	tugi 	gureum 	Gur = ğ“ˆ ğ“‚‹ ğ“‚‹ ğ“Š¡	+++	kumo	kumulus	+++										
161	fog 	sis, duman (smoke) 	dunst	Ñ‚ÑƒĞ¼Ğ°Ğ½ 	Ğ¼Ğ°Ğ½Ğ°Ğ½, Ğ±ÑƒĞ´Ğ°Ğ½ 	tamna 	talman 	angae 	Angel ;) ---		kiri												
162	SKY	gÃ¶k! 	ğ“‡¯ ğ“Ÿ kak=all@	ĞºÓ©Ğº, Ğ°ÑĞ¼Ğ°Ğ½ 	Ğ¾Ğ³Ñ‚Ğ¾Ñ€Ğ³ÑƒĞ¹, Ñ…Ó©Ñ… Ñ‚ÑĞ½Ğ³ÑÑ€ 	bÊŠwa 	abka 	haneul 	HIMEUL HANEUL	+++	sora	skyra ğ“‡¶ !!											
163	wind 	yel 	Schumal <<	ÑˆĞ°Ğ¼Ğ°Ğ», Ğ¶ĞµĞ» 	ÑĞ°Ğ»Ñ…Ğ¸ 	É™din 	edun 	baram 	bar.am		kaze	kaspi?											
164	snow 	kar 	Kryo@kar ++	ĞºĞ°Ñ€ 	Ñ†Ğ°Ñ 	Éªmana 	nimanggi 	nun 	snown ğ“ˆ– 		yuki												
165	ice 	buz 	bâ€™ice ++ mâ€™ice	Ğ¼ÑƒĞ· 	Ğ¼Ó©Ñ 	umukÊƒu 	juhe 	eoleum 	oileum		koori	kyro!											
166	smoke 	duman, tÃ¼tÃ¼n 	dunst	Ñ‚Ò¯Ñ‚Ò¯Ğ½ 	ÑƒÑ‚Ğ°Ğ° 	ÊƒaÅ‹Å‹an 	Å¡anggiyan 	nae 			kemuri												
167	fire 	od 	HOT!!	Ğ¾Ñ‚ 	Ğ³Ğ°Ğ» 	tÉ”É£É” 	tuwa 	Bul < burn	Bul < burn, bhyro	++	Hi <> hotuwa												
168	ash 	kÃ¼l 	gÃ¼lle?	ĞºÒ¯Ğ» 	Ò¯Ğ½Ñ 	ulÉ™ptÉ™n 	fulenggi 	jae 	Haijae < heiz	++	hai	heiz											
169	to burn (v.i.) 	yan- 	koch++  sHot â€¦	ĞºÒ¯Ğ¹Ğ³Ò¯Ğ·-, Ó©Ñ€Ñ‚Ñ‚Ó©- 	ÑˆĞ°Ñ‚Ğ°Ñ… 	dalga- 	deiji- 	ta- 	âˆšhotta hotata!!	++	moe-												
170	road 	yol 	jallah	Ğ¶Ğ¾Ğ» 	Ğ·Ğ°Ğ¼ 	É”ktÉ” 	jugÅ«n 	gil 	giro.de +++ ğ’†œ	++	michi												
171	mountain 	daÄŸ 	DaÄŸ <> dar / tai = tall	Ñ‚Ğ¾Ğ¾ 	ÑƒÑƒĞ», Ñ‚Ğ°Ğ³ 	urÉ™ 	alin 	me eondeog ('slope, incline; hill') 	<<		yamaâ„¢	ğ“‡º!! yamount											
172	red 	al, kÄ±zÄ±l 	KIRSCH.al ++	ĞºÑ‹Ğ·Ñ‹Ğ» 	ÑƒĞ»Ğ°Ğ°Ğ½ 	ÊŠla:rÉªn 	fulgiyan 	bulg- ppalgah- 	Bull-color! Falk?		aka												
173	green 	yeÅŸil 	yelSAR	Ğ¶Ğ°ÑˆÑ‹Ğ» 	Ğ½Ğ¾Ğ³Ğ¾Ğ¾Ğ½ 	tÊƒuturin 	niowanggiyan 	pureu-/pureur-, parah- 	pure (copper) para.dies		midori												
174	yellow 	sarÄ± 	sarÄ±â„¢ sar=green 	ÑĞ°Ñ€Ñ‹ 	ÑˆĞ°Ñ€ 	ÊƒÉªÅ‹arÉªn 	suwayan 	norah- 	Â¬ğŸŒ£ 	+-	ki	kyr ğ“‹ 											
175	white 	ak 	ash!	Ğ°Ğº 	Ñ†Ğ°Ğ³Ğ°Ğ°Ğ½ 	bagdarÉªn 	Å¡anyan 	hui- 	whui.de! Hell^^	++	shiro	shiro skyra  ğ“‡¶											
176	black 	kara 	char.a	ĞºĞ°Ñ€Ğ° 	Ñ…Ğ°Ñ€ 	kÉ”Å‹nÉ”rÉªn 	sahaliyan 	geom- 	ğ“	++-	kuro	(ne)ğ“kara	+++										
177	night 	gece 	<> gÃ¶k!  ğ“ğ“†¼	Ñ‚Ò¯Ğ½ 	ÑˆÓ©Ğ½Ó© 	dÉ”lbÉ” 	dobori 	bam 	Â¬beam â€“		yoru yo	Yuer <> year æœˆ yuÃ¨											
178	day 	gÃ¼n 	<> sun	ĞºÒ¯Ğ½ 	Ó©Ğ´Ó©Ñ€ 	inÉ™Å‹ 	inenggi 	nal ('day,		<<<													
179	year 	yÄ±l 	Year <> yeal ++	Ğ¶Ñ‹Ğ» 	Ğ¶Ğ¸Ğ» 	aÅ‹Å‹anÉª 	aniya 	hae 	Yhear 2. nyean å¹´ niÃ¡n	++	toshi												
180	warm 	sÄ±cak 	schwÃ¼hls++	Ğ¶Ñ‹Ğ»ÑƒÑƒ 	Ñ…Ğ°Ğ»ÑƒÑƒĞ½, Ğ±Ò¯Ğ»ÑÑĞ½ 	É²ama 	bulukan, halukan 	ttatteut-ha- 	hotta	+-â„¢	atataka-	hotataka											
181	cold 	soÄŸuk 	soak	ÑÑƒÑƒĞº 	Ñ…Ò¯Ğ¹Ñ‚ÑĞ½, ÑÑÑ€Ò¯Ò¯Ğ½ 	iÅ‹in 	Å¡ahÅ«run 	cha- chagap-/chagaw- chup-/chuw- (of the weather) sig- ('to cool off') 	chill chold	++	tsumeta- samu- (of the weather) same- ('to cool off') hie- ('to get cold')												
182	full 	dolu 	Doll ~ voll < dval, schwell ++	Ñ‚Ğ¾Ğ»ÑƒĞº, Ñ‚Ğ¾Ğ»Ñ‚ÑƒÑ€Ğ° 	Ğ´Ò¯Ò¯Ñ€ÑĞ½ 	dÊ’alÊŠm 	jaluka 	cha- bureu-/bull- (of one's stomach) 	chaque bull~full++	+++	michi- ippai												
183	new 	yeni 	Yenew ++	Ğ¶Ğ°Ò£Ñ‹ 	ÑˆĞ¸Ğ½Ñ 	irkÉ™kin 	ice 	sae saerop-/saerow- 	sehr=gut/neu/viel 	++â„¢	atarashi- arata												
184	old 	eski 	Eskaldi = alt ++	ÑÑĞºĞ¸; ĞºĞ°Ñ€Ñ‹ (people) 	Ñ…Ó©Ğ³ÑˆĞ¸Ğ½ 	ÊƒagdÉª 	fe, sakda 	yes nalg- neulg- 	years, nyean å¹´ niÃ¡n	+++	furu- ('old, used, worn') oi- ('to grow old, to age')	furie, fhier!, vuru=ALT (v)oi~OLD!											
185	good 	iyi 	AY,JA,SI ++	Ğ¶Ğ°ĞºÑˆÑ‹ 	ÑĞ°Ğ¹Ğ½ 	aya 	sain 	joh- 	Joy ~ EU	++	yo-, ii	Joy ~ EU											
186	bad 	kÃ¶tÃ¼ 		Ğ¶Ğ°Ğ¼Ğ°Ğ½ 	Ğ¼ÑƒÑƒ 	É™ru 	ehe 	nappeu- 	naâ€™ppeu Â¬Â¬ä¸  pfui (^^eops)	++	waru-	weary											
187	rotten 	bozuk 	bugâ€™d sauerig Ñ‡Ğ¸Ñ€Ğ¸Ğº ++	Ñ‡Ğ¸Ñ€Ğ¸Ğº 	ÑĞ»Ğ·Ğ°Ñ€ÑĞ°Ğ½ 	nukuntÊƒa 	niyaha, ibtenehe 	sseog- 	suck;)	;)	kusar-												
188	dirty 	kirli 	<> khir=black ++	ĞºĞ¸Ñ€ 	Ğ±Ğ¾Ñ…Ğ¸Ñ€, Ñ…Ğ¸Ñ€Ñ‚ÑĞ¹ 	bÊŠdÊ’ar 	nantuhÅ«n langse 	deoreop-/deoreow- 	Dirty ~ deor-wty	++	kitana-												
189	straight 	dÃ¼z 		Ñ‚Ò¯Ğ· 	ÑˆÑƒĞ»ÑƒÑƒĞ½ 	tÊƒitÊƒur 	sijirhÅ«n 	god- bareu-/ball- 	god! (gut/go-right)	++	sugu												
190	round 	yuvarlak 	@	Ñ‚ĞµĞ³ĞµÑ€ĞµĞº, Ñ‚Ğ¾Ğ³Ğ¾Ğ»Ğ¾Ğº, Ğ¶ÑƒĞ¼ÑƒÑ€Ñƒ 	Ğ´ÑƒĞ³ÑƒĞ¹, Ğ´Ò¯Ğ³ÑÑ€Ğ¸Ğ³ 	boÅ‹bÉ™lin 	muheliyen 	dunggeul- 	â™€ dvanger ğ’€­ 	++	maru-	marund ğ“ˆ—											
191	sharp 	keskin 		ĞºÑƒÑ€Ñ‡ 	Ñ…ÑƒÑ€Ñ† 	É™mÉ™r 	dacun, Å¡ulihun, Å¡olonggo 	nalkarop-/nalkarow- 	Null-karo		surudo-	surudo~sharpdo											
192	dull 	kÃ¶r (keskin deÄŸil) 		Ğ¼Ğ¾ĞºĞ¾Ğº 	Ğ¼Ğ¾Ñ…Ğ¾Ğ¾ 	mampa 	modo 	mudi- 	mute	+-	nibu-												
193	smooth 	dÃ¼z 		Ñ‚ĞµĞ³Ğ¸Ğ· 	Ğ³Ó©Ğ»Ğ³Ó©Ñ€ 	burtÊƒurin 	necin, biÅ¡un 	maekkeureop-/maekkeureow- 	meÂ¬kero~meraka:		nameraka												
194	wet 	Ä±slak 	Lak <> aqua	Ğ½Ñ‹Ğ¼ 	Ğ½Ğ¾Ğ¹Ñ‚Ğ¾Ğ½ 	wÊŠlapkÊŠn 	derbehun, usihin 	jeoj- 	Feucht ~ jeoj-		nure-	naur ğ“ˆ–											
195	dry 	kuru 	ĞºÑƒÑ€Ğ³Ğ°Ğº Karga qry dry 	ĞºÑƒÑ€Ğ³Ğ°Ğº 	Ñ…ÑƒÑƒÑ€Ğ°Ğ¹ 	É”lgÉ”kin, ilÉ™Å‹ 	olhon 	mareu-/mall- 	ğ“ˆ— mull ğ“‚œ 		kawak-												
196	correct 	doÄŸru (yanlÄ±ÅŸ deÄŸil) 	dâ€™agree ++	Ñ‚ÑƒÑƒÑ€Ğ° 	Ğ·Ó©Ğ² 	tÉ™dÊ’É™: 	acanaha, tob giyangga 	olh- bareu-/ball- olbareu-/olball- 			tadashi-												
197	near 	yakÄ±n 	<<	Ğ¶Ğ°ĞºÑ‹Ğ½ 	Ğ¾Ğ¹Ñ€ 	daga 	hanci, hamika 	gakkap-/gakkaw- 			chika-												
198	far 	uzak 	kozak?	Ğ°Ğ»Ñ‹Ñ, Ñ‹Ñ€Ğ°Ğ°Ğº, ÑƒĞ·Ğ°Ğº 	Ñ…Ğ¾Ğ» 	gÉ”rÉ” 	goro 	meol- 	ğ“ˆ— mvar muli		too-												
199	right 	saÄŸ 		Ğ¾Ò£ 	Ğ±Ğ°Ñ€ÑƒÑƒĞ½ 	a:n 	ici 	oreun bareun 			migi												
200	left 	sol 		ÑĞ¾Ğ» 	Ğ·Ò¯Ò¯Ğ½ 	dÊ’É™yin 	has'hÅ« 	oen 			hidari												
201	at 	-da/-de, -ta/-te 	++	-Ğ´Ğ° (-Ğ´Ğµ, -Ğ´Ğ¾, -Ğ´Ó©; -Ñ‚Ğ°, -Ñ‚Ğµ, -Ñ‚Ğ¾, -Ñ‚Ó©) 	-Ğ´, -Ñ‚ 		-de 	-eseo (with a place) -e (with a time) -ege, -kke, -hante (with an indirect object) 	atho -a -e -ecke -hante 	++++	-de (with a place) -ni (with a time or an indirect object)												
203	in 	-da/-de, -ta/-te 	ğ“	-Ğ´Ğ° (-Ğ´Ğµ, -Ğ´Ğ¾, -Ğ´Ó©; -Ñ‚Ğ°, -Ñ‚Ğµ, -Ñ‚Ğ¾, -Ñ‚Ó©) 	-Ğ´, -Ñ‚ 		dolo 	-eseo, an-eseo -e, an-e, sog-e -ro/-euro, an-euro 	ğ“‚‹ro/euro in-a zugegen In-esse 	++++	-de, -no naka-de -ni, -no naka-ni												
204	with 	ile 	mon mit	Ğ¼ĞµĞ½ĞµĞ½ 	Ñ…Ğ°Ğ¼Ñ‚, -Ñ‚Ğ°Ğ¹/-Ñ‚ÑĞ¹/-Ñ‚Ğ¾Ğ¹ 		...i emgi, ...i sasa 	-hago, -gwa/-wa (comitative) -ro/-euro (instrumental) 	Gwan, hagon (con) ğ“‚‹ro/euro 	++	-to (comitative) -de (instrumental)												
206	and 	ve 	con~Ğ¶Ğ°Ğ½Ğ°  ad da@slov	Ğ¶Ğ°Ğ½Ğ° 	Ğ±Ğ° 		jai 	-hago, -gwa/-wa, geurigo 	Gwan, hagon (con) ğ“‚‹geuro 		-to soshite												
205	if 	eÄŸer, ÅŸayet 	ğ“‡‹ ğ“‚‹	ÑĞ³ĞµÑ€, -ÑĞ° (-ÑĞµ, -ÑĞ¾, ÑÓ©) 	Ñ…ÑÑ€ÑĞ² 		aika, aikabade 	manyag(-e), -myeon 	<<<		moshi -nara -ba												
202	because 	Ã§Ã¼nkÃ¼ 	since++	Ğ°Ğ½Ñ‚ĞºĞµĞ½Ğ¸, -Ğ³Ğ°Ğ½Ğ´Ñ‹ĞºÑ‚Ğ°Ğ½ 	ÑƒÑ‡Ñ€Ğ°Ğ°Ñ 	dÊ’a:lin 	...jalin (+ de), ...be dahame, ...turgunde, adarame seci, ... 	ttaemun(-e) -ni/-euni -nikka/-eunikka -seo/-eoseo/-aseo 	da.man ^^ soâ€¦		-kara -tame -node	car!! tam=denn	+++										
207	name 	ad, isim 	gebu given.name, ad+res address	Ğ°Ñ‚, Ñ‹ÑÑ‹Ğ¼ 	Ğ½ÑÑ€ 	gÉ™rbi 	gebu 	ireum 	ğ“‚‹ğ“…“ REIM	++++	na												
									æ›° yuÄ“ 														
