â„–	English	Proto-Celtic (WTF WTF!)	Best	PIE		Breton	Cornish	Welsh	Old Irish (some German!)	Irish	Scottish Gaelic	Manx	Gaulish
1	I	*mÄ«	me	me	âœ“	me	my	mi, fi	mÃ©	mÃ©	mi	mee	mi
2	you	*tÅ«	te	tu	âœ“	te	ty	ti	tÃº	tÃº	thu	oo	tu
3	he	*em	eÃ±, sÃ©	on 'em him she su	âœ“	eÃ±	ev	ef, fe, fo	Ã©	sÃ©	e	eh	[Term?]
4	we	*snÄ«s	muid	nois, mes	âœ“	ni	ni	ni	snÃ­	sinn, muid	sinn	shin	sni
5	you (plural)	*swÄ«s	shiu	Sie	âœ“	c'hwi	hwi	chwi, chi	sÃ­i, sib	sibh	sibh	shiu	suis
6	they	*yoi		[t]hey	âœ“	i, int	i	hwy, hwynt, nhw	Ã©	siad	iad, 'ad	ad	[Term?]
7	this	*sindos, *so-sin, *se-		an@Pers ce thois	âœ“	an ... maÃ±	an ... ma	hwn, y ... yma	in ... so	an ... seo, an ... so	an ... seo	yn ... shoh	sosin
8	that	*emo-, *sindo-de		an@Pers se / NA!	âœ“	an ... se	an ... na	hwnnw, y ... yna	in ... sin, in ... tall	an ... sin, an ... siÃºd	an ... sin, an ... siud	yn ... shen, yn ... shid	[Term?]
9	here	*sondo, *uman?				amaÃ±	omma	yma	sund	anseo	an-seo	ayns shoh, aynshoh	[Term?]
10	there	*kÄ“, *anda?		ante		aze, eno	ena	yna	tall	ansin, ansiÃºd	an sin, an siud	ayns shen, ayns shid	[Term?]
11	who	*kÊ·Ä“	quoi, piw	qwho  ğ“Šª ğ“…± phoiw!	âœ“	piv	piw	pwy	cÃ­a	cÃ©	cÃ²	quoi	[Term?]
12	what	*kÊ·id	petra	phatr ğ“‡‹ ğ“ ğ“‚‹ ğ“†µ	âœ“	petra	pyth	beth	cid	cad Ã©, cÃ©ard	ciod, dÃ¨	cre, c'red	[Term?]
13	where	*kÊ·uts	cÃ¡ qwoÂ® cre	phichâ€¦ ğ“¿ğ“ˆ–ğ“Œ™ğ“…¯	~	pelec'h	ple	ble	cÃ­a airm, cairm, cÃ­a dÃº	cÃ¡, cÃ¡ hÃ¡it, cÃ©n Ã¡it	cÃ ite	c'raad	[Term?]
14	when	*kÊ·an(o)	cuin	phe.hour ğ“…¯ğ“…¯  quando	~	peur, pegoulz, pedavare, pevare	p'eur	pryd	cuin	cathain, cÃ¡ huair, cÃ©n uair	cuin	cre'n traa, cuin	[Term?]
15	how		ğ“Šª ğ“…®, ğ“Šª ğ“…±, ğ“†¶	Phe.â€¦ ğ“…±	~-	penaos, pegiz, pevod	fatell	sut	co, cÃ­a chruth, cÃ­a indas, cindas	conas, cÃ©n chaoi, cad Ã© mar	ciamar, cionnas	kys, kanys, cre'n aght	[Term?]
16	not	*ne	nÃ­con	ni kein! nicht ein, å·® cha	!âœ“	ne ... ket	ny	dim	nÃ­, nÃ­con	nÃ­, cha	na, cha	ny, cha	ne
17	all	*ollos		all kholl whole ++	âœ“	holl, tout	oll	holl, i gyd	uile	uile	uile	ooilley	ollon
18	many	*É¸ilu-	il, kalz, mÃ²ran	viel quelqs kallies++ katll!  more	âœ“	kalz	lower, lies	llawer	il, imdae, mÃ³r	a lÃ¡n, mÃ³rÃ¡n	mÃ²ran	ram, mooarane	[Term?]
19	some	*nekÊ·os	nebes	ğ“Ÿnubis!!!	!âœ“	bennak, meur a	nebes	rhai, rhyw	nach	Ã©igin, roinnt	eigin, roinn	ennagh, shiartanse, kuse	nepi
20	few	*nekÊ·os, *bikkano	neÂ¬â€¦	ğ“Ÿnubis!!!	!âœ“	nebeut	nebes	ychydig	Ãºathad, terc, bec	beagÃ¡n	beagan	beggan	[Term?]
21	other	*alyos		(k)allos   all:other!	!âœ“	all, arall	erell	arall	aile	eile	eile	elley	[Term?]
22	one	*oinos	Ã³en	âœ“	âœ“	unan	onan	un	Ã³en	aon	aon	unnane, nane, un	[Term?]
23	two	*dwau	dÃ³	âœ“	âœ“	daou	dew	dau, dwy	dÃ¡	dÃ³	dÃ 	daa	[Term?]
24	three	*trÄ«s	trÃ­	âœ“	âœ“	tri	tri	tri	trÃ­	trÃ­	trÃ¬	tree	tri-
25	four	*kÊ·etwares	"pedwar	cethair"	âœ“ << ğ†ğŒ¹ğŒ³ğ…ğ‰ğ‚	âœ“	pevar	peswar	pedwar	cethair	ceathair	ceithir	kiare	petuar
26	five	*kÊ·inkÊ·e	pymp cÃ³ic	âœ“	âœ“	pemp	pymp	pump	cÃ³ic	cÃºig	cÃ²ig	queig	pempe
27	big	*mÄros	bras<>berzerk@PERS	mahar more 	~âœ“	bras, (old) meur	bras (old) meur	mawr	mÃ³r, oll	mÃ³r	mÃ²r	mooar	[Term?]
28	long	*sÄ«ros	fada	menhir! âˆšghir.os gross ğ“ƒ€	~âœ“	hir	hir	hir	fota, sÃ­r	fada	fada	foddey, liauyr	sirus
29	wide	*É¸litanos		platter>leiter? plaid>wide? 		ledan	ledan	llydan	lethan	leathan	leathann	lhean	[Term?]
30	thick	*tegus	fetis, tiug	fat, thiwk	âœ“ ~âœ“	tev, fetis	tew	tew	tiug, remor	tiubh	tiugh	Ã§hiu	[Term?]
31	heavy	*trummos	pounner, trwm	pond, trauma! Dram?<<	âœ“â„¢	pounner	poes	trwm	trom	trom	trom	trome	[Term?]
32	small	*bekkos		pico	âœ“	bihan	bian, byghan	bach, bychan	bec	beag	beag	beg	lagu-
33	short	*birros, giare	be.har / se.har	ğ“›ğ“‚ğ“…ª  -> ğ“‹´ğ“›ğ“…±ğ“‚ğ“…ª	<< karg	berr	berr	byr	cummair, berr; Middle Irish gerr	gearr	goirid	giare	birrus
34	narrow	*angus	enk, cul	Eng ++ cul.ein	!âœ“	enk, strizh	kul	cul	cÃ¡el, cumung	cÃºng	cumhang	coon	[Term?]
35	thin	*tanauyos		thain, moon: mangel ?	âœ“ , !	moan, tanav	moon, tanow	tenau	tanae, sÃ©im	tanaÃ­	tana	thanney	[Term?]
36	woman	*benÄ		binta!! martha!	<âœ“	maouez	benyn	gwraig, merch, dynes, menyw	ben	bean	bean	ben	bnanom
37	man (adult male)	*wiros		gwirus, don <<> sir	!âœ“	gwaz, den, gour	gwas, gour	gÅµr, dyn	fer	fear	fear	fer, dooinney	viro-
38	man (human being)	*gdonyos		don, adon, adam, andruined	âœ“	den	den	dyn	duine	duine	duine	dooinney	xtonion
39	child (a youth)	*mustÄkos	ğ“„Ÿ	bengel, FlÃ¼gg!/Floh/Fluch ++	!<	bugel	flogh	plentyn	lenab, noÃ­diu	leanbh, pÃ¡iste	leanabh, pÃ iste	lhiannoo, paitÃ§hey	[Term?]
40	wife			Gwin-reg?	~	gwreg	gwreg	gwraig	ben, sÃ©itig	bean chÃ©ile	bean-phÃ²sda	ben, ben phoost, ben heshey	[Term?]
41	husband			gVIR	âœ“	gwaz	gour	gÅµr	fer, cÃ©ile	fear cÃ©ile	fear-pÃ²sda	dooinney, dooinney poost, sheshey, sheshey poost	[Term?]
42	mother	*mÄtÄ«r		âœ“	âœ“	mamm	mamm	mam	mÃ¡thair	mÃ¡thair	mÃ thair	moir	matir
43	father	*É¸atÄ«r		âœ“ dad+	âœ“	tad	tas	tad	athair	athair	athair	ayr	atrebo
44	animal	*mÄ«lom		aneval	âœ“	loen, aneval, mil	enyval, mil	anifail, mil	anmandae, mÃ­l, robb	ainmhÃ­	ainmhidh	baagh, baaghtagh, bioagh, cretoor	[Term?]
45	fish	*É¸Ä“skos		âœ“	âœ“	pesk	pysk	pysgodyn	Ã­asc	iasc	iasg	eeast	isca
46	bird	*É¸atar, *É¸etnos		ğ“†ƒğ“…‚ Avian! ğ“„¿Adler? <<	!	evn, labous	edhen	aderyn	Ã©n	Ã©an	eun	ushag	etno-
47	dog	*kÅ«		âœ“ kien ku.on <> Korean	âœ“	ki	ki	ci	cÃº, matad	cÃº, madra, madadh	cÃ¹, madadh	coo, moddey	cuno-
48	louse	*luwÄ		âœ“	âœ“	laouenn	lowen	lleuen	mÃ­l Ã©tgudo, mÃ­l	mÃ­ol cnis	mial	meeyl	[Term?]
49	snake	*natrik-		Natter, serpent âœ“	âœ“	naer, sarpant	sarf	neidr, sarff	nathair	nathair	nathair	aarnieu, ardnieu	[Term?]
50	worm	*kÊ·rimis		Krumm âœ“ Beug? Wind?	âœ“ / !?	buzhug, preÃ±v	pryv	abwydyn	cruim	pÃ©ist, cruimh, cnuimh	cnuimh	beishteig, beisht, dhiane	[Term?]
51	tree	*kÊ·resno-	gwedhen	gwood crees~trees? â€¦	âœ“ â€¦	gwezenn	gwedhen	coeden, colfen, pren	crann, fid	crann, bile	crann, craobh	billey	prenne
52	forest	*kaito-		kwoods	âœ“	koad	koos, koswik	coedwig, fforest	caill, fid, fidbad, ruud, ros	coill	coille	keyll	[Term?]
53	stick (of wood)	*lorgÄ		bash @ bushâ€¦	?âœ“	bazh	lorgh	ffon	maide, flesc	bata, maide	bata, bioran, maide	maidjey	[Term?]
54	fruit	*sutu-  WTF		frooth seed? âœ“	âœ“	frouezh	frooth	ffrwyth	mess, torad	toradh	meas, toradh	mess, troar	[Term?]
55	seed	*segeto-, *sÄ«lo-		âœ“ seegt (s)heed Hasen! GrÃ¼n silo@	~âœ“	had, greun	hasen	had	sÃ­l	sÃ­ol	sÃ¬ol	sheel, rass	[Term?]
56	leaf	*dolyÄ, *dolnyÄ		Dielen?  tail?	â„¢?	delienn	delen	deilen	duille	duille	duilleag	duillag	doula
57	root	*wridÄ		âœ“ geWurzeln wroots	âœ“	gwrizienn	gwreydhen, gwreydh	gwreiddyn, gwraidd	frÃ©m, mecon	frÃ©amh	freumh	fraue	[Term?]
58	bark (of tree)	*rÅ«sklo-		barusk	!~	rusk	rusk	rhisgl	coirt, rÃºsc, croiccenn, crottball	coirt	rÃ¹sg	roost	rusca
59	flower	*blÄtu-		BlÃ¼ten Blatt	âœ“	bleuÃ±v	bleujen	blodyn	blÃ¡th, scoth	blÃ¡th	blÃ th	blaa	blatu-
60	grass	*gÊ·eltÄ		gwelk? gold:yellow?	âœ“~?	geot, gwelt	gwels	gwellt	fÃ©r	fÃ©ar	feur	faiyr	[Term?]
61	rope	*lomanÄ		leimen leinen, Kordeln, Seilnem, ropve	âœ“	kordenn	lovan	rhaff	sÃºainem, tÃ©t, loman	tÃ©ad	rÃ²pa	tead	[Term?]
62	skin (of a person)	*krokkeno-, *krokno-		Red crude/crain<>scin	!âœ“<	kroc'hen	kroghen	croen	cnes, croiccenn	craiceann	craiceann	crackan	[Term?]
63	meat (as in flesh)	*mÄ«ros, *kÄ«kÄ		kaukau, foileisch!	!âœ“<	kig	kig	cig	feÃ³il, cÃºa	feoil	feÃ²il	feill	[Term?]
64	blood	*krÅ«		goorde!	~âœ“	gwad	goos	gwaed	fuil, crÃº	fuil	fuil	fuill	[Term?]
65	bone	*knÄmis, *astkornu		osteo.Khorn	!âœ“	askorn	askorn	asgwrn	cnÃ¡imh	cnÃ¡mh	cnÃ imh	craue	[Term?]
66	fat (noun)	*gÊ·ered-		Sahme, ?	â€¦	druz, lart	blonek	saim	blonac, bÃ©oil, Ã­th, geir	saill, blonag	saill	sahll, blennick	[Term?]
67	egg	*Äuyom		âœ“ voyg>oyg>egg voyg@Vogel!!	!!âœ“ 	vi	oy	wy	og	ubh	ugh	ooh	[Term?]
68	horn	*kornu-		âœ“ <> bone	âœ“	korn	korn	corn	adarc, benn, corn	adharc, corn	adharc	eairk, corn	[Term?]
69	tail	*lostÄ		Lost Lasche!?	âœ“?	lost	lost	cynffon, llost	err, erball	eireaball	earball	famman, arbyl	[Term?]
70	feather (rather not down)			plume	âœ“	pluÃ±venn	pluvenn	pluen	cleitte	cleite	ite	clooie, fedjag	[Term?]
71	hair	*woltos		blew? Gewellt?	<<	blev	blew	blew, gwallt	grÃºac, folt, finna	gruaig, folt	gruag, falt	gruag, folt	[Term?]
72	head	*kÊ·ennom		Koppen > pen > pÃ¤a	!<âœ“?	penn	penn	pen	cenn	ceann	ceann	kione	pennon
73	ear	*ausos, *kloustÄ		Skearn @ â€¦	<<	skouarn	skovarn	clust	clÃºas	cluas	cluas	cleaysh	ausia
74	eye	*lukato-		alâ€™augas <> look!	!âœ“	lagad	lagas	llygad	sÃºil, rosc	sÃºil	sÃ¹il	sooill	[Term?]
75	nose	*srognÄ		trÃ¶ten;)  s-r-n ~ Snout	~âœ“	fri	troen	trwyn	srÃ³n	srÃ³n	srÃ²n	stroin	[Term?]
76	mouth	*genus		ğ“‚‹ 'cairn/osâ€™ !!!!	!!!âœ“âœ“!?	genoÃ¹, beg	ganow	ceg, genau	bÃ©l, gin	bÃ©al	beul	beeal	[Term?]
77	tooth (rather not molar)	*dants		âœ“	âœ“	dant	dans	dant	dÃ©t, fÃ­acail	fiacail, dÃ©ad	fiacail	feeackle	[Term?]
78	tongue	*tangÊ·Äss		âœ“	âœ“	teod	taves	tafod	tengae	teanga	teanga	Ã§hengey	[Term?]
79	fingernail	*angÊ·Ä«nÄ		âœ“ (f)inger <> inga:horn!	!~âœ“	ivin	ewin	ewin	ingen	ionga	Ã¬ne	ingin	[Term?]
80	foot	*tregess		Tret@road!! ++ gress>cass	!âœ“	troad, troed	troes	troed	traig, cos	cos	cas	cass	treide, ades
81	leg	*koxsÄ	garr coes	geher? Goes?	<<<	gar	garr	coes	cos	cos	cas	cass, lurgey	[Term?]
82	knee	*glÅ«nos-		Gelenk! Knick kneel	âœ“	glin	glin	glin, pen-glin	glÃºn	glÃºin	glÃ¹n	glioon	[Term?]
83	hand	*É¸lÄmÄ		darm donner ğ“‚§ğ“‚ 	!!!âœ“âœ“!?	dorn	dorn	llaw	lÃ¡m	lÃ¡mh	lÃ mh	laue	lama
84	wing	*É¸atanÄ«		flat.gel 	?âœ“	askell	askell	asgell, adenydd	ette, scÃ­ath	sciathÃ¡n, ascaill	sgiath	skian	[Term?]
85	belly	*bolgos	bol, kroth	Balg! Bowl, ğ“„¡ kroth!	âœ“ <<	kof, tor	torr, kroth	bol, bola	brÃº, bolg	bolg	brÃ¹, broinn	bolg	[Term?]
86	guts			bowls colon	âœ“	bouzelloÃ¹	kolodhyon	perfedd	cÃ¡elÃ¡n, inathar	innÃ­	caolan	collane	[Term?]
87	neck	*Genick!		gÄ§onq,kunka@I18n !!!	!!!âœ“âœ“!?	gouzoug	konna	gwddf, mwnwgl	brÃ¡ga, muin, muinÃ©l *monis	muineÃ¡l	muineal	mwannal	[Term?]
88	back		kein! 	Droim <> dromedar?		kein	keyn	cefn	cÃºl, druimm	droim	druim	dreeym	[Term?]
89	breast	*brusÅ«, *kÄ«kÄ		brunst++	âœ“!	bronn	bronn	bron	cÃ­ch	cÃ­och, brollach	cÃ¬och	keeagh	cic-
90	heart	*kridyom		colon!? Cride coerdh cheart	âœ“!	kalon	kolonn	calon	cride	croÃ­	cridhe	cree	[Term?]
91	liver	*awV-		aVie!!	âœ“!	avu	avi	afu, iau	Ã³a	ae	adha	aane	[Term?]
92	to drink	*É¸ibeti		Bvoirt -	~âœ“	evaÃ±, evet	eva	yfed	ibid	Ã³l	Ã²l	iu	ibetis
93	to eat	*ed-o- , *É¸iteti		bite	âœ“	debriÃ±, boueta	dybri	bwyta	ithid	ith	ith	ee	[Term?]
94	to bite	*knÄ-yo-		knochen!	!âœ“	krogiÃ±, dantaÃ±	densel	cnoi, brathu	benaid, greimm	bain greim as	bÃ¬d	greim	[Term?]
95	to suck	*di-na-		saugne	âœ“	sunaÃ±	sugna, dena	sugno	sÃºigid, dinid	sÃºigh, dÃºil	sÃ¹igh	soo, jiole	[Term?]
96	to spit			sâ€™koptz! @i18n	âœ“	skopat	trewa, berya	poeri	doÂ·beir saile	caith seile	tilg smugaid	ceau shelley, tilg shelley	[Term?]
97	to vomit	*skeyeti			/	dislonkaÃ±, c'hwedaÃ±, reucheutiÃ±	hwyja	chwydu	sceÃ¯d	aisig	sgeith	skeeah, skeay	[Term?]
98	to blow (as wind)	*swizd-o-		sâ€™winzd swiss Shuez!	<<âœ“	c'hwezhaÃ±	hwytha	chwythu	sÃ©itid, doÂ·infet	sÃ©id	sÃ¨id	sheid	[Term?]
99	to breathe	*ana-		Athn @ 	@	alanat, analaÃ±	anella	anadlu	doÂ·beir anÃ¡l	anÃ¡laigh	tarraing anail	tayrn ennal	[Term?]
100	to laugh	*swar-yo-		Scherzen! Gayer	!âœ“ <?	c'hoarzhin	hwerthin	chwerthin	gÃ¡irid, tibid	dÃ©an gÃ¡ire	gÃ ir	gear	[Term?]
101	to see	*wel-o-		Voicer < voyger , gweld ???? 	<<	gwelet	gweles	gweld	adÂ·cÃ­	feic	faic	faik	pissiumi
102	to hear	*klew-o-		clever<claw? Kluft~votze		klevet	klywes	clywed	roÂ·cluinethar	cluin, clois	cluinn	cluin, clasht	[Term?]
103	to know (a fact)	*wi-n-d-o wissen		Gnosd ~~	~	gouzout	godhvos	gwybod	roÂ·fitir, atÂ·tÃ¡ a á¸Ÿis oc	tÃ¡ a fhios ag ...	tha fios aig ...	ta fys ec ...	[Term?]
104	to think	*ambi-rÄd-Ä«-		prendre, ponder, penser	?, âœ“	soÃ±jal, prederiaÃ±	prederi	meddwl	immÂ·rÃ¡di, smÃºainid	smaoinigh	smaoinich	smooinee	[Term?]
105	to smell (sense odor)			^^ clever (hear) <> fauch:wind		klevet	blasa, klywes	arogli, clywed arogl	boltaigidir	bolaigh	feuch fÃ ileadh	soar	[Term?]
106	to fear	*obno-		perthi ~ fear	â€¦	kaout aon, aoniÃ±	perthi own	ofni, bod ag ofn	adÂ·Ã¡gathar, is Ã³mun lawith subject as the object of la, gaibid eclawith subject and object reversed, eclaigid	eagla a bheith ort	gabh eagal	gow aggle roish	[Term?]
107	to sleep	*kuÉ¸-sko-		kusch@koje,casket !! (sarg)	!âœ“	kousket	koska	cysgu	conÂ·tuili	codail	bi ann do chadal	caddil	[Term?]
108	to live	*biwo-		le baVien !! << BiVonne	!!âœ“âœ“	bevaÃ±	bywa	byw	arÂ·beir biuth, atÂ·tÃ¡ beÃ³, maraid	bÃ­ beo, mair	bi beÃ²	bee bio, bee er mayrn	[Term?]
109	to die	*ba-yo-		mart	âœ“	mervel	merwel	marw	atÂ·baill, baÃ¯d, tÃ©it bÃ¡s, foÂ·gaib bÃ¡s	faigh bÃ¡s	bÃ saich	fow baase	[Term?]
110	to kill	*gÊ·an-o-		leash?	?âœ“	lazhaÃ±	ladha	lladd	marbaid, gonaid, oirgid	marbhaigh, slad	marbh	marr	[Term?]
111	to fight	*wik-o-		storm, guerren, fecht ++	âœ“	stourm, gouren	omladh	ymladd, brwydro	fichid, cathaigid	troid	cÃ²mhraig	cagg	[Term?]
112	to hunt (transitive)	*selgÄ ?	â‰ heilig=happy	Chase, Helge, herold < selg	âœ“	chaseal	helghya	hela	adÂ·claid, doÂ·seinn	seilg	sealg	shelg	[Term?]
113	to hit	*bi-na-		Beil!	~âœ“â„¢, â€¦ ? 	skoiÃ±	gweskel, skwatya	taro	benaid, sligid, slaidid, boingid, bÃºailid	buail	buail	bwoaill	biietutu
114	to cut	*skiy-o-		trunc, scheid! KÃ¼rz	âœ“	troc'haÃ±	treghi	torri	snaidid, doÂ·esc, gerraid	gearr	geÃ rr	giar	[Term?]
115	to split	*dlo-n-g-o		skeltâ„¢ hole fellen?	â„¢	faoutaÃ±	folsa	hollti	dlongid	scoilt	sgoilt	scolt, skeilt	[Term?]
116	to stab (or stick)			?		gwanaÃ±	gwana, pyghya	gwanu, trywanu	cailgid, tollaid	rop	sÃ th	seiy	[Term?]
117	to scratch (an itch)	*razd-o-	skrabat, kravat	âœ“	âœ“	skrabat, kravat	kravas	cosi	scrÃ­paid, tochasaid	tochais	sgrÃ²b	screeb	[Term?]
118	to dig	*klad-o-	kleuzaÃ±, palu	Klaue, plow	âœ“	kleuzaÃ±	palas	cloddio, palu	claidid	tochail	cladhaich	cleigh, reuyr	[Term?]
119	to swim	*snÄ-		sâ€™nauvmn! <<	âœ“	neuÃ±viÃ±	neuvya	nofio	snÃ¡Ã¯d	snÃ¡mh	snÃ mh	snaue	[Term?]
120	to fly	*É¸et-o-		flat.ger niao!!	!âœ“?	nijal	nijal	hedfan	foÂ·luathar	eitil	itealaich	etlee, ettyl	[Term?]
121	to walk	*keng-o-	Gang, cour(ir)	School, ???	?	kerzhet, bale	kerdhes	cerdded	siblaid, teÃ­t	siÃºil	coisich	shooyl	[Term?]
122	to come			sieh DA@Sumer!  Tarriver	<<	dont	dos	dod	doÂ·icc, doÂ·tÃ©t	tar	thig	tar	[Term?]
123	to lie (as on one's side)	*leg-o-	<>kusch^^	curve? Liege ++	âœ“?	gourvez	gorwedhes	gorwedd	laigid	luigh	laigh	lhie	[Term?]
124	to sit	*sed-o-		âœ“	âœ“	azezaÃ±	esedha	eistedd	saidid	suigh	suidh	soie	[Term?]
125	to stand	*sistÄ-		cess, gress âœ“	âœ“	sevel	sevel	sefyll	doÂ·airissedar	seas	seas	shass	[Term?]
126	to turn (change direction)	*suweti		âœ“	âœ“	treiÃ±	treylya	troi	sÃ³Ã¯d, immÂ·soÃ­	cas	till	cass	[Term?]
127	to fall (as in drop)	*ki-yo		ğ“Œ¨ kurdham!! tilt	!âœ“	kouezhaÃ±	koedha	cwympo, disgyn, syrthio	doÂ·tuit	tit	tuit	tuitt	[Term?]
128	to give			reichn!! ğ“‚‹ğ“‚ğ“‚ Ñ€Ñ«ĞºĞ° (rÇ«ka)	!!âœ“<	reiÃ±	ri	rhoi	doÂ·beir *dÄti to.bear!	tabhair	tabhair	toyr, cur	[Term?]
129	to hold (in one's hand)	*delg-o-		<> dar cum!	~âœ“	dalc'hen, derc'hel	synsi, dalghenna	dal, dala	gaibid	coinnigh	cÃ¹m	cum	delgu
130	to squeeze			~	~âœ“	stardaÃ±, gwaskaÃ±	gwaska, gwrynya, strotha	gwasgu	tendaid, fÃ¡iscid, timsaigid	fÃ¡isc	teannaich	Ã§hionn, faast, craisht	[Term?]
131	to rub			Frottee <3 rub conÂ·meil soap	~âœ“	frotaÃ±	rutya	rhwbio	conÂ·meil	cuimil	suath	rub	[Term?]
132	to wash	*nig-yo-		Golgi ~ naue!	~âœ“ â€¦	gwalc'hiÃ±, golc'hiÃ±	golghi	golchi	nigid, fothraicid, folcaid, indÂ·aim	nigh	nigh	niee	[Term?]
133	to wipe			swisch	~âœ“	torchaÃ±, sec'haÃ±	sygha	sychu	â€”	cuimil	suath	glen, rub	[Term?]
134	to pull		tynnu	tenso, tearn	<âœ“	sachaÃ±, tennaÃ±	tenna	tynnu	doÂ·srenga, srengaid	tarraing	tarraing	tayrn	[Term?]
135	to push		herdhya, pokya	hurt poke brute force tear bounce!	â€¦	bountaÃ±	herdhya, pokya	gwthio	adÂ·aig	brÃºigh	brÃ¹th	broo	[Term?]
136	to throw	*kat-yo-	chetaÃ±	ğ“‹´ ğ“„ ğ“ ğ“€œ 	!!	teurel, chetaÃ±	tewlel	taflu	foÂ·ceird, srÃ©Ã¯d, doÂ·lÃ©ci, caithid, sneidid	caith	tilg	ceau, tilg	[Term?]
137	to tie	*wed-o-	kelmi	klemmen	~âœ“	eren, koulmaÃ±	kelmi	clymu, rhwymo	conÂ·rig, snÃ­id, cenglaid	ceangail	ceangail	kiangle	[Term?]
138	to sew	*nÄ“-yo-	gwnÃ¯o	nÃ¤h <<<	âœ“	gwriat	gwrias, sewya	gwnÃ¯o	Ãºaigid	fuaigh	fuaigh	whaal, fuaill	[Term?]
139	to count	*rimÄ		count, reim! ğ“‚‹ğ“ˆ– !!!	âœ“âœ“!!!? <<	kontaÃ±	niverağ“ˆ–, akontya, amontya	rhifo ğ“‚‹ğ“ˆ–	rÃ­mid ğ“‚‹ğ“ˆ–	rÃ­omh, cuntais	cÃ¹nnt	coont	[Term?]
140	to say	*labar-o-		labern!!	âœ“	lavaret	leverel	siarad	asÂ·beir, rÃ¡idid	"labhair (""to speak""), abair"	abair	abbyr, loayr	[Term?]
141	to sing	*kan-o-		canta canon~law	âœ“	kanaÃ±	kana	canu	canaid	can	seinn	gow arrane, kiaulley	[Term?]
142	to play	*kon-rig-o-, *uÉ¸o-rig-o-		<<		c'hoari	gwari	chwarae	immÂ·beir, cluichigidir	imir	cluich	cloie	[Term?]
143	to float			Nauven ++	âœ“	neuviÃ±, flotaÃ±	neuvella	nofio	snÃ¡Ã¯d	snÃ¡mh	bi a' fleÃ²dradh	snaue	[Term?]
144	to flow	*liy-o-		(f)liyo flow 2. riveran - 3. don??	â€¦	deveraÃ±	dinewi, bera	llifo	snigid, silid, bruinnid, doÂ·lin	snigh	ruith	stroo, sheel, shiauill, thooill	[Term?]
145	to freeze			Rau Reif!	!âœ“	reviÃ±, skornaÃ±	rewi	rhewi	reÃ³daid, tÃ©chtaid	reoigh	reÃ²dh	rio	[Term?]
146	to swell	*swÄ“d-o-		sweat!	~âœ“	c'hwezaÃ±	hwythfi	chwyddo	attaid, bolgaid	at	at	att	[Term?]
147	sun	*sÄwÅ«l		Hellio gÃ¼n <> green!	!âœ“	heol	howl	haul	grÃ­an	grian	grian	grian	[Term?]
148	moon	*louxsnÄ		lunar 	~âœ“	loar	loer	lleuad, lloer	Ã©sca, rÃ©, lÃºan	gealach	gealach	eayst	[Term?]
149	star	*sterÄ		âœ“ â€¦-	âœ“	steredenn, sterenn	steren	seren	rÃ©tglu, rind	rÃ©alt	rionnag	rollage	[Term?]
150	water	*dubros, *udenskyos		[wa]dowr âœ“ ob wusger	âœ“ <<<<	dour	dowr	dÅµr	uisce, dobur	uisce, dobhar	uisge	ushtey	[Term?]
151	rain	*wolko- â€“- , *glawÄ 	ğ“ˆ—, ğ“ˆ ğ“‚‹ ğ“‚‹ ğ“Š¡ ğ“‡², ğ“› ğ“€ ğ“‡‹ ğ“‡‹ ğ“ ğ“ˆ— 	<> cloud! WolkenBruch: berst bÃ¡isteach	????	glav	glaw	glaw	brÃ¡en, flechud	bÃ¡isteach, fearthainn	frasachd	fliaghey	[Term?]
152	river	*abÅ«, *abonÄ		itera istÃªr!! Rheinn ab!!	âœ“! <<	stÃªr, aven, rinier	avon	afon	ab	abhainn	abhainn	awin	onno
153	lake	*linnÄ		logh, lyn?	âœ“ , ?	lenn	lynn	llyn	loch, linn	loch, linn	loch	logh, lhingey	[Term?]
154	sea (as in ocean)	*mori		âœ“	âœ“	mor	mor	mÃ´r	muir, fairrge, ler, trethan	muir, farraige	muir, cuan, fairge	mooir, keayn, faarkey	more
155	salt	*salano-		saline âœ“ sHalit soleâ„¢	âœ“	holen	hoelan	halen	salann	salann	salann	sollan	[Term?]
156	stone	*magino-		ğ“ ğ“ˆ–ğ“Œğ“ŠŒ Mauern !! Menhir! Clack;)	!!!âœ“âœ“!?	maen	men	maen, carreg	cloch, lÃ­a	"cloch, (maighean ""a place, ground"", possible descendant from PC)"	clach	clagh	[Term?]
157	sand	*grÄwÄ		ğ“ ğ“ˆ–ğ“Œğ“ŠŒ gainem  gnost tresh?<<	^^	traezh	tewes	tywod	gainem	gaineamh	gainmheach	geinnagh	[Term?]
158	dust	polter, doust		polter! Dust luch?	?âœ“	poultrenn	polter, doust	llwch	lÃºaithred, lÃºaith	deannach	stÃ¹r	joan	[Term?]
159	earth (as in soil)	*talamÅ«		Terra Doearth ! ğ“‡½ 	âœ“ <<	douar	dor	daear	talam, Ãºir	talamh	talamh	thalloo	[Term?]
160	cloud	koumoul	ğ“ˆ ğ“‚‹ ğ“‚‹ ğ“Š¡	cumulus ++	!âœ“	koumoul	kommolenn	cwmwl	nÃ©l	scamall, nÃ©al	sgÃ²th, neul	bodjal, niaul	[Term?]
161	fog	*kiwo-, niwl	woik reverse	Nauvl ++ ğ“ˆ– < Nebel	âœ“	morenn, nivlenn	niwl	niwl	ceÃ³	ceo	ceÃ²	kay	[Term?]
162	SKY	*nemos, spÃ©ir, wybren	ğ“‹´ ğ“ƒ€ ğ“‡¼ ğ“¤	Oberen sphAIR!! NHIMMel Nauğ“ˆ–^	âœ“<<<	oabl, neÃ±v	ebrenn	wybren	nem, aer	aer, spÃ©ir	adhar, speur	aer, speyr, niau	[Term?]
163	wind (as in breeze)	*wintos		âœ“	âœ“	avel, gwent	gwyns	gwynt	gÃ¡eth	gaoth	gaoth	geay	[Term?]
164	snow	*argyo-, *snigÊ·yo-		~ice	âœ“	erc'h	ergh	eira	snechta	sneachta	sneachd	sniaghtey	[Term?]
165	ice	*yegis		scorno+	âœ“	skorn	rew	iÃ¢	aig	oighear	eighre, eigh, deigh	rio	[Term?]
166	smoke	*mukV		sâ€™mog	/âœ“	moged	mog	mwg	dÃ©	deatach	ceÃ², toit	jaagh	[Term?]
167	fire	*teÉ¸nets	thyss Ã§henney	HeaTen !? <> TON <> dawn?	!?	tan	tan	tÃ¢n	teine, daig, Ã¡ed	tine	teine	aile, Ã§henney	[Term?]
168	ash	*loutus		GLUT Luashu <<	!âœ“?	ludu	lusow	lludu	lÃºaith	luaith	luath	leoie	[Term?]
169	to burn (intransitive)	*dauyeti		<< â‰  lÃ¶sch	! â‰ 	deviÃ±, leskiÃ±	leski	llosgi	bruthnaigidir, teinnid	dÃ³igh	loisg	losht	[Term?]
170	road	*sentus		Fahroad ++	!âœ“	hent	fordh	ffordd	bÃ³thar, rÃ³t, conar, slige	bÃ³thar	rathad	raad, bayr	[Term?]
171	mountain	*moniyo-		âœ“	âœ“	menez	menydh	mynydd	slÃ­ab, benn	sliabh	beinn	slieau, beinn, muyne	dunum
172	red	*roudos, *kokko-		âœ“	âœ“	ruz	rudh	coch, rhudd	derg, rÃºad, flann	rua, dearg	ruadh, dearg	ruy, jiarg	roudus
173	green	*glastos		glass!! gwern!	!âœ“	glas, gwer	gwyrdh	glas, gwyrdd	glas, Ãºaine	glas, uaine	glas, uaine	glass, eayney	glastum
174	yellow	*bodyos		Miellown ~âœ“ ! +++++	+âœ“	melen	melyn	melyn	buide	buÃ­	buidhe	buigh	[Term?]
175	white	*windos, *bÄnos		AL bÃ¡inos ç™½ !!!!!!! le VÃ¤nt!	!âœ“	gwenn	gwynn	gwyn	bÃ¡n, finn	bÃ¡n, fionn	geal	bane, fynn	argio, Vinda
176	black	*dubus		dubios, dunkel !!!	?âœ“	du	du	du	dub	dubh	dubh	doo	dubis
177	night	*noxs		âœ“	âœ“	noz	nos	nos	adaig	oÃ­che	oidhche	oie	nox
178	day (daytime)	*diy-		âœ“	âœ“	deiz, dez	dedh	dydd	lÃ¡, dÃ­a	lÃ¡	lÃ 	laa	lat-
179	year	*blÄ“dnÄ«		<< blend<>wend?	<<<<	bloaz, bloavezh	blydhen	blwyddyn	bliadain	bliain	bliadhna	blein	blednis
180	warm (as in weather)	*teÉ¸smi-		thermo	âœ“	tomm, toemm	toemm	cynnes, twym	te	te	blÃ th	Ã§heh	[Term?]
181	cold (as in weather)	*ougros		Fruar ? hoar~rau-reif	~âœ“	yen, yein	yeyn	oer	Ãºar	fuar	fuar	feayr	ogro-
182	full	*É¸lÄnos		<< plenty, filleun	?âœ“	leun	leun	llawn	lÃ¡n	lÃ¡n	lÃ n	lane	lanius
183	new	*nouyos		âœ“	âœ“	nevez	nowydh	newydd	nÃºa	nua, Ãºr	Ã¹r, nuadh	noa, oor	noviio-
184	old	*senos		senioâœ“, koth?	âœ“	kozh, (old) hen	koth, hen	hen	sen	sean	sean	shenn	seno-
185	good	*dagos, *matis		Maat!!!! dÃ¹g<>good@Sumer!	!!!âœ“âœ“!?	mat, (old) da	da, mas	da, mad	maith, dag, so-	maith, dea-	math	mie	matu-, dago-
186	bad	*drukos		Dreck/DrÃ¼ck: tragish, fallen (fruit)	!âœ“	fall, drouk	drog	drwg	olc, droch-	olc, droch-, dona	dona, olc	olk, drogh	druca
187	rotten (as, a log)	*bragnos		braun? Powder!?	?âœ“	brein	breyn, poder	braen, pwdr	brÃ©n	lofa, brÃ©an	lobhte	loau, breinn	[Term?]
188	dirty	*salÄkos		lausig, browned, Schlacke?	!âœ“	lous	plos	brwnt, budr	salach	salach	salach	sollagh, broghe, breinnagh	[Term?]
189	straight			derechia	âœ“	eeun	ewn	syth	dÃ­riuch	dÃ­reach	dÃ¬reach	jeeragh	[Term?]
190	round	*krundis		âœ“ Kroundh ++	âœ“	ront, krenn	krenn	crwn	cruinn	cruinn	cruinn	cruinn	[Term?]
191	sharp (as a knife)	*kerbos		âœ“ cerb Ã§erp lymm?	âœ“ / ?	lemm	lymm	miniog, llym	gÃ©r, Ã¡ith	gÃ©ar	geur	geyre	[Term?]
192	dull (as a knife)	*mailos		dull foul mal âœ“ âœ“	âœ“	dall		pÅµl	mÃ¡el	maol	maol	moal	[Term?]
193	smooth	*slimonos		Slimeooth :) min? Laufen?	?âœ“	lintr, levn	leven, gwastas	llyfn	rÃ©id, mÃ­n	mÃ­n	mÃ¬n	meein, rea	[Term?]
194	wet	*wlikÊ·os		Glibschig ++ fluidh	!âœ“	gwleb	glyb, gwlygh	gwlyb	fliuch	fliuch	fliuch	fliugh	[Term?]
195	dry (adjective)	*siskÊ·os		secco tir~dry	âœ“	sec'h	sych	sych	tÃ­rim	tirim	tioram	Ã§hirrym	[Term?]
196	right (correct)	*eÉ¸inos WTF		âœ“ certain correct righzht	âœ“	reizh	ewn	iawn, cywir, certh	cert, cÃ³ir	ceart	ceart	kiart	[Term?]
197	near	*onkos n?	next  ğ“ ğ“¡ ğ“ˆ– ğ“‚»  reverse	an.kit á‡á·á cÉ¨t dakat@Malay	!âœ“? <<	tost, ogos	ogas	agos	ocus	cÃ³ngarach, in aice	faisg, dlÃ¹th	faggys, er Ã§heu, er gerrey	[Term?]
198	far	*kÊ·eslos, *kÄ“nos â€“ WTF		pel~far~fada !	~?	pell	pell	pell	cÃ­an, i fat	fada	fada	foddey	[Term?]
199	right (side)	*dexswos		derechia	âœ“	dehou	deghow	de	dess	deas	deas	jesh	[Term?]
200	left (side)	*klÄ“yos		kleftz	<<	kleiz, klez	kledh	chwith	clÃ©, tÃºath-	clÃ©	clÃ¬	clee, toshtal	[Term?]
201	at	*onkos WTF!!		da, at, ort, oc, og, aux !	âœ“	da	orth	at, wrth	oc	ag	aig	ec	[Term?]
202	in	*eni		in an en	âœ“	e, en, e-barzh, ba	yn	yn, mewn	i	i	ann	ayns	[Term?]
203	with (accompanying)	*kom, *kantÄ		Com <> ganz!! <<	âœ“	gant, get	gans	Ã¢, gan, gyda, efo	co, la, i n-arrad	le	le	lesh, marish	[Term?]
204	and	*-kÊ·e, *atkÊ·e, *eti		â€¢qve ad he ! <<<	âœ“	ha, hag	ha, hag	a	ocus	agus	agus	as	[Term?]
205	if	*smÄ		sein si may MA? !!! <<<<<	!!!âœ“âœ“!?	ma, mar, pe	mar	os, pe	mÃ¡, dÃ­a	mÃ¡, dÃ¡	ma, nan	my, ga	[Term?]
206	because	Ã³re		*car!	~âœ“ â€¦	abalamour ma, peogwir	drefenn	achos, oherwydd	Ã³re	Ã³ir	oir	er-yn-oyr	[Term?]
207	name	*anman		ğ“‚‹ ğ“ˆ– rainm !!!	!âœ“	anv	hanow	enw	ainmm	ainm	ainm	ennym	anuana
													
		Comparison table											
	English	Welsh 				Cornish 	Breton 	Irish 	Scottish Gaelic 	Manx 			
	bee	gwenynen 	gwenenen beach	queen bee	âœ“ <3 	gwenenen 	gwenanenn 	beach 	seillean, beach 	shellan 			
	chair	cadair 		chaise <cede,sit	âœ“	kador 	kador 	cathaoir 	cathair, seidhir 	caair 			
	cheese	caws 		caws	âœ“	keus 	keuz 	cÃ¡is 	cÃ is(e) 	caashey 			
	estuary, mouth of a river	aber 	*endo-ber-o	entry < ein-trag	âœ“	aber 	aber 	inbhear 	inbhir 	inver 			
	full	llawn 	*plÌ¥hâ‚n	Fillen > long lane?	âœ“	leun 	leun 	lÃ¡n 	lÃ n 	lane 			
	goat	gafr 	gaver	capri	âœ“	gaver 	gavr 	gabhar 	gobhar 	goayr 			
	house	tÅ· 	teach, tigh		<< ? Tisch < Î´Î¯ÏƒÎº	chi 	ti 	teach, tigh 	taigh 	thie 			
	lip (anatomical)	gwefus 	Gli.Pus 	Bussi bÄsium, Ø¨ÙˆØ³ÛŒØ¯Ù†â€ 	âœ“-+-	gweus 	gweuz 	liopa, beol 	bile, lip 	meill 			
	silver, money	arian, prÃªs 	moneiz, arcÊ¼hant		âœ“	mona, arhans 	moneiz, arcÊ¼hant 	airgead 	airgead 	argid 			
	night	nos 			âœ“	nos 	noz 	oÃ­che 	oidhche 	oie 			
	number	rhif, nifer 	â† â€“ 		âœ“	niver 	niver 	uimhir 	Ã ireamh 	earroo 			
	outside	tu mas, tu allan 	i mmaig	ante mesa ^^ tisch = house /field	<< >>	yn-mes 	er-maez 	amuigh 	a-muigh 	mooie 			
	pear	gellygen, peren 	piorra 		âœ“	peren 	perenn 	piorra 	peur/piar 	peear 			
	quarry, mine	chwarel, mwynglawdd 	cairÃ©al, mengleuz		âœ“ <	mengleudh 	mengleuz 	cairÃ©al 	coireall, cuaraidh 	quarral 			
	school	ysgol 	Ysgol @ Hun		âœ“	skol 	skol 	scoil 	sgoil 	scoill 			
	star	seren 	Steren > seren â˜¾ !		âœ“	steren 	steredenn 	rÃ©alta 	reul, rionnag 	rollage 			
	today	heddiw 	Heddiw < hodie		âœ“ heute!	hedhyw 	hiziv 	inniu 	an-diugh 	jiu 			
	(to) fall	cwympo 				kodha 	kouezhaÃ± 	tit(im) 	tuit(eam) 	tuitt(ym) 			
	(to) smoke	ysmygu 				megi 	mogediÃ±, butuniÃ± 	caith(eamh) tobac 	smocadh 	toghtaney, smookal 			
	(to) whistle	chwibanu 				hwibana	c'hwibanat 	feadÃ¡il 	fead 	fed 			
