â„– 	English 	Arabic 	Romanized Arabic 	Root	Aryan	ğŸ—¸	Maltese 	Hebrew 	Romanized Hebrew 	Egyptian r(êœ£) n(j) kmt	Syriac 	Romanized Syriac 	Romanized Akkadian 	Ge'ez 	Romanized Ge'ez 	Maltese 		Romanized Coptic 	Tarifiyt Berber 	Hausa 	Oromo (Wallagga) 	Somali				
1	I 	Ø£Ù†Ø§â€ 	Ê¾Ã¡na 	Ante-ai	AI, anei!	ğŸ—¸	jiena, jien 	×× ×™â€, ×× ×›×™â€ 	Ê¾ani, Ê¾Ã¢nÃ³xi 	jnk	ÜÜ¢Üâ€ 	Ê¾enÄ 	anÄku 	áŠ áŠ 	Ê¾ana 	jiena, jien 		anok 	nÉ™Å¡Å¡ 	nÃ­i 	ana, na 	ani				
2	you 	Ø£Ù†Øªâ€ ,Ø£Ù†Øªâ€ 	Ê¾anta m, Ê¾anti f 	AnTe-he	TA	ğŸ—¸	inti, int 	××ª×”â€, ××ªâ€ 	Ê¾attÃ¢ m, Ê¾at f 	OE: á¹¯wt (m.), á¹¯mt (f.) 	ÜÜ¢Ü¬â€ m, ÜÜ¢Ü¬Üâ€ f 	Ê¾at m, Ê¾at(ti) f 	atta m, atti f 	áŠ áŠ•á‰°, áŠ áŠ•á‰² 	Ê¾anta m, Ê¾anti f 	inti, int 		ntok m, nto f 	Å¡É™kk, Å¡É™mm 	kÃ¡i, kÃ©e 	si 	adi				
3	he 	Ù‡Ùˆâ€ 	hÃºwa 	whowe	(s)he who! Su!	ğŸ—¸	huwa, hu 	×”×•× 	hu 	OE: swt (m.), stt (f.) 	Ü—Ü˜â€ 	hu 	Å¡Å« 	á‹áŠ¥á‰± 	wÉ™Ê¾É™tu 	huwa, hu 		ntof m, ntos f 	nÉ™tta m, nÉ™ttaÅ§ f 	shÃ­i m, Ã­tÃ¡ f 	isa 	isa m, iyaf				
4	we 	Ù†Ø­Ù†â€ 	nÃ¡Ä§nu 	Ante-nou	nous	ğŸ—¸	aÄ§na 	×× ×—× ×• 	Ê¾anaÄ§nu 	jnn	ÜšÜ¢Ü¢â€, ÜÜ¢ÜšÜ¢Ü¢â€ 	Ä§nan, (Ê¾)naÄ§nan 	nÄ«nu 	áŠ•áˆ•áŠ 	nÉ™Ä§na 	aÄ§na 		anon 	nÉ™Å¡Å¡in 	mÃºu 	nu 	inna (incl.), aanna (excl.)				
5	you 	Ø£Ù†ØªÙ…â€ m, Ø£Ù†ØªÙ†â€ f, Ø£Ù†ØªÙ…Ø§â€ m/f dual 	Ê¾Ã¡ntum m, Ê¾antunna f, Ê¾antumÄ m/f dual 	Ante-tun	thine	ğŸ—¸	intom 	××ª×, ××ª×Ÿ 	Ê¾attem m, Ê¾atten f 	ntá¹¯n	ÜÜ¢Ü¬Ü˜Ü¢â€ m, ÜÜ¢Ü¬ÜÜ¢â€ f 	Ê¾attÅn m, Ê¾attÄ“n f 	attunu m, attina f 	áŠ áŠ•á‰µáˆ™, áŠ áŠ•á‰µáŠ• 	Ê¾antÉ™mu m, Ê¾antÉ™n f 	intom 		ntÅtn 	kÉ™nniw, kÉ™nnint 	kÃºu 	isin 	idin				
6	they 	Ù‡Ù…â€ m, Ù‡Ù†â€f, Ù‡Ù…Ø§â€ m/f dual 	hum m, hÃºnna f, humÄ m/f dual 	'hem	them!	ğŸ—¸	huma 	×”×â€, ×”×Ÿâ€ 	hÃ©m m, hÃ©n f 	ntsn	Ü—Ü¢Ü˜Ü¢â€ m, Ü—Ü¢ÜÜ¢â€ f 	hennÅn m, hennÄ“n f 	Å¡unu m, Å¡ina f 	áŠ¥áˆ™áŠ•á‰±, áŠ¥áˆ›áŠ•á‰± 	Ê¾É™mmuntu m, Ê¾É™mmÄntu f 	huma 		ntou 	nihni, nihÉ™nti 	sÃºu 	isaan 	iya				
7	this 	Ù‡Ø°Ø§â€ m, Ù‡Ø°ï»©â€ f 	hÄÃ°Ä m, hÄÃ°ihi f 	thadan	this that dieser da	ğŸ—¸	dan m, din f 	×”×–×”â€ ,×–×” ,×–×•, ×–××ª 	ze m, zÃ³, zÃ³Î¸ f 	OE: pj, pw, pn (m. det.), tj, tw, tn (f. det.), nw, nn (pron.) 	Ü—Ü¢Üâ€ m, Ü—Ü•Üâ€ f 	hÄnÄ m, hÄÃ°Ä“ f 	annÃ» 	á‹-, á‹áŠ•á‰±, á‹›/á‹›á‰² 	zÉ™-, zÉ™ntu m, zÄ/zÄti f 	dan m, din f 	den	Err:509	#NAME?	wÃ¡nnÃ n 	kana 	kan m, tan m				
8	that 	Ø°Ù„Ùƒâ€ m, ïº«ïºï»™â€ m, ØªÙ„Ùƒâ€ f, ØªÙŠÙƒâ€ 	Ã°Älika m, Ã°Äka m, tÃ­lka f, tika f 	daica	dieser	~	dak m, dik f 	×”×”×•×â€, ×”×”×™×â€ 	hahu m, hahi f 	OE: pf (m. det.), tf (f. det.), nf (pron.) 	Ü—Ü˜â€ m, Ü—Üâ€ f 	hÄw m, hÄy f 	Å¡Å«, ullÃ» 	á‹áŠ­á‰± 	zÉ™ktu 	dak m, dik f 	dac das	Err:509	Err:509	wÃ¡ncÃ n 	san 	kaas m, taas f				
9	here 	Ù‡Ù†Ø§â€ 	hunÄ 		!		hemm 	×”× ×”â€ ,×¤×” 	pÃ³, hinnÃ© 	êœ¥n, êœ¥êœ£	Ü—ÜªÜŸÜâ€ 	harkÄ 	annÃ¢nu 	á‹˜á‹¨ 	zaya 	hemm 	hin jener			nan 		halkan				
10	there 	Ù‡Ù†Ø§Ùƒâ€, Ù‡Ù†Ø§Ù„Ùƒâ€ 	hunÄka, hunÄlika 			Â½ 	hawn 	×©× 	Å¡Ã¢m 	êœ¥f	Ü¬Ü¡Ü¢â€ 	tammÄn 		áˆ…á‹¨ 	hÉ™yya 	hawn 	hierna			can 		halkaas				
11	who 	Ù…Ù†â€ 	man 	ğ“…“	~man ma.un		min 	××™ 	mi 	mj	Ü¡Ü¢â€ 	man 	mannu 	áˆ˜áŠ‘ 	mannu 	min 				wanda 	eeÃ±Ã±u 					
12	what 	Ù…Ø§â€, Ù…Ø§Ø°Ø§â€ 	mÄ, mÄÃ°Ä 	ğ“…“ mwhat	what matter 	~!	xi 	××” 	ma 	mj, já¸«, jÅ¡st	Ü¡Üâ€, Ü¡Ü¢â€, Ü¡Ü¢Üâ€, Ü¡Ü˜Ü¢â€ 	mÄ, mÄn, mÄnÄ, mÅn 	mÄ«nu 	áˆáŠ•á‰µ 	mÉ™nt 	xi 	qui ment--			me 	maal 	maxaa				
13	where 	Ø£ÙŠÙ†â€ 	Ê¾Ã¡yna 	In-near	in, an, near	~	fejn 	××™×¤×”, ×× ×” 	Ê¾Ã©fo (where is), Ã¢nÃ¢ (where to) 	á¹¯nj	ÜÜÜŸÜâ€ 	Ê¾aykÄ 		áŠ á‹­á‰´ 	Ê¾ayte 	fejn 	whei* Ã r, in, to !			inaa 						
14	when 	Ù…ØªÙ‰â€ 	matÄ 	ma time	what matter time	~	meta 	××ª×™ 	mÃ¢Î¸ay 	zy nw	ÜÜ¡Ü¬Üâ€ 	Ê¾emmaÎ¸(i) 		áˆšáŒŠá‹œ 	mi-gize 	meta 	ma.taim			yaushe 		markee				
15	how 	ÙƒÙŠÙâ€ 	kÃ¡yfa 	qhwi	How / wie		kif 	××™×šâ€ 	Ã©x 	mj mj, mj já¸«	ÜÜÜŸÜ¢â€, ÜÜÜŸÜ¢Üâ€ 	Ê¾aykan, Ê¾aykannÄ 	ana mÄ«ni, ammÄ«ni 	áŠ¥á 	Ê¾É™ffo 	kif 	quev qhow ++ qwie		yaya 							
16	not 	Ù…Ø§â€, Ù„Ø§â€, Ù„Ù…â€ 	mÄ (past), lÄ (present), lam (perfect) 	lama mnila	mo~lo ~ nulla	ğŸ—¸ ~	ma 	×œ×, ××œ 	lÃ³, al 	OE: nj 	Ü Üâ€ 	lÄ 	ul, lÄ 	áŠ¢ 	Ê¾i 	ma 	mo			ba 	ii'ii 	ma				
17	all 	ÙƒÙ„â€ 	kull 	kalle	all	ğŸ—¸	kollu m, kollha f/pl 	×›×œ 	kÃ³l 	nb	ÜŸÜ â€ 	kol 	kalÃ» 	áŠ²áˆ 	kÊ·É™ll 	kollu m, kollha f/pl 	kall		marra 	dÃºkÃ  	hundaa 	kulli				
18	many 	ÙƒØ«ÙŠØ±â€ 	kaÎ¸Ä«r 		sehr	~	Ä§afna 	×”×¨×‘×”â€ 	harbÃ© 	êœ¥Å¡êœ£	Ü£Ü“Üâ€ 	saggi 	mÄdu 	á‰¥á‹™áˆ• 	bÉ™zuÄ§ 	Ä§afna 		naÅ¡e 		yaya 		badan				
19	some 	Ø¨Ø¹Ø¶â€, ÙƒÙ…â€ 	baÊ¿á¸, kam 	quame	Some ++	ğŸ—¸		×›××”â€ 	kammÃ¢ 	nhj	ÜŸÜ¡Üâ€ 	kmÄ 		áˆµááŠ• 	sÉ™fn 		sÉ™fvn~some			want 	gar(i) 	qaar				
20	few 	Ù‚Ù„ÙŠÙ„â€ 	qalÄ«l 	culi	! / â€¦?	ğŸ—¸	ftit 	××¢×˜â€ 	m'Ê¿aá¹­ 	nhj	Ü’Ü¨ÜÜªÜâ€ 	bá¹£Ä«rÄ 		áŠ…á‹³áŒ¥ 	á¸«É™dÄá¹­ 	ftit 	ftit~few									
21	other 	Ø¢Ø®Ø±â€, Ø£Ø®Ø±Ù‰â€, Ø£Ø®Ø±â€ 	Äxar m, Ê¾ÃºxrÄ f, Ê¾Ãºxar pl 	otxar	other	ğŸ—¸	ieÄ§or m, oÄ§ra f, oÄ§rajn pl 	××—×¨â€, ××—×¨×ªâ€, ××—×¨×™×â€, ××—×¨×•×ªâ€ 	Ê¾aÄ§Ã©r m, Ê¾aÄ§eret f, Ê¾aÄ§Ã©rim m pl, Ê¾aÄ§Ã©rÃ³Î¸ f pl 	ky	ÜÜšÜªÜ¢Üâ€ m, ÜÜšÜªÜ¬Üâ€ f 	(Ê¾a)Ä§renÄ m, (Ê¾a)Ä§retÄ f 	Å¡anÃ» 	áŠ«áˆáŠ¥ 	kÄlÉ™Ê¾ 	ieÄ§or m, oÄ§ra f, oÄ§rajn pl 	-			wasu 	biraa 	kale				
22	one 	ÙˆØ§Ø­Ø¯â€, ÙˆØ§Ø­Ø¯Ø©â€ 	wÄÄ§id m, wÃ¡Ä§da f 	wone, herst		ğŸ—¸	wieÄ§ed m, waÄ§da f 	××—×“â€, ××—×ªâ€ 	Ê¾eÄ§Ã¢d m, Ê¾eÄ§Ã¢Î¸ f 	wêœ¥	ÜšÜ•â€ m, ÜšÜ•Üâ€ f 	Ä§aÃ° m, Ä§Ã°Ä f 	iÅ¡tÄ“n m, iÅ¡tÄ“t f 	áŠ áˆ€á‹± 	Ê¾aÄ§adu 	wieÄ§ed m, waÄ§da f 	wone/ eherst	ouai 	iÅ¾Å¾É™n, iÅ¡tÉ™n 	É—Ã¡yÃ¡ 	tokko 	hal				
23	two 	Ø§Ø«Ù†Ø§Ù†â€, Ø§Ø«Ù†ÙŠÙ†â€, Ø§Ø«Ù†ØªØ§Ù†â€, Ø§Ø«Ù†ØªÙŠÙ†â€ 	TnÄ«n, Ê¾iÎ¸nÄn, Ê¾iÎ¸nÃ¡yn m, Ê¾iÎ¸natÄn, Ê¾iÎ¸natÃ¡yn f 	twin! Secnon nin!	econ@turk	ğŸ—¸	tnejn 	×©× ×™×â€, ×©×ª×™×â€ 	Å¡'nayim m, Å¡'tayim f 	snwj	Ü¬ÜªÜÜ¢â€ m, Ü¬ÜªÜ¬ÜÜ¢â€ f 	trÃ©n m, tartÃ©n f 	Å¡inÄ m, Å¡ittÄ f 	áŠ­áˆáŠ¤á‰± 	kÉ™lÊ¾etu 	tnejn 	twin, sin!@EG!	áµŠsnau 	Å§nayÉ™n (< Ar.) 	bÃ­yÃº 	lama 	laba	22 = tnÄ«n w Ê»Å¡rÄ«n (lit. two and twenty			
24	three 	Ø«Ù„Ø§Ø«Ø©â€, Ø«Ù„Ø§Ø«â€ 	Î¸alÄÎ¸a m, Î¸alÄÎ¸ f 	Î¸rÄÎ¸	third	ğŸ—¸ğŸ—¸	tlieta 	×©×œ×©×”â€, ×©×œ×©â€ 	Å¡'lÃ³Å¡Ã¢ m, Å¡Ã¢lÃ³Å¡ f 	á¸«mtw	Ü¬Ü Ü¬Üâ€ m, Ü¬Ü Ü¬â€ f 	tlÄÎ¸Ä m, tlÄÎ¸ f 	Å¡alÄÅ¡ m, Å¡alÄÅ¡at f 	áˆ áˆˆáˆµá‰± 	Å›alastu 	tlieta 	tres	Å¡omt 	Å§Å™aÅ§a (< Ar.) 	ÃºkÃ¹ 	sadii 	saddex				
25	four 	Ø£Ø±Ø¨Ø¹Ø©â€, Ø§Ø±Ø¨Ø¹â€ 	Ê¾Ã¡rbaÊ¿a m, Ê¾Ã¡rbaÊ¿ f 	urbis, furt afur áµŠftou	fourbta!	ğŸ—¸ğŸ—¸	erbgÄ§a 	××¨×‘×¢×”â€, ××¨×‘×¢â€ 	Ê¾arbÃ¢Ê¿Ã¢ m, Ê¾arbaÊ¿ f 	jfdw	ÜÜªÜ’Ü¥Üâ€ m, ÜÜªÜ’Ü¥â€ f 	Ê¾arbÊ¿Ä m, Ê¾arbaÊ¿ f 	erbe m, erbet f 	áŠ áˆ­á‰ á‹•á‰± 	Ê¾arbaÊ¿tu 	erbgÄ§a 	fourba!	áµŠftou 	ÄÆ€Ê•a (< Ar.) 	hÃºÉ—Ãº 	afur 	afar				
26	five 	Ø®Ù…Ø³Ø©â€, Ø®Ù…Ø³â€ 	xÃ¡msa m, xams f 	phemtha	!!	ğŸ—¸ğŸ—¸	Ä§amsa 	×—××©×”â€, ×—××©â€ 	Ä§amiÅ¡Å¡Ã¢ m, Ä§Ã¢mÃ©Å¡ f 	djw	ÜšÜ¡Ü«Üâ€ m, ÜšÜ¡Ü«â€ f 	Ä§amÅ¡Ä m, Ä§ammeÅ¡ f 	xamiÅ¡ m, xamÅ¡at f 	áŠ€áˆ˜áˆµá‰± 	á¸«amastu 	Ä§amsa 	phemtha	áµŠtiou 	xÉ™msa (< Ar.) 	bÃ¬yÃ¡rÌƒ 	Å¡an 	shan				
27	big 	ÙƒØ¨ÙŠØ±â€ 	KabÄ«r  <> kaÎ¸Ä«r 	kaâ€™ar / birg	!	ğŸ—¸	kbir 	×’×“×•×œâ€ 	gÃ¢Ã°Ã³l 	êœ¥êœ£	ÜªÜ’Üâ€, ÜŸÜ’ÜÜªÜâ€ 	rabbÄ, kabbÄ«rÄ 	rabÃ»m 	á‹á‰¢á‹­ 	Ê¿abiyy 	kbir 	gaiâ€™ir gebirg gebail	noc 	amÉ™qqrâ€™an 	bÃ bbÃ¡ 		wayn				
28	long 	Ø·ÙˆÙŠÙ„â€ 	á¹­awÄ«l 		tall	ğŸ—¸ğŸ—¸	twil 	×Ö¸×¨Ö¹×šÖ°â€ 	Ã¢rÃ³x 	êœ£w	ÜÜªÜÜŸÜâ€ 	Ê¾arrÄ«xÄ 		áŠá‹‹áŠ… 	nawwÄá¸« 	twil 	tall	Å¡oi 	aziyrÄ 	mÃ i tsÃ¡wÃ³o 		dheer				
29	wide 	Ø±Ø­Ø¨â€, ÙˆØ§Ø³Ø¹â€ 	raÄ§b, wÄsiÊ¿ 	waiÃ°e	wide, rahab?	ğŸ—¸ğŸ—¸	wiesa' 	×¨×—×‘â€ 	rÃ¢Ä§Ã¢v 	wsá¸«	ÜªÜ˜ÜÜšÜâ€, Ü¦Ü¬ÜÜâ€ 	rwÄ«xÄ, paÎ¸yÄ 		áˆ­áˆ‘á‰¥ 	rÉ™Ä§ub 	wiesa' 	waiÃ°e				bal'aa, booccoo 	ballaadhan				
30	thick 	Ø³Ù…ÙŠÙƒâ€ 	samÄ«k 	thmik~thick		ğŸ—¸	oÄ§xon 	×¢×‘â€ 	Ê¿Ã¢v 	wmt	Ü¥Ü’ÜÜ›Üâ€ 	Ê¿vÄ«á¹­Ä 		áŒˆá‹™á 	gazuf 	oÄ§xon 						balaadhan				
31	heavy 	Ø«Ù‚ÙŠÙ„â€ 	Î¸aqÄ«l 	tequila;)	tacho?		tqil 	×›×‘×“â€ 	kÃ¢vÃ©Ã° 	dns	Ü¢Ü›ÜÜ Üâ€, ÜÜ©Ü˜ÜªÜâ€ 	ná¹­Ä«lÄ, yaqqurÄ 	kabtu 	áŠ¨á‰¡á‹µ 	kabud 	tqil 		horÅ¡ 	Ä‘qÉ™Å™ (< Ar.) 	mÃ i nÃ¡uyÃ­i 		culus				
32	small 	ØµØºÙŠØ±â€ 	á¹£aÄŸÄ«r 	á¹£aÄŸÄ«r! 	<<	ğŸ—¸	Å¼gÄ§ir 	×§×˜×Ÿâ€ 	qÃ¢á¹­Ã¢n 	ná¸s	Ü™Ü¥Ü˜ÜªÜâ€ 	zÊ¿ÅrÄ 	á¹­exru 	áŠ•áŠ¡áˆµ 	nÉ™Ê¾us 	Å¼gÄ§ir 				k'arami 		yar				
33	short 	Ù‚ØµÙŠØ±â€ 	qaá¹£Ä«r 	qaá¹£Ä«r 	<<	ğŸ—¸	qasir 	×§×¦×¨â€ 	qÃ¢á¹£Ã¢r 	á¸¥wêœ¥	ÜŸÜªÜÜâ€ 	karyÄ 	karÃ» 	áŠ…áŒ¹áˆ­ 	á¸«É™á¹£ur 	qasir 				guntu 		gaaban				
34	narrow 	Ø¶ÙŠÙ‚â€ 	á¸Ã¡yyiq 	dar@Turk	<> dÃ¼rr	ğŸ—¸	dejjaq 	×¦×¨â€ 	á¹£Ã¢r 	gêœ£w, á¸¥ns	Ü¥ÜÜ©Üâ€ 	Ê¿Ä«qÄ 	qatnu 	áŒ¸á‰¢á‰¥ 	á¹£abib 	dejjaq 				siriri 		ciriiri				
35	thin 	Ø±Ù‚ÙŠÙ‚â€ 	raqÄ«q 	reck?			rqiq 	×“×§â€ 	daq 	pêœ£q	ÜªÜ©ÜÜ©Üâ€, Ü›Ü ÜÜšÜâ€ 	raqqÄ«qÄ, á¹­lÄ«Ä§Ä 	qatnu 	á‰€áŒ¢áŠ•/á‹°á‰‚á‰… 	qaá¹­in/daqiq 	rqiq 						dhuuban				
36	woman 	Ø§Ù…Ø±Ø£Ø©â€ 	Ê¾imrÃ¡Ê¾a 	(w)himaran! Matra?	Ische	~<?	mara 	××©×”â€ 	Ê¾iÅ¡Å¡Ã¢ 	zt, á¸¥mt	ÜÜ¢Ü¬Ü¬Üâ€ 	Ê¾attÉ™Î¸Ä 	sinniÅ¡tu 	á‰¥áŠ¥áˆ²á‰µ 	bÉ™Ê¾É™sit 	mara 		te-shime (hiome) 	Å§amÉ£Äâ€™Å§, Å§amÉ™tâ€™tâ€™uÅ§ 	mÃ cÃ¨ 		dumar				
37	man	Ø±Ø¬Ù„â€ 	rÃ¡jul 	ğ“‚‹ ğ“¿ ğ“€€ ğ“ ğ“¥	Raul Rojas Recke	ğŸ—¸â„¢!!		××™×©â€ 			Ü“Ü’ÜªÜâ€ 	p-hoout 	Ê¾iÅ¡ 		rmá¹¯	gavrÄ 		zikaru 	á‰¥áŠ¥áˆ² 	bÉ™Ê¾É™si 	raÄ¡el 	p-hoout 	Äyaz 	nÃ¡mÃ­jÃ¬ 		rag
38	human	Ø§Ù†Ø³Ø§Ù†â€ 	Ê¾insÄn 	andamn	insane@turk! ;_	â„¢	p-rÅme 	××“×â€, ×× ×•×©â€ 	Ê¾Ã¢Ã°Ã¢m, Ê¾É™nÅÅ¡ 	á¸¥mt	ÜÜ¢Ü«Üâ€ 	Ê¾É™nÄÅ¡Ä 	awÄ«lu 	áˆ°á‰¥áŠ¥/áˆ°á‰¥áŠ£á‹Š 	sabÉ™Ê¾/sabÊ¾Äwi 	bniedem 		P-rÅme !! roman@copt	Æ€naÄ‘É™m (< Ar.) 	mÃ¹tÃ»m 	nama 	nin				
39	child 	ÙˆÙ„Ø¯â€ 	walad 	Wild chwilad lad	child, TÃ¶ffel, â€¦Balt?	+?	tifel 	×™×œ×“â€ 	yeleÃ° 	hj	ÜÜ Ü˜Ü•Üâ€ 	yalluÃ°Ä 	á¹£exru, mÄru 	áˆ•áƒáŠ•/á‹ˆáˆá‹µ, á‹ˆáˆˆá‰µ 	Ä§É™á¸Än/wald (m.), walatt (f.) 	tifel 		p-Å¡Ä“re 	aÄ§É™nÅ¾ia, Å™Æ€É™zâ€™zâ€™ 	É—Ã¡a, 'yÃ¡a 		cunug				
40	wife 	Ø²ÙˆØ¬Ø©â€ 	zÃ¡wja 	Zofe ~ wajfaz	!	~?	mara 	××©×”â€ 	Ê¾iÅ¡Å¡Ã¢ 	mwt	ÜÜ¢Ü¬Ü¬Üâ€ 	Ê¾attÎ¸Ä 	aÅ¡Å¡atu 	á‰¥áŠ¥áˆ²á‰µ 	bÉ™Ê¾É™sit 	mara 		te-shime (hiome) 	Å§amÉ£Äâ€™Å§ 	mÃ atÃ¡a 		xaas				
41	husband 	Ø¨Ø¹Ù„â€ 	baÊ¿l 	Balâ„¢ bull, fu!	fool?	â„¢	Å¼ewÄ¡ 	×‘×¢×œâ€ 	baÊ¿al 	jt	Ü’Ü¥Ü Üâ€ 	baÊ¿lÄ 	mutu 	áˆá‰µ/á‰ á‹“áˆ 	mÉ™t/baÊ¿Äl 	Å¼ewÄ¡ 		p-hai, p-hoout 	Äyaz 	mÃ­jÃ¬i 		nin				
42	mother 	Ø£Ù…â€ 	Ê¾umm 	mamme	mama	ğŸ—¸	omm 	××â€ 	Ê¾Ã©m 	êœ¥wt (four-legged animals)	ÜÜ¡Üâ€ 	Ê¾emmÄ 	ummu 	áŠ¥áˆ 	Ê¾É™mm 	omm 		t-maau 	yÉ™mma (< Ar.?) 	ÃºwÃ¡a 		hooyo				
43	father 	Ø£Ø¨â€ 	Ê¾ab 	papa		ğŸ—¸	missier 	××‘â€ 	Ê¿Ã¢v 	rm	ÜÜ’Üâ€ 	Ê¾avÄ 	abu 	áŠ á‰¥ 	Ê¾ab 	missier 		p-eiÅt (eiote) 	Æ€aÆ€a (< Ar.?) 	Ã¹bÃ¡a 		aabbe				
44	animal 	Ø­ÙŠÙˆØ§Ù†â€ 	Ä§ayawÄn 	! huryvanâ„¢	 Ñ…Ğ°Ğ¹Ğ²Ğ°Ğ½ (Pers.)	<<<	annimal 	×—×™×”â€ 	Ä§ayyÃ¢ 	êœ£pd	ÜšÜÜ˜Ü¬Üâ€ 	Ä§ayyuÎ¸Ä 		áŠ áˆ­á‹Œ 	Ê¾arwe 	annimal 		p-táµŠvnÄ“ (táµŠvnooue) 	lÄ§ayawan (< Ar.) 	dÃ¡bbÃ a (< Ar.?) 		bahal				
45	fish 	Ø³Ù…ÙƒØ©â€ 	sÃ¡maka 	á¹¯zm!		?	Ä§uta 	×“×’â€ 	dÃ¢ÄŸ 	á¹¯zm	Ü¢Ü˜Ü¢Üâ€ 	nÅ«nÄ 	nÅ«nu 	á‹“áˆ£ 	Ê¿ÄÅ›Ä 	Ä§uta 		p-táµŠvt 	asÅ™É™m 	kÃ­ifÃ­i 	qurt'ummii 	kalluun, mallaay				
46	bird 	Ø·ÙŠØ±â€, Ø¹ØµÙÙˆØ±â€ 	á¹­ayr, Ê¿aá¹£fÅ«r 	tchir(p) Ghas-fur	Goosefur!! Tier@Taur	â„¢ <<	gÄ§asfur 	×¦×¤×•×¨â€, ×¢×•×£â€ 	á¹£ippÃ³r, Ê¿Ã³f 	ktt	Ü›ÜÜªÜâ€, Ü¨Ü¦ÜªÜâ€ 	á¹­ayrÄ, á¹£efrÄ 	iá¹£á¹£Å«ru 	á‹–á 	Ê¿of 	gÄ§asfur 		p-halÄ“t (halate) 	aÅ¾Ä‘â€™iÄ‘â€™ 	tsÃºntsÃºu 	c'irrii 	shimbir				
47	dog 	ÙƒÙ„Ø¨â€ 	kalb 		KlÃ¤ff	ğŸ—¸	kelb 	×›×œ×‘â€ 	kelev 	á¸¥fêœ£w (m.), á¸¥fêœ£t (f.)	ÜŸÜ Ü’Üâ€ 	kalbÄ 	kalbu 	áŠ¨áˆá‰¥ 	kalb 	kelb 		pe-(o)uhor (ouhoor) 	ayÄ‘i, aqzin, ahÉ™ggÄ 	kÃ rÃ©e 	saree 	ey				
48	louse 	Ù‚Ù…Ù„Ø©â€ 	qÃ¡mla 	krumm.laus	<> camel?	ğŸ—¸?		×›× ×”â€ 	kinnÃ¢ 	fná¹¯	Ü©Ü Ü¡Üâ€ 	qalmÄ 	uplu 	á‰áˆ›áˆ 	qÊ·É™mÄl 				Å§iÅ¡Å¡É™Å¡Å§ (head), infÄ (body) 	kwÃ lkwÃ¡tÃ a (head), kwÃ rÌƒkwÃ¡tÃ a (body) 	c'inii, injiraan, injijii 	injir				
49	snake 	Ø­Ù†Ø´â€ 	Ä§anaÅ¡ 	hnathas	snake/natter	~ğŸ—¸	serp 	× ×—×©â€ 	nÃ¢Ä§Ã¢Å¡ 	nht, Å¡n	ÜšÜ˜ÜÜâ€ 	Ä§ewyÄ 	á¹£Ä“ru 	áŠ áˆ­á‹Œ áˆá‹µáˆ­/á‰°áˆ˜áŠ• 	Ê¾arwe mÉ™dr/taman 	serp 		t-hof (hvoui) 	fiÉ£Äâ€™, Å§aÅ™É™fsa 	mÃ¡cÃ¬ijÃ­i 	mar'ataa, bofa, Å¡aawwisa 	mas				
50	worm 	Ø¯ÙˆØ¯Ø©â€ 	dÅ«da 	ğ“›ğ“›!?			dudu 	×ª×•×œ×¢×ªâ€ 	tÃ³laÊ¿at 		Ü¬Ü˜Ü Ü¥Üâ€ 	tawlÊ¿Ä 		á‹•á„ 	Ê¿É™á¸e 	dudu 		p-fáµŠnt 	aÄ‘an n tmuaÅ§ 	tsÃºutsÃ a 		dixiri				
51	tree 	Ø´Ø¬Ø±Ø©â€ 	Å¡Ã¡jara 	Theieree,caygpra	tree, cypres, Esche	ğŸ—¸ Â½ 	siÄ¡ra 	×¢×¥â€ 	Ê¿Ã©á¹£ 	á¸«t	ÜÜÜ Ü¢Üâ€ 	Ê¾ilÃ¢nÄ 	iá¹£u 	á‹•áŒ½ 	Ê¿É™á¹£ 	siÄ¡ra 		p-Å¡Ä“n 	ssÉ™Å¾Å¾ÄÅ§ (< Ar.) 	Ã­tÃ acÃ©e 	muka 	geed				
52	forest 	ØºØ§Ø¨Ø©â€ 	ÄŸÄba 	garba?	Arba ~ Ê¿ÄvÄ 	ğŸ—¸ Â½ 		×™×¢×¨â€ 	yaÊ¿ar 	dqr, jÅ¡dt	Ü¥Ü’Üâ€ 	Ê¿ÄvÄ 		á‹–áˆ 	Ê¿om 				Å™É£aÆ€É™Å§ (< Ar.) 	dÃ¡ajÃ¬i 	baqqoo, daggala 	deegaan				
53	stick 	Ø¹ØµØ§â€ 	Ê¿aá¹£Ä 	qAst.am	Ast / Machetl	ğŸ—¸ Â½ 		××§×œâ€ 	maqqÃ©l 	prt	Ü©ÜÜ£Üâ€ 	qaysÄ 		á‰€áˆµá‰°áˆ/áˆ˜á‰…áˆ­á‹• 	qastam/maqrÉ™Ê¿ 					Sanada 		qori				
54	fruit 	ÙØ§ÙƒÙ‡Ø©â€ 	fÄkiha 	Phgu-HR-ta	fruit! Feige! Pear	ğŸ—¸ğŸ—¸~	frott 	×¤×¨×™â€ 	p'ri 	gêœ£bt	Ü¦ÜÜªÜâ€ 	pÃ©rÄ 		ááˆ¬ 	fÉ™rÃ© 	frott 		pe-(o)utah 	Å™xuÄ‘â€™ÄÅ§ (< Ar.) 	â€™yÃ¡rÌƒ Ã­tÃ acÃ©e 	ija 	miro				
55	seed 	Ø²Ø±Ø¹Ø©â€ 	zarÊ¿a 	zarta	Saat	ğŸ—¸ Â½ 	Å¼erriegÄ§a 	×–×¨×¢â€ 	zeraÊ¿ 	wêœ£b, mnyt	Ü™ÜªÜ¥Üâ€ 	zarÊ¿Ä 	zÄ“ru 	á‹˜áˆ­áŠ /á‰¥á‹áˆ­ 	zarÊ¾/bÉ™zr 	Å¼erriegÄ§a 		evra, croc 	Å™Ä§É™bb (< Ar.) 	Ã­rÃ¬i (< Kanuri?) 	garii, saÃ±Ã±ii 					
56	leaf 	ÙˆØ±Ù‚Ø©â€ 	wÃ¡raqa 	Werk!? Uruk?	Blatt-Werk	ğŸ—¸Â½? 	werqa 	×¢×œ×”â€ 	Ê¿Ã¢le 	qqtj	Ü›ÜªÜ¦Üâ€ 	á¹­arpÄ 		á‰ˆáŒ½áˆ 	qÊ·aá¹£l 	werqa 		cÅve 	Å§ifÄÅ¡Å§ 	gÃ¡nyÃ©e 	baala 	baal				
57	root 	Ø¬Ø°Ø±â€ 	jaÃ°r 	Cherche â‰  sar	JaÃ°r ~~ root	ğŸ—¸Â½? 	gÄ§erq 	×©×¨×©â€ 	Å¡Ã³reÅ¡ 	á¸¥rrt, wnb	Ü«ÜªÜ«Üâ€ 	Å¡erÅ¡Ä 	Å¡urÅ¡u 	áˆ¥áˆ­á‹ 	Å›É™rw 	gÄ§erq 		noune 	azâ€™wÄ 	sÃ¢iwÃ¡a, jÃ­ijÃ­yÃ a 		xidid				
58	bark 	Ù‚Ù„Ùâ€ 	qilf 	qoxra 	kara, kluft?--	~ğŸ—¸	qoxra 	×§×œ×¤×”â€ 	q'lippÃ¢ 	êœ¥nb	Ü©Ü Ü¦Ü¬Üâ€ 	qlÄftÄ 		á‰…áˆ­áá‰µ 	qÉ™rÉ™ft 	qoxra 						qolof				
59	flower 	Ø²Ù‡Ø±Ø©â€ 	zÃ¡hra 	fhjrra	flower	~ğŸ—¸	fjur 	×¤×¨×—â€ 	perah 	nwá¸¥	Ü—Ü’Ü’Üâ€ 	habbÄvÄ 		áŒ½áŒŒ 	á¹£É™gÃ© 	fjur 		pe-hrÄ“re 	Å§anÉ™wwaÅ¡Å§ 	fÃ¹rÃ©e 	daraaraa 	ubax				
60	grass 	Ø­Ø´ÙŠØ´â€ 	Ä§aÅ¡Ä«Å¡ 	grhaschisch	grass	ğŸ—¸ğŸ—¸~	Ä§axix 	×“×©×â€ 	deÅ¡eÊ¾ 	jnm	Ü“Ü Üâ€ 	gillÄ 	dÄ«Å¡u 	áˆ£á‹•áˆ­ 	Å›ÄÊ¿É™r 	Ä§axix 		p-sim 	arrÆ€iÊ• (< Ar.) 	cÃ¬yÃ¡awÃ a 	marga 	caws				
61	rope 	Ø­Ø¨Ù„â€ 	Ä§abl 	ğ“›!!	hroble	~ğŸ—¸	Ä§abel 	×—×‘×œâ€ 	Ä§evel 	jwf	ÜšÜ’Ü Üâ€ 	Ä§avlÄ 	eblu 	áˆá‰¥áˆ 	Ä§abl 	Ä§abel 		nouh 	iÇ§Ç§i, Å§amriaÅ§, asÉ£un 	Ã­gÃ­yÃ a 		xarig				
62	skin 	Ø¬Ù„Ø¯â€ 	jild 		Gilde? Yellow?	<<	Ä¡ilda 	×¢×•×¨â€ 	Ê¿Ã³r 	znf	Ü“Ü Ü•Üâ€ 	geldÄ 	gildu 	áˆ›áŠ¥áˆµ 	mÄÊ¾s 	Ä¡ilda 		p-Å¡aar 	Å§iÅ™mÉ™Å¡Å§ 	fÃ¡atÃ a 	gogaa, ittillee 	jir				
63	meat 	Ù„Ø­Ù…â€ 	laÄ§m 	â„¢	Lamm	â„¢	laÄ§am 	×‘×©×¨â€ 	bÃ¢sÃ¢r 	qs	Ü’Ü£ÜªÜâ€ 	besrÄ 		áˆ¥áŒ‹ 	Å›É™gÄ 	laÄ§am 		p-af 	aÃ§sum 	nÃ¡amÃ a 	foon 	hilib, so'				
64	blood 	Ø¯Ù…â€ 	dam 	[red]â„¢	â„¢ <> Darm	~ğŸ—¸	demm 	×“×â€ 	dÃ¢m 	mrá¸¥t	Ü•Ü¡Üâ€ 	dmÄ 	dÄmu 	á‹°áˆ 	dam 	demm 		pe-snof 	iÄ‘ammÉ™n 	jÃ­nÃ­i 	d'iiga 	dhiig				
65	bone 	Ø¹Ø¸Ù…â€ 	Ê¿aáº“m 	osteom		~ğŸ—¸	gÄ§adma 	×¢×¦×â€ 	Ê¿eá¹£em 	swá¸¥t	Ü“ÜªÜ¡Üâ€ 	garmÄ 	eá¹£emtu 	áŠ á…áˆ 	Ê¿aá¸m 	gÄ§adma 		p-kas (kaas) 	iÉ£É™ss 	Æ™Ã shÃ­i 	lafee 	laf				
66	fat 	Ø¯Ù‡Ù†â€ 	duhn 	DahnÄ > Å¡umnÄ	dsahne!	~ğŸ—¸ğŸ—¸		×—×œ×‘â€ 	Ä§Ã©lev 	êœ¥b, á¸¥nwt, db	Ü•Ü—Ü¢Üâ€, Ü«Ü˜Ü¡Ü¢Üâ€ 	dahnÄ, Å¡umnÄ 	Å¡amnu 	áˆ˜áˆ¥á‰¥áˆ• 	maÅ›bÉ™Ä§ 				Å§aÄ‘unt 	mÃ¡iÆ™Ã²o 	moora 	baruur				
67	egg 	Ø¨ÙŠØ¶Ø©â€ 	bÃ¡yá¸a 	beyyde	<<	~ğŸ—¸	bajda 	×‘×™×¦×”â€ 	bÃ©á¹£Ã¢ 	á¸«bzt, sd	Ü’ÜÜ¥Ü¬Üâ€ 	bÃ©Ê¿Î¸Ã¢ 		áŠ áŠ•á‰†á‰…áˆ† 	anqoqÉ™ho 	bajda 		t-soouhe 	Å§amÉ™Ç§Ç§aÄ 	Æ™wÃ¡i 	killee, bup'p'aa 	ukun, beed				
68	horn 	Ù‚Ø±Ù†â€ 	qurn 			ğŸ—¸ğŸ—¸	qarn 	×§×¨×Ÿâ€ 	qeren 	Å¡wt	Ü©ÜªÜ¢Üâ€ 	qarnÄ 	qarnu 	á‰€áˆ­áŠ• 	qarn 	qarn 		tap 	iÅ¡Å¡ 	Æ™Ã hÃ³o 	gaafa 	gees				
69	tail 	Ø°Ù†Ø¨â€ 	Ã°Ã¡nab 				denb 	×–× ×‘â€ 	zÃ¢nÃ¢v 	Å¡nj	Ü•Ü˜Ü¢Ü’Üâ€ 	dunbÄ 	zibbatu 	á‹˜á‰£áŠ• 	zabÄn 	denb 		sat 	Å§anÉ™wwÄÅ§ (< Ar.?) 	wÃºtsÃ­yÃ a 	eegee 	dabo				
70	feather 	Ø±ÙŠØ´Ø©â€ 	rÄ«sha 	<> Å¡aÊ¿r = shair	@res	<<	rixa 	× ×•×¦×”â€ 	nÃ³á¹£Ã¢ 	tp, later á¸êœ£á¸êœ£	ÜÜ’ÜªÜâ€ 	Ê¾evrÄ 		áŒ¸áŒ’áˆ­ 	á¹£agÊ·r 	rixa 			afÄ 	gÃ¡ashÃ¬i 		baal				
71	hair 	Ø´Ø¹Ø±â€ 	Å¡aÊ¿r 	shaar	Scher <> Haar ++	ğŸ—¸ğŸ—¸	xagÄ§ar 	×©×¢×¨â€ 	sÃ©Ê¿Ã¢r 	msá¸r	Ü£Ü¥ÜªÜâ€ 	saÊ¿rÄ 	Å¡Ärtu 	áŒ¸áŒ•áˆ­ 	á¹£agÊ·r 	xagÄ§ar 		p-fÅ 	zâ€™É™tâ€™tâ€™u, aÅ¡É™wwaf 	gÃ¡ashÃ¬i 		timo				
72	head 	Ø±Ø£Ø³â€ 	raÊ¾s 		<> ration	~ğŸ—¸	ras 	×¨××©â€ 	rÃ³Å¡ 	jrt	ÜªÜÜ«Üâ€ 	rÃ©Å¡Ä 	rÄ“Å¡u 	áˆ­áŠ¥áˆµ 	rÉ™Ê¾É™s 	ras 		t-ape (apÄ“ue), jÅ 	aqÉ™yyua 	kÃ¢i 	mataa 	madax				
73	ear 	Ø£Ø°Ù†â€ 	Ê¾ÃºÃ°un 	SDm <> hear!	Widna <> wissen!?	<<<	widna 	××–×Ÿâ€ 	Ê¾Ã³zen 	fná¸	ÜÜ•Ü¢Üâ€ 	Ê¾eÃ°nÄ 	uznu 	áŠ¥á‹áŠ• 	Ê¾É™zn 	widna 		p-maaje 	amÉ™zâ€™zâ€™uÉ£, amÉ™Å¾Å¾un 	kÃ»nnÃ©e 	gurra 	dheg				
74	eye 	Ø¹ÙŠÙ†â€ 	Ê¿ayn 	mvoygayn!	â„¢	ğŸ—¸ğŸ—¸	gÄ§ajn 	×¢×™×Ÿâ€ 	Ê¿ayin 	r(êœ£)	Ü¥ÜÜ¢Üâ€ 	Ê¿aynÄ 	Ä«nu 	á‹á‹­áŠ• 	Ê¿ayn 	gÄ§ajn 		p-val, eiat 	Å§itâ€™tâ€™ 	Ã­dÃ²o 	ija 	indho				
75	nose 	Ø§Ù†Ùâ€ 	Ê¾anf 	anofhe	nose schniepf nieser	~ğŸ—¸	mnieÄ§er 	××£â€ 	af 	jbá¸¥, ná¸¥á¸t	Ü¢ÜšÜÜªÜâ€ 	ná¸¥Ä«rÄ 	appu 	áŠ áŠ•á 	anf 	mnieÄ§er 		Å¡ai, Å¡ant 	Å§inzÄ 	hÃ¡ncÃ¬i 	fuÃ±Ã±aan 	san				
76	mouth 	ÙÙ…â€ 	fam 	Faime / PU! Hulkou?	â„¢	~ğŸ—¸	Ä§alq 	×¤×”â€ 	pe 	ns	Ü¦Ü˜Ü¡Üâ€ 	pÅ«mÄ 	pÃ» 	áŠ á 	Ê¾af 	Ä§alq 		t-tapro, rÅ 	aqÉ™mmum 	bÃ akÃ­i 	afaan 	af				
77	tooth 	Ø³Ù†â€ 	sinn 	zÃ¤hn	Zahn	ğŸ—¸ğŸ—¸	sinna 	×©×Ÿâ€ 	Å¡Ã©n 	êœ¥nt	Ü«Ü¢Üâ€, ÜŸÜŸÜâ€ 	Å¡ennÄ, kakkÄ 	Å¡innu 	áˆµáŠ• 	sÉ™n 	sinna 		Å¡ol, najhe 	Å§iÉ£mÉ™sÅ§ 	hÃ¡kÃ³orÃ­i 		ilig				
78	tongue 	Ù„Ø³Ø§Ù†â€ 	lisÄn 	glissan	gloss glongue	~ğŸ—¸	lsien 	×œ×©×•×Ÿâ€ 	lÃ¢Å¡Ã³n 	rd	Ü Ü«Ü¢Üâ€ 	leÅ¡Å¡ÄnÄ 	liÅ¡Änu 	áˆáˆáˆ“áˆµ/áˆáˆ³áŠ• 	mÉ™lÄ§Äs/lÉ™sÄn 	lsien 		p-las 	iÅ™É™s 	hÃ¡rshÃ¨e 	arraba 	carrab				
79	fingernail 	Ø¸ÙØ±â€ 	áº“ufr 	@ziffer=digit		~ğŸ—¸	difer 	×¦×¤×¨×Ÿâ€ 	á¹£ippÃ³ren 	wêœ¥rt, sbq	Ü›Ü¦ÜªÜâ€ 	á¹­efrÄ 	á¹£upru 	áŒ½ááˆ­ 	á¹£É™fr 	difer 		eiv 	iÅ¡Å¡Ä 	fÃ¡rcÃ¨e 	qeensa 	ciddi				
80	foot 	Ù‚Ø¯Ù…â€ 	qadam 	<<<<<<<	Kafaat regel:leg		sieq 	×›×£ ×¨×’×œâ€ 	kaf reÄŸel 	Pêœ£á¸ !!	Ü¥Ü©Ü Üâ€ 	Ê¿aqlÄ 	Å¡Ä“pu 	áŠ¥áŒáˆ­ 	Ê¾É™gr 	sieq 		t-ouerÄ“te, rat 	Ä‘â€™Ä 	Æ™Ã¡fÃ a 	miilla 	cag				
81	leg 	Ø±Ø¬Ù„â€ 	rijl 	regel legel	!!++	~ğŸ—¸	riÄ¡el 	×¨×’×œâ€ 	reÄŸel 	á¸rt, êœ¥	ÜªÜ“Ü Üâ€ 	reÄŸla 	kimá¹£u 	áŠ áŒˆá‹³ 	Ê¾agadÄ 	riÄ¡el 		rat 	ifaddÉ™n 	Æ™Ã¡fÃ a 	hojjaa, luka 	lug				
82	knee 	Ø±ÙƒØ¨Ø©â€ 	rÃºkba 	krÃ¼ppel	bÉ™rk~beug	~ğŸ—¸	rkoppa, rkobba 	×‘×¨×šâ€ 	berex 	á¸ná¸¥, dmêœ£t	Ü’Ü˜ÜªÜŸÜâ€ 	burkÄ 	birku 	á‰¥áˆ­áŠ­ 	bÉ™rk 	rkoppa, rkobba 		kal, kel, rat 	fuÄ‘ 	gwÃ­wÃ a 	jilba 	jilib				
83	hand 	ÙŠØ¯â€ 	yad 	áº–at@EG ghyad	!!++	~ğŸ—¸	id 	×™×“â€ 	yÃ¢Ã° 	áº–t	ÜÜÜ•Üâ€ 	Ê¾Ä«Ã°a 	qÄtu 	áŠ¥á‹µ 	Ê¾É™d 	id 		t-cij, toot 	fus 	hÃ¡nnÃºu 	harka 	gacan				
84	wing 	ÙƒØªÙ, ÙƒÙ†Ùâ€ 	katf, kanaf 	Ä¡ewnaÄ§ 	Qwing ~~ ?	<!	Ä¡ewnaÄ§ 	×›× ×£â€ 	kÃ¢nÃ¢f 	máº–tw, êœ£js	ÜŸÜ¢Ü¦Üâ€ 	kenfÄ 	kappu 	áŠ­áŠ•á 	kÉ™nf 	Ä¡ewnaÄ§ 		táµŠnh 	afriw 	fÃ­ffÃ­kÃ¨e 		baal				
85	belly 	Ø¨Ø·Ù†â€ 	baá¹­n 	Baucht <> Bucht	Ba / beâ€¦lly	<~	Å¼aqq 	×‘×˜×Ÿâ€ 	beá¹­en 	á¸«á¸«, ná¸¥bt	Ü’Ü›Ü¢Üâ€, ÜŸÜªÜ£Üâ€ 	baá¹­nÄ, karsÄ 	libbu 	áŠ¨áˆ­áˆ¥ 	karÅ› 	Å¼aqq 		t-hÄ“, hÄ“t 	aÊ•É™ddis 	cÃ­kÃ¬i 		calool				
86	guts 	Ø£Ù…Ø¹Ø§Ø¡â€ 	Ê¾amÊ¿ÄÊ¾ 	Darmaya <> skins	Darm	Â½ 		××¢×™×â€ 	mÃ©Ê¿im 	sêœ£, psá¸, jêœ£t	Ü¡Ü¥ÜÜâ€, Ü“Ü˜Üâ€ 	mÊ¿ayyÄ, gawwÄ 	erru 	áŠ áˆ›á‹‘á‰µ 	amÄÊ¿ut 			maht, meht 	aÄ‘an, Æ€ururu 	hÃ¡njÃ­i 	mar'umaan 	mindhicir, xiidmo				
87	neck 	Ø±Ù‚Ø¨Ø©â€ 	rÃ¡qaba 		Rachen	Â½ 	gÄ§onq 	×¦×•××¨â€ 	á¹£awwÃ¢r 	mná¸	Ü¨Ü˜ÜªÜâ€, Ü©Ü•Ü Üâ€ 	á¹£awrÄ, qÃ°ÄlÄ 	kiÅ¡Ädu, labiÄnu 	áŠ­áˆ³á‹µ 	kÉ™sÄd 	gÄ§onq 		p-makh 	iri 	wÃºyÃ a 	qoosee 	luqun, sur				
88	back 	Ø¸Ù‡Ø±â€ 	áº“ahr 	dahar 	Dach, dorso	~ğŸ—¸	dahar 	×’×‘â€ 	gÃ¢v 	jb, á¸¥êœ£tj	ÜšÜ¨Üâ€, Ü’Ü£Ü¬ÜªÜâ€ 	Ä§aá¹£á¹£Ä, bestrÄ 	Å¡aÅ¡allu 	á‹µáŠ…áˆ­ 	dÉ™á¸«r 	dahar 		jise 	aÊ•rua 	bÃ¡ayÃ¡a 	dugda 	dhabar				
89	breast 	ØµØ¯Ø±â€ 	á¹£adr 	sider 	~zitzer	~ğŸ—¸	sider 	×—×–×”â€ 	Ä§Ã¢ze 	mjzt	ÜšÜ•ÜÜâ€ 	Ä§aÃ°yÄ 	irtu 	áŠ¥áŠ•áŒá‹°áŠ£ 	É™ngÉ™daÊ¾Ä 	sider 		t-ekive 	ibbÉ™Å¡ 	nÃ³onÃ²o 	harma 	naas				
90	heart 	Ù„Ø¨â€ 	lubb 		lieb	~ğŸ—¸	qalb 	×œ×‘â€ 	lÃ©v 	zwr, later becoming zwj	Ü Ü’Üâ€ 	lebbÄ 	libbu 	áˆá‰¥ 	lÉ™bb 	qalb 		p-hÄ“t, htÄ“ 	uÅ™ 	zÃºucÃ¬yÃ¡a 	onnee 	laab, wadne				
91	liver 	ÙƒØ¨Ø¯â€ 	kabid 	caVieta, habit	Hepat ++	~ğŸ—¸ğŸ—¸		×›×‘×“â€ 	kÃ¢vÃ©Ã° 	wnm	ÜŸÜ’Ü•Üâ€ 	kavdÄ 	kabattu 	áŠ¨á‰¥á‹µ 	kabd 				Å§sa 	hÃ¡ntÃ a 	tiruu 	tiro, beer				
92	drink 	Ø´Ø±Ø¨â€ 	Å¡Ã¡riba 	ğ“‹´ ğ“…¨ ğ“‚‹ ğ“‡‹ ğ“€swallow	â„¢â„¢â„¢! / ğ“ƒ€ğ“‚ğ“ƒ€ğ“‚ğ“ˆ—	<<ğŸ—¸	xorob 	×©×ª×”â€ 	Å¡Ã¢Î¸Ã¢ 	pzá¸¥	Ü«Ü¬Üâ€ 	Å¡tÄ 	Å¡atÃ» 	áˆ°á‰µá‹¨/áˆ áˆ¨á‰  	satya/Å›araba 	xorob 		sÅ 	su, Ä§Å™u 	shÃ¡a 	dhug- 	cabbid				
93	eat 	Ø£ÙƒÙ„â€ 	Ê¾Ã¡kala 	ecca(n/l)	Essen <> killili!! Keule	~ğŸ—¸	kiel 	××›×œâ€ 	Ê¾Ã¢xal 	snq	ÜÜŸÜ â€ 	Ê¾exal 	akÄlu 	á‰ áˆá‹ 	balÊ¿a 	kiel 		ouÅm 	Å¡Å¡ 	cÃ­ 		cun				
94	bite 	Ø¹Ø¶â€ 	Ê¿Ã¡á¸á¸a 	<>eat!	Natter <> nâ€™eat	~ğŸ—¸	gidem 	× ×©×šâ€ 	nÃ¢Å¡ax 	bÅ¡j, psg, tf	Ü¢ÜŸÜ¬â€ 	nxaÎ¸ 	naÅ¡Äku 	áŠáŠ¨áˆ° 	nakasa 	gidem 				cÃ¬izÃ¡a 		qaniin				
95	suck 	Ù…Øµâ€ 	mÃ¡á¹£á¹£a 	mathsuck	<> mother	~ğŸ—¸	!	××¦×¥â€ 	mÃ¢á¹£aá¹£ 	qêœ£êœ¥, qjs	Ü¡Ü¨â€ 	maá¹£ 	enÄ“qu 	áˆ˜áŒ¸/áŒ á‰ á‹ˆ 	maá¹£á¹£a, á¹­abawa (breast) 						hod'a, t'uut'a 	nuug				
96	spit 	Ø¨ØµÙ‚â€ 	bÃ¡á¹£aqa 	B-s-q / s-p-q	spucke	~ğŸ—¸ğŸ—¸	beÅ¼aq 	×™×¨×§â€ 	yÃ¢raq 	nfj	ÜªÜ©â€ 	raq 		á‰°ááŠ /á‹ˆáˆ¨á‰€ 	tafÊ¾a/waraqa 	beÅ¼aq 				tÃ³ofÃ a 	tuf 					
97	vomit 	ØªÙ‚ÙŠØ£â€ 	taqÃ¡yyaÊ¾ 	gÊ¿aá¹­ 	kotz	~ğŸ—¸ğŸ—¸		×”×§×™×â€ 	hÃ©qi 	ssn, tpr	Ü“Ü¥Ü›â€ 	gÊ¿aá¹­ 		á‰„áŠ  	qeÊ¾a 				arr 	yÃ­ Ã¡mÃ¡i 		hunqaac				
98	blow 	Ù†ÙØ®â€ 	nÃ¡faxa 	ğ“‚Š naÆ’e Nau-fauch	anfechel	~ğŸ—¸	nefaÄ§ 	× ×¤×—â€ 	nÃ¢faÄ§ 	zbá¹¯	Ü¢Ü¦Üšâ€ 	nfaÄ§ 		áŠááŠ€ 	nafá¸«a 	nefaÄ§ 					afuufa, buufa 	afuuf, buufi				
99	breathe 	ØªÙ†ÙØ³â€ 	nÃ¡ffasa 	ğ“‚Š NÃ¢Å¡am ğŸ‘ƒ  ^^	<> nose	~ğŸ—¸ğŸ—¸		× ×©×â€ 	nÃ¢Å¡am 	mêœ£êœ£	Ü¢Ü¦Ü«â€, Ü¢Ü«Ü¡â€ 	nfaÅ¡, nÅ¡am 	napÄÅ¡u 	áŠ áŠ•áˆáˆ° 	Ê¾anfasa 				arr nnÉ™fs 	yÃ­ nÃºmfÃ¡ashÃ­i 		neefso				
100	laugh 	Ø¶Ø­Ùƒâ€ 	á¸Ã¡Ä§ika 	re.dahika	Ridicule â‰  suck	~ğŸ—¸	daÄ§ak, daÄ§aq 	×¦×—×§â€ 	á¹£Ã¢Ä§aq 	sá¸m	Ü“ÜšÜŸâ€ 	gÄ§ex 	á¹£uxxu 	áŒ¸áˆá‰€ 	á¹£aÄ§aqa 	daÄ§ak, daÄ§aq 			Ä‘â€™Ä§É™Å¡ (< Ar.) 	dÃ arÃ­yÃ¡a 	kolfa 	qosol				
101	see 	Ø±Ø£Ù‰â€ 	raÊ¿Ä 	mireyea, amÄru 	Mvoeyer !!!	~ğŸ—¸ğŸ—¸	ra 	×¨××”â€ 	rÃ¢Ê¿Ã¢ 	rá¸«	ÜšÜ™Üâ€ 	Ä§zÄ 	amÄru 	áˆ­áŠ¥á‹¨ 	rÉ™Ê¾ya 	ra 		nau e 	zâ€™Ä 	gÃ¡nÃ­i 	arga 	arag				
102	hear 	Ø³Ù…Ø¹â€ 	sÃ¡miÊ¿a 	á¸ªmt,sdm <> ear!		â„¢	sema', sama' 	×©××¢â€ 	Å¡Ã¢maÊ¿ 	á¸«mt	Ü«Ü¡Ü¥â€ 	Å¡maÊ¿ 	Å¡emÃ» 	áˆ°áˆá‹ 	samÊ¿a 	sema', sama' 		sÅtáµŠm e 	sÉ™Å™ 	jÃ­ 	dhaga'a 	dhagayso				
103	know 	Ø¹Ø±Ùâ€ 	Ê¿Ã¡rifa 	idea, (gi)raffe 		~ğŸ—¸ğŸ—¸	jaf, gÄ§araf 	×™×“×¢â€ 	yÃ¢Ã°aÊ¿ 	sn	ÜÜ•Ü¥â€ 	yÃ°aÊ¿ 	idÃ» 	á‹¨á‹µá‹, áŠ áŠ¥áˆ˜áˆ¨ 	yadÊ¿a, Ê¾aÊ¾mara 	jaf, gÄ§araf 		eime 	ssÉ™n 	sÃ¡nÃ¬i 	beek- 	iqiin				
104	think 	ÙÙƒØ±â€ 	fÃ¡kkara 	fakir? Hsavoir	?	~ğŸ—¸	Ä§aseb 	×—×©×‘â€ 	Ä§Ã¢Å¡av 	sná¸	ÜšÜ«Ü’â€ 	Ä§Å¡av 		áˆáˆ¸á‰ , áˆáˆˆá‹¨ 	Ä§aÅ¡aba, Ä§alaya 	Ä§aseb 		meeue 		yo tunaanii 		malee, fakar				
105	smell 	Ø´Ù…â€ 	Å¡Ã¡mma 	Sammel <> nose	smell	~ğŸ—¸ğŸ—¸	xamm 	×”×¨×™×—â€ 	hÃ©riaÄ§ 	qdd	Ü¡Üšâ€, Ü£Ü©â€ 	maÄ§, saq 		áŒ¼áŠá‹ 	á¹£Ã©naw 	xamm 						ur				
106	fear 	Ø®Ø§Ùâ€ 	xÄfa 	Farha â€¦	fear	~ğŸ—¸ğŸ—¸	beÅ¼a' 	×™×¨×â€, ×¤×—×“â€ 	yÃ¢rÃ©Ê¾, pÃ¢Ä§aÃ° 	êœ¥ná¸«	Ü•ÜšÜ â€, ÜŸÜ˜Üªâ€ 	kwar, dÄ§el 	palÄxu, Å¡axÄtu 	áˆáˆ­áˆ€ 	farha 	beÅ¼a' 		áµŠr hote 	Å§iggwÄ‘i 	tsÃ²orÃ³o 	na'a 	nax				
107	sleep 	Ù†Ø§Ù…â€ 	nÄma 	raqad/yÃ¢Å¡Ã©n	ratzen@Kurd, dÃ¶sen	~+	raqad 	×™×©×Ÿâ€, × ×â€ 	yÃ¢Å¡Ã©n, nÃ¢m 	mwt	Ü•Ü¡ÜŸâ€ 	dmex 	Å¡alÄlu 	áŠ–áˆ˜ 	noma 	raqad 		hinÄ“v 	tâ€™tâ€™É™s 	yÃ­ bÃ¡rcÃ­i 	rafa 	hurdo				
108	live 	Ø¹Ø§Ø´â€ 	Ê¿ÄÅ¡a 	Ä§yÄsan gÄ§ex 	Ê¿Ä?Å¡a ğ“‹¹ zoo	~ğŸ—¸	gÄ§ex 	×—×™â€ 	Ä§ay 	áº–db	ÜšÜÜâ€ 	Ä§yÄ 	balÄá¹­u 	áˆá‹­á‹ˆ 	Ä§aywa 	gÄ§ex 		ou- 	zÄ‘É™É£ 	dÃ  rÃ¢i 	raaga 	nool				
109	die 	Ù…Ø§Øªâ€ 	mÄta 	â„¢	mord	ğŸ—¸ğŸ—¸	miet 	××ªâ€ 	mÃ©Î¸ 	êœ¥á¸¥êœ£	Ü¡ÜÜ¬â€ 	mÃ©Î¸ 	mÃ¢tu 			miet 		moout 	mmÉ™Å§ 	mÃºtÃ¹ 	du'a 	dimo				
110	kill 	Ù‚ØªÙ„â€ 	qÃ¡tala 	ktill	kill, cut, cattle?	~ğŸ—¸ğŸ—¸	qatel 	×”×¨×’â€, ×§×˜×œâ€ 	hÃ¢raÄŸ, qÃ¢á¹­al 	nw, bá¸¥s	Ü©Ü›Ü â€ 	qá¹­al 	dÃ¢ku 	á‰€á‰°áˆˆ 	qatala 	qatel 		mouout 	nÉ™É£ 	kÃ¡shÃ¨e 	qooma, ajjeesa, qala 	dil				
111	fight 	Ù‚Ø§ØªÙ„â€ 	qÄtala 	Battle / kill	â€¦	~ğŸ—¸	iÄ¡Ä¡ieled 	×¨×‘â€ 	rÃ¢v 	á¸¥wj, zá¸«j	ÜŸÜ¬Ü«â€ 	kÎ¸aÅ¡ 		á‰°á‰ áŠ áˆ° 	tabaÊ¾asa 	iÄ¡Ä¡ieled 			mmnÉ™É£ 	yÃ­ fÃ¡É—Ã a 		dagaal				
112	hunt 	ØµØ§Ø¯â€ 	á¹£Äda 	á¹£Ã¢Ã° 	jagt, shoot	ğŸ—¸ğŸ—¸		×¦×“â€ 	á¹£Ã¢Ã° 	Å¡êœ¥d, Å¡êœ¥	Ü¨ÜÜ•â€ 	á¹£eÃ° 	á¹£Ã¢du 								adama 	wiid				
113	hit 	Ø¶Ø±Ø¨â€ 	á¸araba 	dar! Araber;)	<<	<~		×”×›×”â€ 	hikkÃ¢ 	wpj	Ü¡ÜšÜâ€, Ü¢Ü©Ü«â€ 	mÄ§Ä, nqaÅ¡ 														
114	cut 	Ù‚Ø·Ø¹â€ 	qÃ¡á¹­aÊ¿a 		CUT	ğŸ—¸ğŸ—¸	qata' 	×›×¨×ªâ€, ×—×ª×šâ€ 	kÃ¢raÎ¸, Ä§Ã¢Î¸ax 	á¸«mt, dm	Ü“Ü•Ü¡â€, Ü©Ü›Ü¥â€ 	qá¹­aÊ¿, gÃ°am 	nakÄsu 			qata' 										
115	split 	Ø´Ù‚â€ 	Å¡Ã¡qqa 	paddaÊ¿, parreÎ¸ 	saq, parda	ğŸ—¸																				
	<<	~ğŸ—¸	qasam 	×‘×§×¢â€, ×§×¨×¢â€, ×—×œ×§â€ 	bÃ¢qaÊ¿, qÃ¢raÊ¿, Ä§illÃ©q 	êœ£áº–êœ¥, nqêœ¥	Ü«ÜªÜ©â€, Ü¦Ü•Ü¥â€, Ü¦ÜªÜ¬â€ 	Å¡raq, paddaÊ¿, parreÎ¸ 		áˆ¸áŒ¸áˆ¨ 	Å¡aá¹£ara 	qasam 														
116	stab 	Ø·Ø¹Ù†â€ 	á¹­Ã¡Ê¿ana 	staÊ¿Ã±a, dÃ¢qar 	Stange, Degen, sterben	ğŸ—¸ğŸ—¸	@Korean!	×“×§×¨â€ 	dÃ¢qar 	Å¡êœ£d	Ü•Ü“Ü«â€ 	dÄŸaÅ¡ 		á‹°áŒáŒ¸ 	dagwaá¹£a 							daqar				
117	scratch 	Ø®Ø¯Ø´â€ 	xadaÅ¡a 	sÃ¢raá¹­, grab +++	scratch, Scharte	~ğŸ—¸ğŸ—¸	giref 	×©×¨×˜â€ 	sÃ¢raá¹­ 	nbj, má¸¥j	ÜšÜŸâ€, Ü£ÜªÜ›â€ 	Ä§ax, sraá¹­ 	xarÄsu 	áˆáŠ•áˆáŒ  	Ä§anfaá¹­a 	giref 										
118	dig 	Ø­ÙØ±â€ 	Ä§Ã¡fara 	Ä§Ã¢far 	hieven heben	~ğŸ—¸	Ä§affer 	×—×¤×¨â€ 	Ä§Ã¢far 	pêœ£j, êœ¥pj	ÜšÜ¦Üªâ€ 	Ä§far 	napÄlu, xerÃ» 			Ä§affer 						qodid				
119	swim 	Ø³Ø¨Ø­â€ 	sÃ¡baÄ§a 	S-b-Ä§+gÄ§am	swim  saqvam	~ğŸ—¸	gÄ§am 	×©×—×”â€ 	sÃ¢Ä§Ã¢ 	á¸«pj	Ü£ÜšÜâ€ 	sÄ§Ä 		áŒ¸á‰ á‰°, áŒ¸á‰ á‹¨ 	á¹£abata, á¹£abaya 	gÄ§am 			fÄ‘É™Ä§ 	yÃ­ Ã­yÃ³o 	daaka 					
120	fly (v.) 	Ø·Ø§Ø±â€ 	á¹­Ära 	optera, praÄ§ 	<>ter=tier/birder	~ğŸ—¸ğŸ—¸	tar 	×¢×£â€ 	Ê¿Ã¢f 	jj, jwj	Ü¦ÜªÜšâ€ 	praÄ§ 				tar 			Ä‘â€™u, fÄfÄ (< Ar.?) 	tÃ¡ashÃ¬ 	barara, barrisa 	duul				
121	walk 	Ù…Ø´Ù‰â€ 	maÅ¡Ä 	marschâ€¦	marschier	ğŸ—¸ğŸ—¸	mexa 	×”×œ×šâ€ 	hÃ¢lax 	sá¸r	Ü—Ü ÜŸâ€ 	hallex 		áˆ–áˆ¨ 	Ä§ora 	mexa 		mooÅ¡e 	uyua 	tÃ fÃ­ 	adeema 					
122	come 	Ø¬Ø§Ø¡â€, Ø¨Ø§Ø¡â€, Ø£ØªÙ‰â€ 	jÄÊ¾a, Ê¾atÄ, bÄÊ¾a 	ğ“ƒ€ğ“ƒ€	!!?? <<	~ğŸ—¸	Ä¡ie 	×‘×â€ 	bÃ¢ 	á¸¥msj	ÜÜ¬Üâ€ 	Ê¾eÎ¸Ä 	á¹­exÃ» 	áˆ˜áŒ½áŠ  	maá¹£Ê¾a 	Ä¡ie 		ei 	as 	zÃ³o 	dhuf- 					
123	lie (in bed)	Ø±Ù‚Ø¯â€ 	rÃ¡qada 	raqa@goth	ratzen 	Â½	gideb 	×©×›×‘â€ 	Å¡Ã¢xav 	êœ¥á¸¥êœ¥	Ü«ÜŸÜ’â€, Ü¡ÜŸâ€ 	Å¡xev, max 		áˆ°áŠ¨á‰  	sakaba 	gideb 		áµŠnkotk 	zzÉ™Å™, bbuzzÉ™Å™ 	kwÃ¡ntÃ a 	c'iisa 					
124	sit 	Ø¬Ù„Ø³â€ 	jÃ¡lisa 	äº•jÇnSit		!	qagÄ§ad, qiegÄ§ed 	×™×©×‘â€ 	yÃ¢Å¡av 	páº–r	ÜÜ¬Ü’â€ 	yÎ¸ev 	waÅ¡Äbu 	áŠá‰ áˆ¨ 	nabara 	qagÄ§ad, qiegÄ§ed 		hmoos 	qqim 	zÃ¡unÃ a 		fadhiiso				
125	stand 	ÙˆÙ‚Ùâ€ 	wÃ¡qafa 	Æ€É™dd  ğ“ƒ€ğ“ƒ€	<> walk?	!	waqaf 	×¢××“â€ 	Ê¿Ã¢maÃ° 	á¸«r	Ü¬ÜªÜ¨â€ 	traá¹£ 	izuzzu 			waqaf 		Åhe ahe, aherat 	Æ€É™dd 	tÃ¡ashÃ¬ 	ijaaja, d'aabad'd'a 					
126	turn 	Ø¯Ø§Ø±â€ 	dÄra 		dreh, pan	~ğŸ—¸ğŸ—¸	dar 	×¤× ×”â€ 	pÃ¢nÃ¢ 	rá¸j	Ü¦Ü¢Üâ€, Ü¥Ü›Ü¦â€ 	pnÄ, Ê¿á¹­af 	saxÄru 	áˆœáŒ  	mÃ©á¹­a 	dar 		pÅÅne, peene, kto 	qÅ™É™Æ€ (< Ar.) 	mÃ¡yÃ¡rÌƒ dÃ  	taaya 					
127	fall 	ÙˆÙ‚Ø¹â€ 	wÃ¡qaÊ¿a 	Wake nfal! 		Â½	waqa' 	× ×¤×œâ€ 	nÃ¢fal 	má¸¥	Ü¢Ü¦Ü â€ 	nfal 	maqÄtu 	á‹ˆá‹µá‰€ 	wadqa 	waqa' 		he hÄ“u 	wÄ‘â€™a 	fÃ¡aÉ—Ã¬ 						
128	give 	Ø§Ø¹Ø·Ù‰â€ 	Ê¿aá¹­Ä 	hina.dan nadÄnu 	hin.donner	~ğŸ—¸	ta 	× ×ª×Ÿâ€ 	nÃ¢Î¸an 	êœ¥fj	ÜÜ—Ü’â€, Ü¢Ü¬Ü â€ 	y(h)av, nettel 	nadÄnu 			ta 		taa, to, ti 	É™wÅ¡ 	bÃ¡a 	kenna 					
129	hold 	Ø£Ø®Ø°â€ 	Ê¾axaÃ°a 		Å¼amm 	Â½	Å¼amm 	××—×–â€ 	Ê¾Ã¢Ä§az 	zjn	ÜÜšÜ•â€ 	Ê¾eÄ§aÃ° 	naá¹£Äru 	áŠ áŠ¸á‹˜ 	Ê¾axaza 	Å¼amm 										
130	squeeze 	Ø¹ØµØ±â€ 	Ê¿Ã¡á¹£ara 			Â½	gÄ§afas 	×œ×—×¥â€ 	lÃ¢Ä§aá¹£ 	jêœ¥j	Ü©Ü¡Ü›â€, Ü¥Ü¨Üªâ€ 	Ê¿á¹£ar, qmaá¹­ 				gÄ§afas 										
131	rub 	Ø­Ùƒâ€ 	Ä§Ã¡kka 	â‰ hack			gÄ§orok 	×©×¤×©×£ ××¨×—â€ 	Å¡ifÅ¡Ã©f, mÃ¢raÄ§ 	sk	Ü«Ü¦â€, ÜšÜŸâ€ 	Ä§ax, Å¡af 	lapÄtu 			gÄ§orok 										
132	wash 	ØºØ³Ù„â€ 	ÄŸÃ¡sala 			!--	Ä§asel 	×¨×—×¥ ×©×˜×£â€ 	rÃ¢Ä§aá¹£, Å¡Ã¢á¹­ap 	sá¹¯êœ£, jtá¸¥	ÜšÜ Ü â€, Ü¦ÜÜ¥â€ 	Ä§allel, payyaÊ¿ 	ramÄku 			Ä§asel 		ei- 	ssiaÄ‘, ssÅ™iÅ™ 	wÃ¡nkÃ¨e 						
133	wipe 	Ù…Ø­Ø§â€ 	mÃ¡Ä§Ã¢ 	mwash wdj	moph	ğŸ—¸/~?	gÄ§orok 	××—×”â€ × ×’×‘ 	mÃ¢Ä§Ã¢, niggÃ©v 	wdj	ÜŸÜ¦Üªâ€ 	kfar 				gÄ§orok 										
134	pull 	Ø¬Ø±â€ 	jÃ¡rra 	tjar~tear?		ğŸ—¸?	Ä¡ibed 	××©×šâ€ 	mÃ¢Å¡ax 	qmêœ£	Ü“ÜªÜ«â€ 	graÅ¡ 				Ä¡ibed 		sÅk, sek 	Å¾arâ€™râ€™ (< Ar.) 	jÃ¡a 	harkisa 	jiid				
135	push 	Ø¯ÙØ¹â€ 	dÃ¡faÊ¿a 	ğ“ƒ€?			imbotta 	×“×—×£â€ 	dÃ¢Ä§af 	á¹¯z	Ü™Ü¥Ü¦â€ 	zÊ¿af 				imbotta 			Ê•Än 	tÃºurÃ a 	dhiib- 					
136	throw 	Ø±Ù…Ù‰â€ 	ramÄ 		rammen	Â½	tefa', xeÄ§et 	×¨××”â€, ×”×©×œ×™×šâ€ 	hiÅ¡lix, rÃ¢mÃ¢ 	sá¹¯êœ£, jtá¸¥	ÜªÜ¡Üâ€ 	rmÄ 	nadÃ» 			tefa', xeÄ§et 										
137	tie 	Ø±Ø¨Ø·â€ 	rabaá¹­a 	robot=work	!!!	~ğŸ—¸!	rabat 	×§×©×¨â€ 	qÃ¢Å¡ar 	á¸¥sb	ÜÜ£Üªâ€, Ü©Ü›Üªâ€ 	Ê¾esar, qá¹­ar 	kaá¹£Äru, rakÄsu, á¹£amÄdu 			rabat 										
138	sew 	Ø®ÙŠØ·â€ 	xÃ¡yyaá¹­a 	nhiet			Ä§iet 	×ª×¤×¨â€ 	tÃ¢far 	á¸d	ÜšÜÜ›â€ 	Ä§yaá¹­ 				Ä§iet 		torp, Åth, jÅlk 	xÉ™yyÉ™Ä‘â€™ (< Ar.) 	É—Ã­nkÃ a 	erba 	tolid				
139	count 	Ø¹Ø¯â€ 	Ê¿Ã¡dda 	gÄ§add, manÃ» 	count, Menge ğ“  	ğŸ—¸ğŸ—¸	gÄ§add 	×× ×”â€, ×¡×¤×¨â€ 	mÃ¢nÃ¢, sÃ¢far 	á¸¥sj	Ü¡Ü¢Üâ€ 	mnÄ 	manÃ» 	á‰€áˆ˜áˆ­ 	qamar 	gÄ§add 										
140	say 	Ù‚Ø§Ù„â€ 	qÄla 	qatch,qiz,qal	call, Å¡aje@Coptic !	ğŸ—¸ğŸ—¸	qal 	×××¨â€ 	Ê¾Ã¢mar 	á¸¥êœ¥b	ÜÜ¡Üªâ€ 	Ê¾emar 	qabÃ» 			qal 		Å¡aje 	ini 	cÃªe, fÃ¡É—Ã¬i 	jedh- 	dheh, yedh				
141	sing 	ØºÙ†Ù‰â€ 	ÄŸannÄ 		chant	ğŸ—¸ğŸ—¸	gÄ§anna 	×©×¨â€, ×¨×Ÿâ€, ×–××¨â€ 	Å¡Ã¢r, rÃ¢n, zimmÃ©r 		Ü™Ü¡Üªâ€ 	zmar 	zamÄru 			gÄ§anna 										
142	play 	Ù„Ø¹Ø¨â€ 	laÊ¿iba 	leasure?		<	lagÄ§ab 	×©×—×§â€ 	siÄ§Ã©q 	á¸«dj, êœ¥nq	Ü«Ü¥Üâ€ 	Å¡aÊ¿Ê¿Ã© 	mÄ“lelu 			lagÄ§ab 										
143	float 	Ø¹Ø§Ù…â€ 	Ê¿Äma 	gamma?		<	gÄ§am 	×©×˜â€ ,×¦×£ 	Å¡Ã¢á¹­, á¹£Ã¢f 	á¸¥s	Ü›Ü¦â€ 	á¹­af 				gÄ§am 										
144	flow 	ØªØ¯ÙÙ‚â€ 	tadÃ¡ffaqa 	<>taf				×–×¨×â€ 	zÃ¢ram 	Å¡fw	ÜªÜ£Ü¡â€, Ü«ÜšÜ â€ 	Å¡Ä§al, rsam 														
145	freeze 	Ø¬Ù…Ø¯â€ 	jÃ¡mada 	GleÃ° ~ glice	qÃ¢fa gefrier reif			×§×¤×â€ 	qÃ¢fa 	rêœ¥	Ü“Ü Ü•â€, Ü©ÜªÜ«â€ 	gleÃ°, qraÅ¡ 														
146	swell 	ÙˆØ±Ù…â€ 	wÃ¡rima 	<> warm?				×”×ª× ×¤×—â€ 	hiÎ¸nappÃ©aÄ§ 	jêœ¥á¸¥	Ü™Ü˜Üâ€, Ü¥Ü’Üâ€ 	zwÄ, Ê¿vÄ 														
147	SUN	Ø´Ù…Ø³â€ 	Å¡ams 		Summer-suns	ğŸ—¸ğŸ—¸	xemx 	×©××©â€ 	Å¡emeÅ¡ 	sbêœ£	Ü«Ü¡Ü«Üâ€ 	Å¡emÅ¡Ä 	Å¡amÅ¡u 			xemx 		p-rÄ“ 	Å§fuÅ¡Å§ 	rÃ¡anÃ¡a 	aduu, biiftuu 	qorax				
148	moon 	Ù‚Ù…Ø±â€ 	qÃ¡mar 	sahrÄ 	ğŸŒ˜ [black]	<<<	qamar 	×™×¨×—â€ 	yÃ¢rÃ©aÄ§ 	mw	Ü£Ü—ÜªÜâ€ 	sahrÄ 	sÃ®n, warxu 	á‹ˆáˆ­áˆ• 		qamar 		p-ooh 	yua, Å§aziri 	wÃ¡tÃ a 	baatii, ji'a 	dayax				
149	star 	Ù†Ø¬Ù…â€, ÙƒÙˆÙƒØ¨â€ 	nÃ¡jm, kawkab 	cauca! ğ“‹´ğ“ƒ€ğ“„¿ğ“‡¼ğ“‡³ 	<< ggba	<<<	kewkba 	×›×•×›×‘â€ 	kÃ³xÃ¢v 	á¸¥wt	ÜŸÜ˜ÜŸÜ’Üâ€ 	kawkva 	kakkabu 	áŠ®áŠ¨á‰¥ 	kokab 	kewkba 		p-siou 	iÅ§ri 	tÃ urÃ arÃ³o 	urjii 	xiddig				
150	water 	Ù…Ø§Ø¡â€ 	mÄÊ¾ 	mwater	mare! MwÃ¡á¹­ar=rain	ğŸ—¸ğŸ—¸	ilma 	××™×â€ 	mayim 	jtrw	Ü¡ÜÜâ€ 	mayyÄ 	mÃ» 			ilma 		p-moou 	aman 	rÃºwÃ¡a 	bisaan, madda 	biyo				
151	rain 	Ù…Ø·Ø±â€ 	mÃ¡á¹­ar 	mwater	Water !!!!	ğŸ—¸ğŸ—¸	xita 	××˜×¨â€ ,×’×©× 	mÃ¢á¹­Ã¢r, geÅ¡em 	Å¡, á¸¥nt	Ü¡Ü›ÜªÜâ€ 	meá¹­rÄ 	zunnu 			xita 		p-hÅou, p-mouáµŠnhÅou; hi moou (v.) 	anzâ€™Ä 	rÃºwÃ¡n sÃ¡mÃ a 		roob				
152	river 	Ù†Ù‡Ø±â€ 	nahr 	nauriva?	â„¢	ğŸ—¸ğŸ—¸	xmara 	× ×”×¨â€ 	nÃ¢hÃ¢r 	wêœ£á¸-wr	Ü¢Ü—ÜªÜâ€ 	nahrÄ 	nÄru 	á‰°áŠ¨á‹š 	takazi 	xmara 		p-eiero (ierÅou) 	iÉ£zÄ 	kÃ²ogÃ­i 	laga 	webi				
153	lake 	Ø¨Ø­ÙŠØ±Ø©â€ 	buÄ§ayra 	bach=water	â„¢	~ğŸ—¸!	gÄ§adira 	××’×â€ 	Ê¾aÄŸam 	á¸¥mêœ£t	ÜÜ¡Ü¬Üâ€ 	yammÎ¸Ä 		á‰£áˆ•áˆ­ 		gÄ§adira 			aÅ™imam, Å§anda 	tÃ¡fkÃ¬i 		haro, yamays				
154	sea 	Ø¨Ø­Ø±â€, ÙŠÙ…â€ 	baÄ§r, yamm 	bach=water	â„¢	~ğŸ—¸!	baÄ§ar 	×™×â€ 	yam 	jnr	ÜÜ¡Üâ€ 	yammÄ 	tÃ¢mtu 	á‰£áˆ•áˆ­ 	bÄÄ§r 	baÄ§ar 		Î¸alassa (< Greek) 	Å™É™Æ€Ä§Ä (< Ar.) 	tÃ¨ekÃº (< Songhay) 	galaana 	bad				
155	salt 	Ù…Ù„Ø­â€ 	milÄ§ 	mehl	~~	~ğŸ—¸-	melÄ§ 	××œ×—â€ 	melaÄ§ 	Å¡êœ¥y	Ü¡Ü ÜšÜâ€ 	melÄ§Ä 	á¹­abtu 	áŒ¸á‹ 	á¹£aw 	melÄ§ 		pe-hmou 	Å§amÉ™Ç§Ç§aÄ§Å§ (< Ar.) 	gÃ­shÃ­rÃ­i 	aÅ¡Å¡aboo, soogidda 	cusbo, mlix (< Ar.)				
156	stone 	Ø­Ø¬Ø±â€ 	Ä§Ã¡jar 	Gebel <> berg	hagel! Ä¦aÄ¡ra, hajerl 	~ğŸ—¸!	Ä¡ebla, Ä§aÄ¡ra 	××‘×Ÿâ€ 	Ê¾even 	á¸«mw	ÜŸÜÜ¦Üâ€, ÜÜ’Ü¢Üâ€, Ü«Ü˜Ü¥Üâ€, 	kefÄ, Ê¾avnÄ, Å¡oÊ¿Ä 	abnu 	áŠ¥á‰¥áŠ• 	Ê¾É™bn 	Ä¡ebla, Ä§aÄ¡ra 		p-Åne 	azâ€™râ€™u 	dÃºutsÃ¨e 	d'agaa 	dhagax				
157	sand 	Ø±Ù…Ù„â€ 	raml 	Rummel xoá¹£Ä(n)	(s)hol	<?	ramel 	×—×•×œâ€ 	Ä§Ã³l 	têœ£	ÜšÜ Üâ€ 	Ä§ÄlÄ 		áŠ¾áŒ» 	xoá¹£Ä 	ramel 		Å¡Å 	iÅ¾Ä‘i 	yÃ ashÃ­i, Æ™Ã¡sÃ¡a 		ciid				
158	dust 	ØºØ¨Ø§Ø±â€ 	ÄŸubÄr 	Trab/sgub~staub	â€¦	Â½ 	trab 	××‘×§â€ 	Ê¾Ã¢vÃ¢q 	sá¹¯zw, gp	ÜÜ’Ü©Üâ€, Ü•Ü©Ü¬Üâ€ 	Ê¾avqÄ, deqtÄ 	eperu 	áˆ˜áˆ¬á‰µ 	marÃ©t 	trab 		Å¡oeiÅ¡, Å¡ic 	Å§aÉ£É™bbÄâ€™Å§ (< Ar.) 	Æ™Ã¹urÃ¡a 	awaara 	carro				
159	earth 	Ø£Ø±Ø¶â€ 	Ê¾ará¸ 	aErde	earth++	ğŸ—¸ğŸ—¸	art 	××¨×¥â€ 	Ê¾ereá¹£ 	sjm	ÜÜªÜ¥Üâ€ 	Ê¾arÊ¿Ä 	erá¹£etu 	áˆá‹µáˆ­ 	mÉ™dr 	art 		p-kah 	Å¡aÅ™ 	Æ™Ã¡sÃ¡a 	biyyoo 	dhul				
160	cloud 	Ø³Ø­Ø§Ø¨Ø©â€ 	saÄ§Äba 				sÄ§aba 	×¢× ×Ÿâ€ 	Ê¿Ã¢nÃ¢n 	pt	Ü¥Ü¢Ü¢Üâ€, Ü¥ÜÜ¡Üâ€, Ü¥ÜÜ’Üâ€ 	Ê¿nÄnÄ, Ê¿aymÄ, Ê¿aybÄ 	erpetu 	á‹°áˆ˜áŠ“ 	damanÄ 	sÄ§aba 		te-kloole 	asiynu, Å§aÅ¾nawÅ§ 	gÃ ajÃ¬mÃ arÃ©e 	duumessa 	daruur				
161	fog 	Ø¶Ø¨Ø§Ø¨â€ 	á¸abÄb 				Å¼rinÄ¡ 	×¢×¨×¤×œâ€ 	Ê¿arÃ¢fel 	á¹¯êœ£w	Ü¥ÜªÜ¦Ü Üâ€ 	Ê¿arpellÄ 		áŒŠáˆœ 	gimÃ© 	Å¼rinÄ¡ 		hlostáµŠn 	Å§ayyuÅ§ 	hÃ¡zÃ³o 		ciiro				
162	sky 	Ø³Ù…Ø§Ø¡â€ 	samÄÊ¾ 	SHimmel SamaÅ¡â„¢	^^ sumas sun	~ğŸ—¸ â„¢	sema 	×©××™×â€ 	Å¡Ã¢mayim 	sêœ£rêœ£qw	Ü«Ü¡ÜÜâ€ 	Å¡mayyÄ 	Å¡amÃ» 			sema 		t-pe (pÄ“ue) 	aÅ¾É™nna 	sÃ¡mÃ  (< Ar.) 	waaqa 	cir				
163	wind 	Ø±ÙŠØ­â€ 	rÄ«Ä§ 	Å¡Äâ€™ruaÄ§ â‰  coort 	ğ“ˆğ“‚‹ğ“‚‹ğ“Š¡ riechen rÄ«Ä§ rain?	~ğŸ—¸	riÄ§ 	×¨×•×—â€ 	ruaÄ§ 		ÜªÜ˜ÜšÜâ€ 	ruÄ§Ä 	Å¡Äru 			riÄ§ 		p-tÄ“u 	asÉ™mmiÄ‘â€™ 	Ã­skÃ a 	qilleensa 	dabayl				
164	snow 	Ø«Ù„Ø¬â€ 	Î¸alj 	<> Taiga, Talg?		?	borra, silÄ¡ 	×©×œ×’â€ 	Å¡eleg 	á¸¥tj	Ü¬Ü Ü“Üâ€ 	talgÄ 	Å¡algu 	áˆáˆ˜á‹³ 	Ä§amadÄ 	borra, silÄ¡ 			aÄ‘fÉ™Å™ 	Æ™Ã nÆ™Ã¡rÃ¡a 	c'abbii 	baraf (< Persian)				
165	ice 	Ø«Ù„Ø¬â€ 	Î¸alj 	GliÃ°Ä <> silÄ¡ 	glice	~ğŸ—¸?	silÄ¡ 	×§×¨×—â€ 	qeraÄ§ 	sá¸t, á¸«t	Ü“Ü ÜÜ•Üâ€ 	gliÃ°Ä 		áŠ áˆµáˆá‰µá‹« 		silÄ¡ 			aÅ¾ris 	Æ™Ã nÆ™Ã¡rÃ¡a 	c'abbii 	baraf				
166	smoke 	Ø¯Ø®Ø§Ù†â€ 	duxÄn 	Ê¿Ã¢Å¡Ã¢n 	dâ€™Aschen (red)	~ğŸ—¸ğŸ—¸	duÄ§Ä§an 	×¢×©×Ÿâ€ 	Ê¿Ã¢Å¡Ã¢n 	sfsf, ssf	Ü¬Ü¢Ü¢Üâ€ 	tennÄnÄ 	qutru 	áŒ¢áˆµ 	á¹­is 	duÄ§Ä§an 		láµŠhÅv 	ddÉ™xxan (< Ar.) 	hÃ¡yÃ¡aÃ»Ã­i 	aara 	qiiq				
167	fire 	Ù†Ø§Ø±â€ 	nÄr 	 Nahrung? 	1. noir? 2. ash	<<<	NARâ„¢Â¡!	××©â€ 	Ê¾Ã©Å¡ 	á¸êœ£f, rká¸¥, mêœ£áº–	Ü¢Ü˜ÜªÜâ€, ÜÜ«Ü¬Üâ€ 	nurÄ, Ê¾eÅ¡Å¡ÄÎ¸Ä 	iÅ¡Ätu 	áŠ¥áˆ³á‰µ 	Ê¾É™sÄt 	nar 		p-kÅháµŠt 	Å§imÉ™ssi 	wÃºtÃ¡a 	bobaa, giimii, ibidda 	dab, oog				
168	ash 	Ø±Ù…Ø§Ø¯â€ 	ramÄd 	charmed	char ramÄdan?	~ğŸ—¸?		××¤×¨â€ 	Ê¾Ã©fer 	wêœ£t	Ü©Ü›Ü¡Üâ€ 	qeá¹­mÄ 	didallu, á¹­ikmÄ“nu 	áˆáˆ˜á‹µ 	Ä§amad 			káµŠrmes 	iÉ£É£É™Ä‘ 	tÃ²okÃ¡a 	barbadaa 	dambas				
169	burn 	Ø­Ø±Ù‚â€ 	Ä§Ã¡riqa 	charâ€™qued	FÄ§Ã¡riqa < firey		Ä§araq 	×‘×¢×¨â€ 	bÃ¢Ê¿ar 	á¸w	ÜÜ©Ü•â€ 	yqaÃ° 	napÄxu 			Ä§araq 		táµŠmho 	Å¡mÉ™Ä‘â€™ 	Æ™Ã³onÃ¨e 						
170	road 	Ø·Ø±ÙŠÙ‚â€ 	á¹­arÄ«q 	Ê¾urÄ§Ä 	Track +++ <<	~ğŸ—¸ğŸ—¸	triq 	×“×¨×šâ€ 	derex 	dÅ¡r (including pink, orange, brown)	ÜÜ˜ÜªÜšÜâ€ 	Ê¾urÄ§Ä 	xÅ«lu 			triq 		te-hiÄ“ (hiooue) 	aÆ€riÄ‘ 	hÃ¡nyÃ a 		waddo				
171	mountain 	Ø¬Ø¨Ù„â€ 	jÃ¡bal 	gebail	Ä¡ebla=stone	â„¢	muntanja 	×”×¨â€ 	har 	wêœ£á¸ (including blue)	Ü›Ü˜ÜªÜâ€ 	á¹­Å«rÄ 	Å¡adÃ» 	á‹°á‰¥áˆ­ 	dabr 	muntanja 		toou 	aÄ‘rÄ, aÄ‘mÄ 	tsÃ¡unÃ¬i, dÃºutsÃ¨e, tÃºdÃ¹u 	gaara 	buur				
172	red 	Ø£Ø­Ù…Ø±â€, Ø­Ù…Ø±Ø§Ø¡â€ 	Ê¾Ã¡Ä§mar m, Ä§amrÄÊ¾ f 	charm	charmaâ„¢		aÄ§mar m, Ä§amra f, Ä§omor pl 	××“×â€ ,××“××” 	Ê¾Ã¢Ã°Ã³m m, Ê¾aÃ°ummÃ¢ f 	qnjt	Ü£Ü˜Ü¡Ü©Üâ€ 	summÄqÄ 	ruÅ¡Å¡Ã», pÄ“lu 	á‰€á‹­áˆ• 	qayÄ§ 	aÄ§mar m, Ä§amra f, Ä§omor pl 		torÅ¡ 	azÉ™ggwaÉ£ 	jÃ¡a 	diimaa 	casaan, gaduud				
173	green 	Ø£Ø®Ø¶Ø±â€, Ø®Ø¶Ø±Ø§Ø¡â€ 	Ê¾Ã¡xá¸ar m, xaá¸rÄÊ¾ f 		<<<		aÄ§dar m, Ä§adra f, Ä§odor pl 	×™×¨×§â€ 	yÃ¢rÃ³q 	á¸¥á¸	ÜÜ˜ÜªÜ©Üâ€ 	yurrÄqÄ 	warqu 	áˆáˆ˜áˆáˆšáˆ 	Ä§amalmil 	aÄ§dar m, Ä§adra f, Ä§odor pl 		ouÅt, ouet 	aziyza 	tsÃ¡nwÃ¡a, kÃ³orÌƒÃ¨e 	bifa margaa 	agaar				
174	yellow 	Ø£ØµÙØ±â€, ØµÙØ±Ø§Ø¡â€ 	Ê¾Ã¡á¹£far m, á¹£afrÄÊ¾ f 		safran (red)	~ğŸ—¸?	isfar m, safra f, sofor pl 	×¦×”×‘â€ 	á¹£Ã¢hÃ³v 	km	Ü«Ü¥Ü˜Ü¬Üâ€ 	Å¡aÊ¿uÎ¸Ä 	warqu 	á‹˜ááˆ« 	zafrÄ 	isfar m, safra f, sofor pl 			awrâ€™aÉ£ 	rÃ awÃ¡yÃ a 	boora 	cawl, jaalle (< Italian)				
175	white 	Ø£Ø¨ÙŠØ¶â€, Ø¨ÙŠØ¶Ø§Ø¡â€ 	Ê¾Ã¡byaá¸ m, bayá¸ÄÊ¾ f 	lebain!	albino ç™½bÃ¡isÃ¨	~ğŸ—¸ğŸ—¸	abjad m, bajda f, bojod pl 	×œ×‘×Ÿâ€ 	lÃ¢vÃ¢n 	grá¸¥	ÜšÜ˜ÜªÜâ€ 	Ä§wÄrÄ 	peá¹£Ã» 	áŒ¸á‹á‹³, áŒ»á‹•á‹³ 	á¹£aÊ¿adÄ, á¹£ÄÊ¿dÄ 	abjad m, bajda f, bojod pl 		ouovÅ¡ 	aÅ¡É™mÅ™aÅ™ 	fÃ¡rÃ­i 	adii 	caddaan				
176	black 	Ø£Ø³ÙˆØ¯â€, Ø³ÙˆØ¯Ø§Ø¡â€ 	Ê¾aswad m, sawdÄÊ¾ f 		Schwatt +++	~ğŸ—¸ğŸ—¸	iswed m, sewda f, suwed pl 	×©×—×¨â€, ×©×—×•×¨×”â€ 	Å¡Ã¢Ä§Ã³r m, Å¡'Ä§Ã³rÃ¢ f 	hrw	ÜÜ˜ÜŸÜ¡Üâ€ 	Ê¾ukkÄmÄ 	á¹£almu 	áŒ¸áˆŠáˆ 	á¹£alim 	iswed m, sewda f, suwed pl 		kÄ“m 	aÆ€ÄrÅ¡an 	bÃ¡Æ™Ã­i 	gur'aaccaa 	madow				
177	night 	Ù„ÙŠÙ„â€ 	layl 		â„¢		lejl 	×œ×™×œ×”â€ 	laylÃ¢ 	rnpt	Ü Ü ÜÜâ€ 	lÄ“lyÄ 	mÅ«Å¡u 	áˆŒáˆŠá‰µ 	lÃ©lit 	lejl 		te-(o)uÅ¡Ä“ 	Ç§Ç§iÅ™É™Å§ (< Ar.) 	dÃ¡rÃ©e 	halkan 	habeen				
178	day 	ÙŠÙˆÙ…â€ 	yawm 		journ	~ğŸ—¸ğŸ—¸	jum 	×™×•×â€ 	yÃ³m 	Å¡m	ÜÜ˜Ü¡Üâ€ 	yawmÄ 	Å«mu 	á‹•áˆˆá‰µ 	Ê¿É™lat 	jum 		pe-hoou 	nhÄ (< Ar.) 	rÃ¡anÃ¡a 	guyyaa 	maalin				
179	year 	Ø³Ù†Ø©â€ 	sana 	suns!! sannal	Sonnen, senil	~ğŸ—¸ğŸ—¸	sena 	×©× ×”â€ 	Å¡Ã¢nÃ¢ 	qb	Ü«Ü¢Ü¬Üâ€ 	Å¡a(n)ta 	Å¡attu 	á‹“áˆ, á‹“áˆ˜á‰µ 	Ê¿Äm, Ê¿Ämat 	sena 		te-rompe (ráµŠmpooue) 	asÉ™ggwas 	shÃ¨eÆ™Ã¡rÃ a, shÃ¨ekÃ¡rÃ a 	bara, waggaa 	sannad (< Ar.)				
180	warm 	Ø¯Ø§ÙØ¦â€ 	dÄfiÊ¾ 	Ä§Ã¢m 	charm, sun	~ğŸ—¸ğŸ—¸	sÄ§un 	×—×â€ 	Ä§Ã¢m 	má¸¥	Ü«ÜšÜÜ¢Üâ€ 	Å¡aÄ§Ä§inÄ 		áˆá‹á‰… 	mÉ™wq 	sÄ§un 					buluqaa, o'aa 	kuulayl				
181	cold 	Ø¨Ø§Ø±Ø¯â€ 	bÄrid 	<> Berg, Kar	kryos++	~ğŸ—¸ğŸ—¸	kiesaÄ§ 	×§×¨â€ 	qar 	mêœ£w	Ü©ÜªÜÜªÜâ€ 	qarrirÄ 	kaá¹£Ã» 	á‰áˆ­ 	qwÉ™r 	kiesaÄ§ 		orÅ¡ 	asÉ™mmaÄ‘â€™ 	mÃ i É—Ã¡arÃ­i, mÃ i sÃ¡nyÃ­i 	qorraa 	qabow				
182	full 	Ù…Ù…ØªÙ„Ø¦â€ 	mumtÃ¡liÊ¾ 		<<		mimli 	××œ×â€ 	mÃ¢lÃ© 	jêœ£w	Ü¡Ü ÜÜâ€ 	malyÄ 	malÃ» 	áˆáˆ‰áŠ¥ 	mÉ™luÊ¾ 	mimli 						buux				
183	new 	Ø¬Ø¯ÙŠØ¯â€, Ø­Ø¯ÙŠØ«â€ 	jadÄ«d, Ä§adÄ«th 		Iah!	<	Ä¡did 	×—×“×©â€ 	Ä§Ã¢Ã°Ã¢Å¡ 	nfr	ÜšÜ•Ü¬Üâ€ 	Ä§a(Ã°)Î¸Ä 	eÅ¡Å¡u 			Ä¡did 		váµŠrre 	Å¾Å¾Ä‘iÄ‘ (< Ar.) 	sÃ¡abÃ³o 	haaraa 	cusub				
184	old 	Ù‚Ø¯ÙŠÙ…â€ 	qadÄ«m 				qadim (things), xiÄ§ (people) 	×™×©×Ÿâ€ 	yÃ¢Å¡Ã¢n 	bjn	Ü¥Ü¬ÜÜ©Üâ€ 	Ê¿attÄ«qÄ 	labru, Å¡Ä«bu 			qadim (things), xiÄ§ (people) 		as 	amÉ™qqrâ€™an, awÉ™ssÄ 	tsÃ³ohÃ³o 	moofaa 	duq				
185	good 	Ø·ÙŠØ¨â€ 	á¹­Ã¡yyib 				tajjeb 	×˜×•×‘â€ 	á¹­Ã³v 	á¸¥wêœ£	Ü›Ü’Üâ€ 	á¹­ÄvÄ 	á¹­Äbu 	áŠ¼áˆ­ 	xÃ©r 	tajjeb 		nanou 				fiican, wanaagsan				
186	bad 	Ø³ÙŠØ¡â€ 	sayyiÊ¾ 	bÄ«Å¡Ä 		Â½ 	Ä§aÅ¼in 	×¨×¢â€ 	raÊ¿ 	êœ¥b	Ü’ÜÜ«Üâ€ 	bÄ«Å¡Ä 	lemnu 	áŠ¥áŠ©á‹­ 	Ê¾É™kuy 	Ä§aÅ¼in 		hoou 				xun				
187	rotten 	Ù…ØªØ¹ÙÙ†â€ 	mutÃ¡Ê¿affin 		madig++	Â½ 		×¨×§×•×‘â€ 	rÃ¢quv 	êœ¥qêœ£	Ü’Ü©ÜÜ©Üâ€ ÜšÜªÜÜ’Üâ€ 	bqÄ«qÄ, Ä§rÄ«vÄ 	masku 								bud'uq jed'a 	qurun				
188	dirty 	Ù‚Ø°Ø±â€, ÙˆØ³Ø®â€ 	qÃ¡Ã°ir, wÃ¡six 				maÄ§muÄ¡ 	××œ×›×œ×šâ€ 	m'luxlax 	dbn, Å¡n	Ü«Ü˜ÜšÜ¬Ü¢Üâ€ 	Å¡uÄ§tÄnÄ 	warÅ¡u 			maÄ§muÄ¡ 						wasakh				
189	straight 	Ù…Ø³ØªÙ‚ÙŠÙ…â€ 	mustaqÄ«m 	trÄ«á¹£Ä 				×™×©×¨â€ 	yÃ¢Å¡Ã¢r 	spd	Ü¬ÜªÜÜ¨Üâ€ 	trÄ«á¹£Ä 	eÅ¡ru 													
190	round 	Ù…Ø³ØªØ¯ÙŠØ±â€ 	mustadÄ«r 	tond 	tornad!	~ğŸ—¸Â½  	tond 	×¢×’×œâ€ 	Ê¿Ã¢ÄŸul 	náº–s	ÜšÜ˜Ü•ÜªÜ¢ÜÜâ€ 	Ä§uÃ°rÄnÄyÄ 				tond 										
191	sharp 	Ø­Ø§Ø¯â€ 	Ä§add 	<> cut		~ğŸ—¸Â½  		×—×“â€ 	Ä§aÃ° 	nêœ¥êœ¥	ÜšÜªÜÜ¦Üâ€ 	Ä§arrifÄ 														
192	dull 	Ø«Ù„Ù…â€ 	thalim 	tylppÃ¤@Ural	dull	~ğŸ—¸ğŸ—¸		×¢××•×â€ 	Ê¿Ã¢mum 	bêœ£	Ü©Ü—ÜÜâ€ 	qahyÄ 														
193	smooth 	Ù†Ø§Ø¹Ù…â€ 	nÄÊ¿im 	Ä§Ã¢lÃ¢q 	<> lack, glatt?	Â½ ?	artab 	×—×œ×§â€ 	Ä§Ã¢lÃ¢q 	Å¡w	Ü¦Ü«ÜÜ©Üâ€ 	pÅ¡Ä«qÄ 				artab 										
194	wet 	Ø±Ø·Ø¨â€ 	raá¹­b 	bhitra:river?	tropf <> raá¹­b 	Â½ ?	mxarrab 	×¨×˜×‘â€, 	rÃ¢á¹­Ã³v, rÃ¢á¹­uv 	êœ¥qêœ£, mêœ£êœ¥, mtj	ÜªÜ›ÜÜ’Üâ€, Ü¬Ü ÜÜ Üâ€ 	raá¹­á¹­ivÄ, tallilÄ 	raá¹­bu 			mxarrab 					jiid'aa 	qoyan				
195	dry 	Ø¬Ø§Ùâ€, ÙŠØ§Ø¨Ø³â€ 	jaff, yÃ¢bis 				niexef 	×™×‘×©â€ 	yÃ¢vÃ©Å¡ 	tkn	ÜÜ’ÜÜ«Üâ€ 	yvÄ«Å¡Ä 	ablu 			niexef 						qallal				
196	correct 	ØµØ­ÙŠØ­â€ 	á¹£aÄ§Ä«Ä§ 	sewwa, ceâ€™va	<>savoir	~ğŸ—¸Â½  	sewwa 	× ×›×•×Ÿâ€ 	nÃ¢xÃ³n 	wêœ£, á¸¥r	Ü¬ÜªÜÜ¨Üâ€ 	triá¹£Ä 	damqu 	áˆ«á‰µá‹• 		sewwa 						saxan				
197	near 	Ù‚Ø±ÙŠØ¨â€ 	qarÄ«b 	qâ€™arriba! Kar@		~ğŸ—¸Â½  	qrib, Ä§dejn 	×§×¨×•×‘â€ 	qÃ¢rÃ³v 	wnmj, jmn	Ü©ÜªÜÜ’Üâ€ 	qarrÄ«vÄ 	á¹­exÃ» 			qrib, Ä§dejn 		hÅn, hÄ“n 	aÄ‘É™s 	kÃºsÃ¡ 	d'i'oo 	dhow				
198	far 	Ø¨Ø¹ÙŠØ¯â€ 	baÊ¿Ä«d 	RÃ¢Ä§Ã³q ~ roady	ğ“¯  ğ“„¿  ğ“	~ğŸ—¸S	bogÄ§od 	×¨×—×•×§â€ 	rÃ¢Ä§Ã³q 	smá¸¥j, jêœ£bj	ÜªÜšÜÜ©Üâ€ 	raÄ§Ä§Ä«qÄ 	neÅ¡Ã» 	áˆ­áˆ‘á‰… 	rÉ™Ä§uq 	bogÄ§od 		oue 	ggwÉ™Å¾ 	nÃ­isÃ¡ 	fagoo 	fag				
199	right 	ÙŠÙ…ÙŠÙ†â€ 	yamÄ«n 	2/3?	ğ“Œ³ğ“Œğ“Œğ“Œğ“ˆ‰  ğ“‹€ğ“…“ğ“‚¢	<<	lemin 	×™××™×Ÿâ€ 	yÃ¢min 	á¸¥r, m	ÜÜ¡ÜÜ¢Üâ€ 	yammÄ«nÄ 	imittu 	á‹¨áˆ˜áŠ• 	yaman 	lemin 		te-(o)unam 	afusi, yÉ™ffus 	dÃ¡amÃ¡ 	mirga 	midig				
200	left 	Ø´Ù…Ø§Ù„â€ 	Å¡imÄl 	simil?			xellug 	×©×××œâ€ 	s'mÃ³l 	m	Ü£Ü¡Ü Üâ€ 	semmÄlÄ 	Å¡umÄ“lu 	áŒ¸áŒ‹áˆ 	á¹£agÄm 	xellug 		te-hvour 	azâ€™É™Å™maÄ‘â€™, zâ€™É™Å™mÉ™Ä‘â€™ 	hÃ¡gÃº 	bitaa 	bidix				
201	at 	Ø¹Ù†Ø¯â€ 	Ê¿inda 	in/da/bei ×‘Ö¾â€ 		~ğŸ—¸ğŸ—¸	gÄ§and 	×‘Ö¾â€ 	b'- 	á¸¥nêœ¥, á¸«r	Ü’-â€, Ü Ü˜Ü¬â€ 	b-/ba-, lwÄÎ¸ 				gÄ§and 										
202	in 	ÙÙŠâ€, Ø¨â€ 	fÄ«, bi- 	bei 		~ğŸ—¸ğŸ—¸	fi 	×‘Ö¾â€ 	b'- 	â€”	Ü’-â€ 	b-/ba- 	ina 	á‰  	ba- 	fi 										
203	with 	Ù…Ø¹â€, Ø¨â€ 	mÃ¡Ê¿a, bi- 	Bei !!		~ğŸ—¸ğŸ—¸	ma' 	××ªâ€ ×‘ ×¢× 	Ê¿im, b'-, Ã©Î¸ 	jr	Ü¥Ü¡â€, Ü’-â€ 	Ê¿am, b-/ba- 				ma' 										
204	and 	Ùˆâ€ 	wa 	u 	y, und, wind!	~ğŸ—¸ğŸ—¸	u 	×•Ö¾â€ 	w'- 	á¸r ntt, n ntt, á¸¥r ntt	Ü˜-â€ 	w-/wa- 	u 			u 		nem 				oo, iyo				
205	if 	Ù„Ùˆâ€, Ø§Ø°Ø§â€, Ø§Ù†â€ 	law, Ê¾Ã­Ã°Ä, Ê¾inn 	Law ~ given â€¦	Ê¾inn when / ğ“‡‹Ê¾Ã­Ã°Äi !!	~ğŸ—¸ğŸ—¸	jekk 	××â€ 	Ê¾im 	rn	ÜÜ¢â€ 	Ê¾en 	Å¡umma ~sein			jekk 										
206	because 	Ø¨Ø³Ø¨Ø¨â€, Ù„Ø£Ù†Ù‘â€ 	bi-sÃ¡bab, liÊ¾Ã¡nna 	gÄ§ax, assume	gÄ§ax~cause~bi-sÃ¡ba	~ğŸ—¸!?	gÄ§ax 	×‘×’×œ×œâ€, ××¤× ×™â€ 	biÄŸlal, mipp'nÃ© 		-Ü¡Ü›Ü  Ü•â€, Ü’Ü¥Ü Ü¬â€ 	meá¹­á¹­ol d-/da-, bÊ¿ellaÎ¸ 	aÅ¡Å¡um 			gÄ§ax 										
207	name 	Ø§Ø³Ù…â€ 	Ê¾ism 	-ism âˆ‘ semit	-ism, heissenm	<<â„¢	isem 	×©×â€ 	Å¡Ã©m 		Ü«Ü¡Üâ€ 	Å¡mÄ 	Å¡umu 	áˆµáˆ 	sÉ™m 	isem 		p-ran 	isÉ™m (< Ar.) 	sÃºunÃ¡a 	maqaa 	magac, isin				
