â„– 	English 	Arabic 	Romanized Arabic 	Root	Aryan	âœ“	Egyptian many variants, often sign value implicit, better see Egyptian.all.tsv!	Egyptian r(êœ£) n(j) kmt	Maltese 	'Ge''ez '	'Romanized Ge''ez '	Hebrew 	Romanized Hebrew 	Syriac 	Romanized Syriac 	Romanized Akkadian 		Romanized Coptic 	Tarifiyt Berber 	Hausa 	Oromo (Wallagga) 	Somali
1	I 	Ø£Ù†Ø§â€ 	Ê¾Ã¡na 	Ante-ai	AI, anei!	âœ“	(ğ“ˆ–ğ“) ğ“…± ğ“‡‹ ğ“€€,  ğ“‡‹, ğ“¢ ğ“‡‹ , ğ“Œğ“¡ğ“¢ 	jnk	jiena, jien 	áŠ áŠ 	Ê¾ana 	×× ×™â€, ×× ×›×™â€ 	Ê¾ani, Ê¾Ã¢nÃ³xi 	ÜÜ¢Üâ€ 	Ê¾enÄ 	anÄku 		anok 	nÉ™Å¡Å¡ 	nÃ­i 	ana, na 	ani
2	you 	Ø£Ù†Øªâ€ ,Ø£Ù†Øªâ€ 	Ê¾anta m, Ê¾anti f 	AnTe-he	TA, tu	âœ“	(ğ“ˆ–ğ“) ğ“¡, ğ“ğ“¢, ğ“ğ“…±, ğ“ğ“ˆ–, ğ“ˆ–ğ“ ğ“, ğ“ˆ–ğ“ ğ“¿ğ“ˆ–ğ“¥, ğ“¿ğ“ˆ–ğ“®, ğ“ğ“…±ğ“¡, ğ“ğ“…±ğ“¿ğ“ˆ–ğ“¥	OE: á¹¯wt (m.), á¹¯mt (f.) 	inti, int 	áŠ áŠ•á‰°, áŠ áŠ•á‰² 	Ê¾anta m, Ê¾anti f 	××ª×”â€, ××ªâ€ 	Ê¾attÃ¢ m, Ê¾at f 	ÜÜ¢Ü¬â€ m, ÜÜ¢Ü¬Üâ€ f 	Ê¾at m, Ê¾at(ti) f 	atta m, atti f 		ntok m, nto f 	Å¡É™kk, Å¡É™mm 	kÃ¡i, kÃ©e 	si 	adi
3	he 	Ù‡Ùˆâ€ 	hÃºwa 	whowe	(s)he who! Su!	âœ“	(ğ“ˆ–ğ“) ğ“‡“ğ“…±, ğ“‡“ğ“…±ğ“, ğ“†‘, ğ“Šªğ“ˆ–	OE: swt (m.), stt (f.) 	huwa, hu 	á‹áŠ¥á‰± 	wÉ™Ê¾É™tu 	×”×•× 	hu 	Ü—Ü˜â€ 	hu 	Å¡Å« 		ntof m, ntos f 	nÉ™tta m, nÉ™ttaÅ§ f 	shÃ­i m, Ã­tÃ¡ f 	isa 	isa m, iyaf
4	we 	Ù†Ø­Ù†â€ 	nÃ¡Ä§nu 	Ante-nou	nous	âœ“	(ğ“ˆ–ğ“) ğ“ˆ–ğ“¥, ğ“‡‹ğ“Œğ“ˆ–ğ“¥, ğ“‡‹ğ“€ğ“ˆ–ğ“ˆ–ğ“¥	jnn	aÄ§na 	áŠ•áˆ•áŠ 	nÉ™Ä§na 	×× ×—× ×• 	Ê¾anaÄ§nu 	ÜšÜ¢Ü¢â€, ÜÜ¢ÜšÜ¢Ü¢â€ 	Ä§nan, (Ê¾)naÄ§nan 	nÄ«nu 		anon 	nÉ™Å¡Å¡in 	mÃºu 	nu 	inna (incl.), aanna (excl.)
5	you 	Ø£Ù†ØªÙ…â€ m, Ø£Ù†ØªÙ†â€ f, Ø£Ù†ØªÙ…Ø§â€ m/f dual 	Ê¾Ã¡ntum m, Ê¾antunna f, Ê¾antumÄ m/f dual 	Ante-tun	thine tik~Dich	âœ“	(ğ“ˆ–ğ“) ğ“ğ“ˆ–ğ“¥, ğ“ˆ–ğ“ ğ“ğ“ˆ–ğ“¥, ğ“¿ğ“ˆ–ğ“¤ğ“¤ğ“¤	ntá¹¯n	intom 	áŠ áŠ•á‰µáˆ™, áŠ áŠ•á‰µáŠ• 	Ê¾antÉ™mu m, Ê¾antÉ™n f 	××ª×, ××ª×Ÿ 	Ê¾attem m, Ê¾atten f 	ÜÜ¢Ü¬Ü˜Ü¢â€ m, ÜÜ¢Ü¬ÜÜ¢â€ f 	Ê¾attÅn m, Ê¾attÄ“n f 	attunu m, attina f 		ntÅtn 	kÉ™nniw, kÉ™nnint 	kÃºu 	isin 	idin
6	they 	Ù‡Ù…â€ m, Ù‡Ù†â€f, Ù‡Ù…Ø§â€ m/f dual 	hum m, hÃºnna f, humÄ m/f dual 	hem	them!	âœ“	(ğ“ˆ–ğ“) ğ“Šƒğ“ˆ–, ğ“‹´ğ“ˆ–ğ“¥, ğ“ˆ–ğ“¥, ğ“ˆ–ğ“®, ğ“…±ğ“¥, ğ“‹´ğ“ª, ğ“‹´ğ“ğ“¥	ntsn	huma 	áŠ¥áˆ™áŠ•á‰±, áŠ¥áˆ›áŠ•á‰± 	Ê¾É™mmuntu m, Ê¾É™mmÄntu f 	×”×â€, ×”×Ÿâ€ 	hÃ©m m, hÃ©n f 	Ü—Ü¢Ü˜Ü¢â€ m, Ü—Ü¢ÜÜ¢â€ f 	hennÅn m, hennÄ“n f 	Å¡unu m, Å¡ina f 		ntou 	nihni, nihÉ™nti 	sÃºu 	isaan 	iya
7	this 	Ù‡Ø°Ø§â€ m, Ù‡Ø°ï»©â€ f 	hÄÃ°Ä m, hÄÃ°ihi f 	he.there thadan	hither this that dieser da	âœ“	ğ“ğ“„¿, ğ“ğ“…±, ğ“ğ“…±ğ“‡‹ğ“‡‹, ğ“ğ“ˆ–, ğ“¿ğ“ˆ–, ğ“…®, ğ“…®ğ“„¿, ğ“‡‘ğ“‡‘, ğ“‡‘ğ“‡‘ğ“ˆ–, ğ“ˆ–ğ“„¿, ğ“‰, ğ“Šªğ“…®ğ“„¿, ğ“Šªğ“…±, ğ“Šªğ“…±ğ“‡‹ğ“‡‹, ğ“Šªğ“ˆ–	OE: pj, pw, pn (m. det.), tj, tw, tn (f. det.), nw, nn (pron.) 	dan m, din f 	á‹-, á‹áŠ•á‰±, á‹›/á‹›á‰² 	zÉ™-, zÉ™ntu m, zÄ/zÄti f 	×”×–×”â€ ,×–×” ,×–×•, ×–××ª 	ze m, zÃ³, zÃ³Î¸ f 	Ü—Ü¢Üâ€ m, Ü—Ü•Üâ€ f 	hÄnÄ m, hÄÃ°Ä“ f 	annÃ» 	den	Err:509	#NAME?	wÃ¡nnÃ n 	kana 	kan m, tan m
8	that 	Ø°Ù„Ùƒâ€ m, ïº«ïºï»™â€ m, ØªÙ„Ùƒâ€ f, ØªÙŠÙƒâ€ 	Ã°Älika m, Ã°Äka m, tÃ­lka f, tika f 	daica	dieser	~	ğ“ğ“†‘ğ“„¿,ğ“ğ“†‘,ğ“ğ“…±,ğ“ğ“…±ğ“‡‹ğ“‡‹,ğ“ˆ–ğ“†‘,ğ“Šªğ“…±ğ“‡‹ğ“‡‹,ğ“Šªğ“†‘ğ“®,ğ“Šªğ“†‘ğ“„¿ğ“ˆ,	OE: pf (m. det.), tf (f. det.), nf (pron.) 	dak m, dik f 	á‹áŠ­á‰± 	zÉ™ktu 	×”×”×•×â€, ×”×”×™×â€ 	hahu m, hahi f 	Ü—Ü˜â€ m, Ü—Üâ€ f 	hÄw m, hÄy f 	Å¡Å«, ullÃ» 	dac das	Err:509	Err:509	wÃ¡ncÃ n 	san 	kaas m, taas f
9	here 	Ù‡Ù†Ø§â€ 	hunÄ 		hand > han à¤¹à¥ˆ  have hither	âœ“?	ğ“ˆ–ğ“„¿, ğ“‚§ ğ“® ğ“ˆ, ğ“‰» ğ“‚ ğ“ˆ, ğ“‰» ğ“‚ ğ“„¿ ğ“‡‹ğ“‡‹ ğ“ˆ	êœ¥n, êœ¥êœ£	hemm 	á‹˜á‹¨ 	zaya 	×”× ×”â€ ,×¤×” 	pÃ³, hinnÃ© 	Ü—ÜªÜŸÜâ€ 	harkÄ 	annÃ¢nu 	hin jener			nan 		halkan
10	there 	Ù‡Ù†Ø§Ùƒâ€, Ù‡Ù†Ø§Ù„Ùƒâ€ 	hunÄka, hunÄlika 		'a''near (you have)'	âœ“?	ğ“‚§ ğ“® ğ“ˆ, ğ“‰» ğ“‚ ğ“„¿ ğ“‡‹ğ“‡‹ ğ“ˆ, ğ“‡‹ğ“…“,	êœ¥f	hawn 	áˆ…á‹¨ 	hÉ™yya 	×©× 	Å¡Ã¢m 	Ü¬Ü¡Ü¢â€ 	tammÄn 		hierna			can 		halkaas
11	who 	Ù…Ù†â€ 	man 	ğ“…“ä¹Œ	~man ma.un	~?	ğ“Šªğ“…±, ğ“Šªğ“ğ“‚‹, ğ“…“ ğ“‚Ÿ, ğ“…“ ğ“‚, ğ“ˆ–ğ“…“ğ“‚,ğ“Š„ ğ“‡‹ğ“‡‹, ğ“‹´, ğ“¶	mj	min 	áˆ˜áŠ‘ 	mannu 	××™ 	mi 	Ü¡Ü¢â€ 	man 	mannu 				wanda 	eeÃ±Ã±u 	
12	what 	Ù…Ø§â€, Ù…Ø§Ø°Ø§â€ 	mÄ, mÄÃ°Ä 	ğ“…“å—é¸Ÿ mwhat	what matter 	~!	ğ“Šªğ“…±, ğ“Šªğ“ğ“‚‹, ğ“…“ ğ“‚Ÿ, ğ“…“ ğ“‚, ğ“ˆ–ğ“…“ğ“‚,ğ“Š„ ğ“‡‹ğ“‡‹, ğ“ ğ“®, ğ“‹´, ğ“¶, ğ“ğ“Šªğ“® ğ“†µ ğ“€	mj, já¸«, jÅ¡st	xi 	áˆáŠ•á‰µ 	mÉ™nt 	××” 	ma 	Ü¡Üâ€, Ü¡Ü¢â€, Ü¡Ü¢Üâ€, Ü¡Ü˜Ü¢â€ 	mÄ, mÄn, mÄnÄ, mÅn 	mÄ«nu 	qui ment--			me 	maal 	maxaa
13	where 	Ø£ÙŠÙ†â€ 	Ê¾Ã¡yna 	In-near <> hunÄka	in, an, near, whence!	~	ğ“ğ“ˆ–ğ“®ğ“Œ™ğ“…¯ ğ“ˆ, ğ“ğ“ˆ–ğ“Œğ“…±ğ“Œ™ğ“…¯	á¹¯nj	fejn 	áŠ á‹­á‰´ 	Ê¾ayte 	××™×¤×”, ×× ×” 	Ê¾Ã©fo (where is), Ã¢nÃ¢ (where to) 	ÜÜÜŸÜâ€ 	Ê¾aykÄ 		whei* Ã r, in, to !			inaa 		
14	when 	Ù…ØªÙ‰â€ 	matÄ 	ma time	what matter time	âœ“?	ğ“ğ“†‘ğ“, ğ“ğ“ğ“†‘, ğ“ğ“†‘, ğ“…¯ğ“…¯, ğ“…“	zy nw	meta 	áˆšáŒŠá‹œ 	mi-gize 	××ª×™ 	mÃ¢Î¸ay 	ÜÜ¡Ü¬Üâ€ 	Ê¾emmaÎ¸(i) 		ma.taim			yaushe 		markee
15	how 	ÙƒÙŠÙâ€ 	kÃ¡yfa 	que-fa	ğˆğŒ°ğŒ¹ğ…ğŒ° Æ•aiva  how	âœ“âœ“!	ğ“…±,ğ“…±ğ“®,ğ“‡ğ“‡‹ğ“…“ğ“‚	mj mj, mj já¸«	kif 	áŠ¥á 	Ê¾É™ffo 	××™×šâ€ 	Ã©x 	ÜÜÜŸÜ¢â€, ÜÜÜŸÜ¢Üâ€ 	Ê¾aykan, Ê¾aykannÄ 	ana mÄ«ni, ammÄ«ni 	quev qhow ++ qwie		yaya 			
16	not 	Ù…Ø§â€, Ù„Ø§â€, Ù„Ù…â€ 	mÄ (past), lÄ (present), lam (perfect) 	lama mnila	mo~lo ~ nulla	âœ“âœ“	ğ“‚œ, ğ“‚œğ“ˆ–,ğ“‚œğ“,ğ“‡‹ğ“‚‹ğ“†‘,ğ“„¤ğ“Šªğ“…±, ğ“…±, ğ“…“, ğ“…“ğ“‚, ğ“…“ğ“‚Ÿ, ğ“…±ğ“‚œ, ğ“‚œğ“‡‹ğ“‡‹	OE: nj 	ma 	áŠ¢ 	Ê¾i 	×œ×, ××œ 	lÃ³, al 	Ü Üâ€ 	lÄ 	ul, lÄ 	mo			ba 	'ii''ii '	ma
17	all 	ÙƒÙ„â€ 	kull 	kalle	all, Æ•all, áµ“whole	âœ“âœ“	ğ“Ÿ, ğ“‚‹ ğ“‹´ ğ“‹´, ğ“…“ ğ“ƒ€ ğ“…±ğ“Œ¡ ğ“¤, ğ“‡¾ ğ“…“ ğ“…±ğ“€€ ğ“¥ ğ“, ğ“‡¾ ğ“ƒ ğ“…“ ğ“¥, ğ“‡¿ ğ“‡¿ ğ“ˆ… ğ“ˆ… ğ“ğ“ƒ ğ“€€ ğ“¥ ğ“, ğ“ ğ“ ğ“ 	nb	kollu m, kollha f/pl 	áŠ²áˆ 	kÊ·É™ll 	×›×œ 	kÃ³l 	ÜŸÜ â€ 	kol 	kalÃ» 	kall		marra 	dÃºkÃ  	hundaa 	kulli
18	many 	ÙƒØ«ÙŠØ±â€ 	kaÎ¸Ä«r 	âˆšquant	gather sehr herb gebirg 	~	ğ“…¨ ğ“‚‹, ğ“¨ ğ“ˆ–, ğ“‚ ğ“ˆ™ ğ“„¿ ğ“†ˆ, ğ“†ˆ ğ“„¿ ğ“ğ“€€ ğ“¥, ğ“‰» ğ“ğ“¯ ğ“ˆ™ ğ“¥	êœ¥Å¡êœ£	Ä§afna 	á‰¥á‹™áˆ• 	bÉ™zuÄ§ 	×”×¨×‘×”â€ 	harbÃ© 	Ü£Ü“Üâ€ 	saggi 	mÄdu 		naÅ¡e 		yaya 		badan
19	some 	Ø¨Ø¹Ø¶â€, ÙƒÙ…â€ 	baÊ¿á¸, kam 	quame	Some ++	âœ“	ğ“ˆ– ğ“‰” ğ“…ª ğ“ˆ’ ğ“¥, ğ“ˆ– ğ“¡ ğ“ ğ“´ ğ“›	nhj		áˆµááŠ• 	sÉ™fn 	×›××”â€ 	kammÃ¢ 	ÜŸÜ¡Üâ€ 	kmÄ 		sÉ™fvn~some			want 	gar(i) 	qaar
20	few 	Ù‚Ù„ÙŠÙ„â€ 	qalÄ«l 	culi	! / â€¦?	âœ“	ğ“‚ ğ“ˆ– ğ“‚§ ğ“ ğ“…ª	nhj	ftit 	áŠ…á‹³áŒ¥ 	á¸«É™dÄá¹­ 	××¢×˜â€ 	'm''Ê¿aá¹­ '	Ü’Ü¨ÜÜªÜâ€ 	bá¹£Ä«rÄ 		ftit~few					
21	other 	Ø¢Ø®Ø±â€, Ø£Ø®Ø±Ù‰â€, Ø£Ø®Ø±â€ 	Äxar m, Ê¾ÃºxrÄ f, Ê¾Ãºxar pl 	otxar	other	âœ“	ğ“¡ ğ“, ğ“¡ ğ“®	ky	ieÄ§or m, oÄ§ra f, oÄ§rajn pl 	áŠ«áˆáŠ¥ 	kÄlÉ™Ê¾ 	××—×¨â€, ××—×¨×ªâ€, ××—×¨×™×â€, ××—×¨×•×ªâ€ 	Ê¾aÄ§Ã©r m, Ê¾aÄ§eret f, Ê¾aÄ§Ã©rim m pl, Ê¾aÄ§Ã©rÃ³Î¸ f pl 	ÜÜšÜªÜ¢Üâ€ m, ÜÜšÜªÜ¬Üâ€ f 	(Ê¾a)Ä§renÄ m, (Ê¾a)Ä§retÄ f 	Å¡anÃ» 	-			wasu 	biraa 	kale
22	one 	ÙˆØ§Ø­Ø¯â€, ÙˆØ§Ø­Ø¯Ø©â€ 	wÄÄ§id m, wÃ¡Ä§da f 		first wÄÄ§id   ××—×“ â€ erst	âœ“	ğ“¤, ğ“Œ¡ , ğ“ ğ“…±	wêœ¥	wieÄ§ed m, waÄ§da f 	áŠ áˆ€á‹± 	Ê¾aÄ§adu 	××—×“â€, ××—×ªâ€ 	Ê¾eÄ§Ã¢d m, Ê¾eÄ§Ã¢Î¸ f 	ÜšÜ•â€ m, ÜšÜ•Üâ€ f 	Ä§aÃ° m, Ä§Ã°Ä f 	iÅ¡tÄ“n m, iÅ¡tÄ“t f 	wone/ eherst	ouai 	iÅ¾Å¾É™n, iÅ¡tÉ™n 	É—Ã¡yÃ¡ 	tokko 	hal
23	two 	Ø§Ø«Ù†Ø§Ù†â€, Ø§Ø«Ù†ÙŠÙ†â€, Ø§Ø«Ù†ØªØ§Ù†â€, Ø§Ø«Ù†ØªÙŠÙ†â€ 	TnÄ«n, Ê¾iÎ¸nÄn, Ê¾iÎ¸nÃ¡yn m, Ê¾iÎ¸natÄn, Ê¾iÎ¸natÃ¡yn f 		twinnen! ×©×ª×™× â€ Tzwein 	âœ“	ğ“Œ¢ ğ“Œ ğ“®, ğ“Œ¢ ğ“ˆ– ğ“Œ ğ“² ğ“®	snwj	tnejn 	áŠ­áˆáŠ¤á‰± 	kÉ™lÊ¾etu 	×©× ×™×â€, ×©×ª×™×â€ 	'Å¡''nayim m, Å¡''tayim f '	Ü¬ÜªÜÜ¢â€ m, Ü¬ÜªÜ¬ÜÜ¢â€ f 	trÃ©n m, tartÃ©n f 	Å¡inÄ m, Å¡ittÄ f 	twin, sin!@EG!	áµŠsnau 	Å§nayÉ™n (< Ar.) 	bÃ­yÃº 	lama 	laba
24	three 	Ø«Ù„Ø§Ø«Ø©â€, Ø«Ù„Ø§Ø«â€ 	Î¸alÄÎ¸a m, Î¸alÄÎ¸ f 	Î¸rÄÎ¸	third,dritt	âœ“âœ“	ğ“ ğ“‚¸ ğ“	á¸«mtw	tlieta 	áˆ áˆˆáˆµá‰± 	Å›alastu 	×©×œ×©×”â€, ×©×œ×©â€ 	'Å¡''lÃ³Å¡Ã¢ m, Å¡Ã¢lÃ³Å¡ f '	Ü¬Ü Ü¬Üâ€ m, Ü¬Ü Ü¬â€ f 	tlÄÎ¸Ä m, tlÄÎ¸ f 	Å¡alÄÅ¡ m, Å¡alÄÅ¡at f 	tres	Å¡omt 	Å§Å™aÅ§a (< Ar.) 	ÃºkÃ¹ 	sadii 	saddex
25	four 	Ø£Ø±Ø¨Ø¹Ø©â€, Ø§Ø±Ø¨Ø¹â€ 	Ê¾Ã¡rbaÊ¿a m, Ê¾Ã¡rbaÊ¿ f 	vrbis, furt afur áµŠftou	fourbt! ğ“Š– urbis ~ qvarbit	âœ“âœ“	ğ“†‘ ğ“‚§ ğ“…± ğ“¤ ğ“¤ ğ“¤ ğ“¤, ğ“‡‹ ğ“†‘ ğ“‚§ ğ“ ğ“¥, ğ“†‘ ğ“‚§ ğ“¤ ğ“ ğ“¤ ğ“¤ ğ“¤	jfdw	erbgÄ§a 	áŠ áˆ­á‰ á‹•á‰± 	Ê¾arbaÊ¿tu 	××¨×‘×¢×”â€, ××¨×‘×¢â€ 	Ê¾arbÃ¢Ê¿Ã¢ m, Ê¾arbaÊ¿ f 	ÜÜªÜ’Ü¥Üâ€ m, ÜÜªÜ’Ü¥â€ f 	Ê¾arbÊ¿Ä m, Ê¾arbaÊ¿ f 	erbe m, erbet f 	fourba!	áµŠftou 	ÄÆ€Ê•a (< Ar.) 	hÃºÉ—Ãº 	afur 	afar
26	five 	Ø®Ù…Ø³Ø©â€, Ø®Ù…Ø³â€ 	xÃ¡msa m, xams f 	phemtha / hands	quinth ~ xÃ¡msa	âœ“	ğ“¥ ğ“® ğ“ğ“…±ğ“‚»	djw	Ä§amsa 	áŠ€áˆ˜áˆµá‰± 	á¸«amastu 	×—××©×”â€, ×—××©â€ 	Ä§amiÅ¡Å¡Ã¢ m, Ä§Ã¢mÃ©Å¡ f 	ÜšÜ¡Ü«Üâ€ m, ÜšÜ¡Ü«â€ f 	Ä§amÅ¡Ä m, Ä§ammeÅ¡ f 	xamiÅ¡ m, xamÅ¡at f 	phemtha	áµŠtiou 	xÉ™msa (< Ar.) 	bÃ¬yÃ¡rÌƒ 	Å¡an 	shan
27	big 	ÙƒØ¨ÙŠØ±â€ 	KabÄ«r  <> kaÎ¸Ä«r 	kaâ€™ar / birg	!	âœ“!	ğ“…¨ ğ“‚‹ ğ“ˆ‰	êœ¥êœ£	kbir 	á‹á‰¢á‹­ 	Ê¿abiyy 	×’×“×•×œâ€ 	gÃ¢Ã°Ã³l 	ÜªÜ’Üâ€, ÜŸÜ’ÜÜªÜâ€ 	rabbÄ, kabbÄ«rÄ 	rabÃ»m 	gaiâ€™ir gebirg gebail	noc 	amÉ™qqrâ€™an 	bÃ bbÃ¡ 		wayn
28	long 	Ø·ÙˆÙŠÙ„â€ 	á¹­awÄ«l 		tall	âœ“âœ“	ğ“„« ğ“…±, ğ“¯ ğ“„¿ ğ“ˆ, ğ“ˆ, ğ“‡¥ ğ“‚‹ ğ“‚ ğ“¤	êœ£w	twil 	áŠá‹‹áŠ… 	nawwÄá¸« 	×Ö¸×¨Ö¹×šÖ°â€ 	Ã¢rÃ³x 	ÜÜªÜÜŸÜâ€ 	Ê¾arrÄ«xÄ 		tall	Å¡oi 	aziyrÄ 	mÃ i tsÃ¡wÃ³o 		dheer
29	wide 	Ø±Ø­Ø¨â€, ÙˆØ§Ø³Ø¹â€ 	raÄ§b, wÄsiÊ¿ 	waiÃ°e	wide, rahab:big	âœ“âœ“	ğ“‹´ ğ“ ğ“º, ğ“…± ğ“‹´ ğ“ ğ“¸ ğ“›,	wsá¸«	'wiesa'' '	áˆ­áˆ‘á‰¥ 	rÉ™Ä§ub 	×¨×—×‘â€ 	rÃ¢Ä§Ã¢v 	ÜªÜ˜ÜÜšÜâ€, Ü¦Ü¬ÜÜâ€ 	rwÄ«xÄ, paÎ¸yÄ 		waiÃ°e				'bal''aa, booccoo '	ballaadhan
30	thick 	Ø³Ù…ÙŠÙƒâ€ 	samÄ«k 	thmik~thick		âœ“	ğ“ƒ€ ğ“…¡ ğ“„¿ ğ“¼ ğ“ˆ—, ğ“…± ğ“‚¸ ğ“ ğ“› ~ Ï§â²‘â²	wmt	oÄ§xon 	áŒˆá‹™á 	gazuf 	×¢×‘â€ 	Ê¿Ã¢v 	Ü¥Ü’ÜÜ›Üâ€ 	Ê¿vÄ«á¹­Ä 							balaadhan
31	heavy 	Ø«Ù‚ÙŠÙ„â€ 	Î¸aqÄ«l 		thick.il @ Sack	âœ“	ğ“†“ğ“ˆ–ğ“‹´ğ“˜ğ“œ, ğ“‚§ğ“ˆ–ğ“‹´ğ“– ğ“ŠŒ, ğ“…±ğ“‚§ğ“ˆ–ğ“– ğ“ˆ’ ğ“¥	dns	tqil 	áŠ¨á‰¡á‹µ 	kabud 	×›×‘×“â€ 	kÃ¢vÃ©Ã° 	Ü¢Ü›ÜÜ Üâ€, ÜÜ©Ü˜ÜªÜâ€ 	ná¹­Ä«lÄ, yaqqurÄ 	kabtu 		horÅ¡ 	Ä‘qÉ™Å™ (< Ar.) 	mÃ i nÃ¡uyÃ­i 		culus
32	small 	ØµØºÙŠØ±â€ 	á¹£aÄŸÄ«r 	á¹£aÄŸÄ«r!  qÃ¢á¹­Ã¢n 	~short  |  cut,cute	âœ“	ğ“¡ ğ“ ğ“ ğ“…ª, ğ“ˆ–ğ“†“ ğ“‹´ ğ“…ª, ğ“ˆ– ğ“ ğ“…ª, ğ“€” ğ“¥ ğ“ˆ–ğ“‚£	ná¸s	Å¼gÄ§ir 	áŠ•áŠ¡áˆµ 	nÉ™Ê¾us 	×§×˜×Ÿâ€ 	qÃ¢á¹­Ã¢n 	Ü™Ü¥Ü˜ÜªÜâ€ 	zÊ¿ÅrÄ 	á¹­exru 				'k''arami '		yar
33	short 	Ù‚ØµÙŠØ±â€ 	qaá¹£Ä«r 	kurz(er) qaá¹£Ä«r 	<<	âœ“	ğ“…ª, ğ“ˆ™ ğ“‚‹ ğ“‚‹ ğ“…ª, ğ“› ğ“‚ ğ“…ª, ğ“›ğ“…±ğ“‚ğ“…ª	á¸¥wêœ¥	qasir 	áŠ…áŒ¹áˆ­ 	á¸«É™á¹£ur 	×§×¦×¨â€ 	qÃ¢á¹£Ã¢r 	ÜŸÜªÜÜâ€ 	karyÄ 	karÃ» 				guntu 		gaaban
34	narrow 	Ø¶ÙŠÙ‚â€ 	á¸Ã¡yyiq 	dar@Turk ~ ×¦×¨â€ 	dÃ¼rr <> dÃ¼rrig â‰  dick	âœ“	ğ“¼ ğ“„¿ ğ“£ ğ“…ª, ğ“¼ ğ“„¿ ğ“ ğ“…ª, ğ“› ğ“†° ğ“ˆ– ğ“‹´ ğ“…ª	gêœ£w, á¸¥ns	dejjaq 	áŒ¸á‰¢á‰¥ 	á¹£abib 	×¦×¨â€ 	á¹£Ã¢r 	Ü¥ÜÜ©Üâ€ 	Ê¿Ä«qÄ 	qatnu 				siriri 		ciriiri
35	thin 	Ø±Ù‚ÙŠÙ‚â€ 	raqÄ«q 	reck?	rank=schlank 		? <> ğ“Šª ğ“ˆ ğ“—, ğ“† ğ“ˆ ğ“—, ğ“Šª ğ“…® ğ“ˆ ğ“—, ğ“…® ğ“„¿ ğ“ˆ ğ“ ğ“‚‚	pêœ£q	rqiq 	á‰€áŒ¢áŠ•/á‹°á‰‚á‰… 	qaá¹­in/daqiq 	×“×§â€ 	daq 	ÜªÜ©ÜÜ©Üâ€, Ü›Ü ÜÜšÜâ€ 	raqqÄ«qÄ, á¹­lÄ«Ä§Ä 	qatnu 						dhuuban
36	woman 	Ø§Ù…Ø±Ø£Ø©â€ 	Ê¾imrÃ¡Ê¾a 	wImmera, Ê¾iÅ¡Å¡Ã¢ 	mÃªre Ische	âœ“âœ“	ğ“Šƒ ğ“ ğ“, ğ“ˆŸ ğ“ ğ“, ğ“Šƒ ğ“ ğ“, ğ“ˆ ğ“ ğ“, ğ“ƒ€ ğ“‚“ ğ“ ğ“‘	zt, á¸¥mt	mara 	á‰¥áŠ¥áˆ²á‰µ 	bÉ™Ê¾É™sit 	××©×”â€ 	Ê¾iÅ¡Å¡Ã¢ 	ÜÜ¢Ü¬Ü¬Üâ€ 	Ê¾attÉ™Î¸Ä 	sinniÅ¡tu 		te-shime (hiome) 	Å§amÉ£Äâ€™Å§, Å§amÉ™tâ€™tâ€™uÅ§ 	mÃ cÃ¨ 		dumar
37	man	Ø±Ø¬Ù„â€ 	rÃ¡jul 	ğ“‚‹ ğ“¿ ğ“€€ ğ“ ğ“¥	Raul Rojas Recke	âœ“â„¢!!	ğ“Šƒ ğ“€€			á‰¥áŠ¥áˆ² 	bÉ™Ê¾É™si 	××™×©â€ 		Ü“Ü’ÜªÜâ€ 	p-hoout 	zikaru 	p-hoout 	Äyaz 	nÃ¡mÃ­jÃ¬ 		rag	
38	human	Ø§Ù†Ø³Ø§Ù†â€ 	Ê¾insÄn 	son of Min ğ“‹‰ / rÅme(n)	(m)insane@turk,pers,hind !  Menschen	âœ“âœ“â„¢	ğ“‚‹ ğ“ ğ“¿ ğ“€€ ğ“,  ğ“‚‹ ğ“ƒ ğ“€€ ğ“¥ 2. ğ“‚‹ ğ“ ğ“€€ ğ“¥ ğ“  3. ğ“‚‹ ğ“¿ ğ“€€, ğ“‚‹ ğ“ ğ“› ğ“€€, ğ“‚‹ ğ“¿ ğ“ ğ“€€ ğ“¥, ğ“†‚ ğ“ ğ“¥, ğ“…“ ğ“ ğ“€, ğ“…· ğ“„¿ ğ“‡‹ğ“‡‹ğ“‚º ğ“€€, ğ“¿ğ“ˆ–ğ“‡‹ğ“€˜, ğ“€™, ğ“› ğ“ƒ¹ ğ“ˆ– ğ“€”, ğ“„Š ğ“‚‹ ğ“€€	á¸¥mt	p-rÅme 	áˆ°á‰¥áŠ¥/áˆ°á‰¥áŠ£á‹Š 	sabÉ™Ê¾/sabÊ¾Äwi 	××“×â€, ×× ×•×©â€ 	Ê¾Ã¢Ã°Ã¢m, Ê¾É™nÅÅ¡ 	ÜÜ¢Ü«Üâ€ 	Ê¾É™nÄÅ¡Ä 	awÄ«lu 		P-rÅme !! roman@copt	Æ€naÄ‘É™m (< Ar.) 	mÃ¹tÃ»m 	nama 	nin
39	child 	ÙˆÙ„Ø¯â€ 	walad 	chwilad 	child, wild, lad       TÃ¶ffel, â€¦Balt?	âœ“ / ?	ğ“„¡ ğ“‚‹ ğ“‚§ ğ“€€, ğ“ ğ“¤ ğ“€”, ğ“€– ğ“, ğ“ ğ“‡‹ ğ“‡‹ ğ“€”, ğ“ ğ“ˆ– ğ“Œ ğ“…± ğ“€”, ğ“› ğ“ƒ¹ ğ“ˆ– ğ“€”, ğ“ˆ– ğ“ ğ“ˆ– ğ“…± ğ“€”   2. ğ“„Ÿ ğ“‹´ ğ“¯, ğ“„Ÿ ğ“…± ğ“ ğ“ ğ“€”, ğ“‹´ ğ“†“ ğ“  3. ğ“‡‹ ğ“ˆ– ğ“Šª ğ“…‚	hj	tifel 	áˆ•áƒáŠ•/á‹ˆáˆá‹µ, á‹ˆáˆˆá‰µ 	Ä§É™á¸Än/wald (m.), walatt (f.) 	×™×œ×“â€ 	yeleÃ° 	ÜÜ Ü˜Ü•Üâ€ 	yalluÃ°Ä 	á¹£exru, mÄru 		p-Å¡Ä“re 	aÄ§É™nÅ¾ia, Å™Æ€É™zâ€™zâ€™ 	'É—Ã¡a, ''yÃ¡a '		cunug
40	wife 	Ø²ÙˆØ¬Ø©â€ 	zÃ¡wja 		Zofe, mÃªre, Ische	âœ“âœ“?	ğ“Œ¢ ğ“ˆ– ğ“ ğ“ 2. ğ“Œ¢ ğ“ˆ– ğ“ ğ“, ğ“Šƒ ğ“ ğ“, ğ“Šƒ ğ“ ğ“, ğ“ˆ ğ“ ğ“, ğ“ˆŸ ğ“ ğ“, 2. ğ“Œ¸ ğ“‚‹ ğ“, 3. ğ“Ÿ ğ“ ğ“‰ ğ“¤	mwt	mara 	á‰¥áŠ¥áˆ²á‰µ 	bÉ™Ê¾É™sit 	××©×”â€ 	Ê¾iÅ¡Å¡Ã¢ 	ÜÜ¢Ü¬Ü¬Üâ€ 	Ê¾attÎ¸Ä 	aÅ¡Å¡atu 		te-shime (hiome) 	Å§amÉ£Äâ€™Å§ 	mÃ atÃ¡a 		xaas
41	husband 	Ø¨Ø¹Ù„â€ 	baÊ¿l 	Balâ„¢ bull, fÅ« å¤«	fool? Å¼ewÄ¡ Zeuger,Geber	â„¢	ğ“‰” ğ“‚¸, ğ“‰” ğ“‡‹ğ“‚¸ğ“€€ 2. ğ“Ÿ ğ“€€ 3. ğ“Œ¢ğ“ˆ–ğ“€€	jt	Å¼ewÄ¡ 	áˆá‰µ/á‰ á‹“áˆ 	mÉ™t/baÊ¿Äl 	×‘×¢×œâ€ 	baÊ¿al 	Ü’Ü¥Ü Üâ€ 	baÊ¿lÄ 	mutu 		p-hai, p-hoout 	Äyaz 	mÃ­jÃ¬i 		nin
42	mother 	Ø£Ù…â€ 	Ê¾umm 	mamme	mama	âœ“	ğ“… ğ“ ğ“, ğ“‚  ğ“ ğ“, 1b ğ“„Ÿ ğ“‹´ ğ“ ğ“’ 2. ğ“‚¸ ğ“ ğ“ 3. ğ“‚  ğ“ ğ“ 4. ğ“… ğ“‚‹ ğ“ ğ“?	êœ¥wt (four-legged animals)	omm 	áŠ¥áˆ 	Ê¾É™mm 	××â€ 	Ê¾Ã©m 	ÜÜ¡Üâ€ 	Ê¾emmÄ 	ummu 		t-maau 	yÉ™mma (< Ar.?) 	ÃºwÃ¡a 		hooyo
43	father 	Ø£Ø¨â€ 	Ê¾ab 	papa		âœ“	ğ“‡‹ ğ“ ğ“†‘ ğ“€€	rm (Æ’!)	missier 	áŠ á‰¥ 	Ê¾ab 	××‘â€ 	Ê¿Ã¢v 	ÜÜ’Üâ€ 	Ê¾avÄ 	abu 		p-eiÅt (eiote) 	Æ€aÆ€a (< Ar.?) 	Ã¹bÃ¡a 		aabbe
44	animal 	Ø­ÙŠÙˆØ§Ù†â€ 	Ä§ayawÄn 	! huryvanâ„¢	 Ñ…Ğ°Ğ¹Ğ²Ğ°Ğ½ (Pers.)	<<<	ğ“„›   <>  ğ“‚§ ğ“‚‹ ğ“„› 	êœ£pd	annimal 	áŠ áˆ­á‹Œ 	Ê¾arwe 	×—×™×”â€ 	Ä§ayyÃ¢ 	ÜšÜÜ˜Ü¬Üâ€ 	Ä§ayyuÎ¸Ä 			p-táµŠvnÄ“ (táµŠvnooue) 	lÄ§ayawan (< Ar.) 	dÃ¡bbÃ a (< Ar.?) 		bahal
45	fish 	Ø³Ù…ÙƒØ©â€ 	sÃ¡maka 	sÃ¡maka  á¹¯zm!	salmonq? sea-mackerel ×“×’â€ Taucher	<<<	ğ“†‘ ğ“ ğ“ ğ“…±, ğ“‚‹ ğ“…“ ğ“†› ğ“‚», ğ“…± ğ“› ğ“‚ ğ“†Ÿ	á¹¯zm	Ä§uta 	á‹“áˆ£ 	Ê¿ÄÅ›Ä 	×“×’â€ 	dÃ¢ÄŸ 	Ü¢Ü˜Ü¢Üâ€ 	nÅ«nÄ 	nÅ«nu 		p-táµŠvt 	asÅ™É™m 	kÃ­ifÃ­i 	'qurt''ummii '	kalluun, mallaay
46	bird 	Ø·ÙŠØ±â€, Ø¹ØµÙÙˆØ±â€ 	á¹­ayr, Ê¿aá¹£fÅ«r 	tchirper Ghas-fur	Tier goose.bird ğ•ğ”ğ— á¹£pr sparrow	â„¢ <<	ğ“„¿ ğ“¤, ğ“„¿ ğ“Šª ğ“‚§ ğ“…¬ 2. ğ“Šª ğ“…® ğ“…¯ 3. ğ“‚§ ğ“¼ ğ“‡‹ ğ“‡‹ ğ“ ğ“€ƒ ğ“…­, ğ“…­, ğ“…¿	ktt	gÄ§asfur 	á‹–á 	Ê¿of 	×¦×¤×•×¨â€, ×¢×•×£â€ 	á¹£ippÃ³r, Ê¿Ã³f 	Ü›ÜÜªÜâ€, Ü¨Ü¦ÜªÜâ€ 	á¹­ayrÄ, á¹£efrÄ 	iá¹£á¹£Å«ru 		p-halÄ“t (halate) 	aÅ¾Ä‘â€™iÄ‘â€™ 	tsÃºntsÃºu 	'c''irrii '	shimbir
47	dog 	ÙƒÙ„Ø¨â€ 	kalb 	ğ“ƒ› ğ“…± ğ“ƒ¡	KlÃ¤ff	âœ“	ğ“¿ ğ“Šƒ ğ“…“ ğ“ƒ¡  2.  ğ“ƒ› ğ“…± ğ“ƒ¡, ğ“ƒ› ğ“…± ğ“® ğ“Š— ğ“„›	á¸¥fêœ£w (m.), á¸¥fêœ£t (f.)	kelb 	áŠ¨áˆá‰¥ 	kalb 	×›×œ×‘â€ 	kelev 	ÜŸÜ Ü’Üâ€ 	kalbÄ 	kalbu 		pe-(o)uhor (ouhoor) 	ayÄ‘i, aqzin, ahÉ™ggÄ 	kÃ rÃ©e 	saree 	ey
48	louse 	Ù‚Ù…Ù„Ø©â€ 	qÃ¡mla 	krumm.laus	<> camel?	âœ“?	ğ“¡ ğ“ ğ“ ğ“†¨			á‰áˆ›áˆ 	qÊ·É™mÄl 	×›× ×”â€ 	kinnÃ¢ 	Ü©Ü Ü¡Üâ€ 	qalmÄ 	uplu 			Å§iÅ¡Å¡É™Å¡Å§ (head), infÄ (body) 	kwÃ lkwÃ¡tÃ a (head), kwÃ rÌƒkwÃ¡tÃ a (body) 	'c''inii, injiraan, injijii '	injir
49	snake 	Ø­Ù†Ø´â€ 	Ä§anaÅ¡ 	hnathas	snake/natter	~âœ“	ğ“†‘ ğ“ˆ– ğ“ ğ“†™, ğ“†‘ ğ“ˆ– ğ“¿ ğ“†™, ğ“…­ ğ“‡¾ ğ“†™  2. ğ“› ğ“†‘ ğ“„« ğ“…± ğ“†™, ğ“‚‹ ğ“‚‹ ğ“¡ ğ“¡ ğ“†™, ğ“‹´ ğ“‹ ğ“ƒ€ ğ“ ğ“†™ 3. ğ“†“ ğ“‚§ ğ“†‘ ğ“ ğ“†™	fná¹¯	serp 	áŠ áˆ­á‹Œ áˆá‹µáˆ­/á‰°áˆ˜áŠ• 	Ê¾arwe mÉ™dr/taman 	× ×—×©â€ 	nÃ¢Ä§Ã¢Å¡ 	ÜšÜ˜ÜÜâ€ 	Ä§ewyÄ 	á¹£Ä“ru 		t-hof (hvoui) 	fiÉ£Äâ€™, Å§aÅ™É™fsa 	mÃ¡cÃ¬ijÃ­i 	'mar''ataa, bofa, Å¡aawwisa '	mas
50	worm 	Ø¯ÙˆØ¯Ø©â€ 	dÅ«da 	ğ“†“ğ“†“ ğ“›ğ“›!?	dreht	<<	ğ“†‘ ğ“ˆ– ğ“¿ ğ“†™ 2. ğ“¡ ğ“„¿ ğ“‚“ ğ“¤ ğ“†™ 3. ğ“†“ ğ“‚§ ğ“†‘ ğ“ ğ“†™	nht, Å¡n	dudu 	á‹•á„ 	Ê¿É™á¸e 	×ª×•×œ×¢×ªâ€ 	tÃ³laÊ¿at 	Ü¬Ü˜Ü Ü¥Üâ€ 	tawlÊ¿Ä 			p-fáµŠnt 	aÄ‘an n tmuaÅ§ 	tsÃºutsÃ a 		dixiri
51	tree 	Ø´Ø¬Ø±Ø©â€ 	Å¡Ã¡jara 	'Th''ree,caypra'	tree, cypres, Esche	âœ“ Â½ 	1. ğ“² ğ“ˆ– ğ“†­, 2. ğ“™ ğ“ˆ 3. ğ“‚§ ğ“ˆ ğ“‚‹ ğ“‚· ğ“ˆ’ ğ“¥, 4. ğ“…¡ ğ“ˆ ğ“†­ 5. ğ“†­ ğ“…“ ğ“†­ 6. ğ“†± ğ“ ğ“¤ 7. ğ“ˆ ğ“ƒ€ ğ“†­		siÄ¡ra !	á‹•áŒ½ 	Ê¿É™á¹£ 	×¢×¥â€ 	Ê¿Ã©á¹£ 	ÜÜÜ Ü¢Üâ€ 	Ê¾ilÃ¢nÄ 	iá¹£u 		p-Å¡Ä“n 	ssÉ™Å¾Å¾ÄÅ§ (< Ar.) 	Ã­tÃ acÃ©e 	muka 	geed
52	forest 	ØºØ§Ø¨Ø©â€ 	ÄŸÄba 	garba?	ğ’„‘ Arba ~ Ê¿ÄvÄ 	âœ“ Â½ 	ğ“  ğ“Œ ğ“Œ ğ“Œ ğ“†­ ğ“†­ ğ“†­, ğ“  ğ“Œ ğ“Œ ğ“Œ ğ“†®	á¸«t		á‹–áˆ 	Ê¿om 	×™×¢×¨â€ 	yaÊ¿ar 	Ü¥Ü’Üâ€ 	Ê¿ÄvÄ 				Å™É£aÆ€É™Å§ (< Ar.) 	dÃ¡ajÃ¬i 	baqqoo, daggala 	deegaan
53	stick 	Ø¹ØµØ§â€ 	Ê¿aá¹£Ä 	qAst.am	Ast / Machetl	âœ“ Â½ 	ğ“†± ğ“ ğ“¤, 2. ğ“‚ ğ“…“ ğ“‚ ğ“„¿ ğ“Œš	dqr, jÅ¡dt		á‰€áˆµá‰°áˆ/áˆ˜á‰…áˆ­á‹• 	qastam/maqrÉ™Ê¿ 	××§×œâ€ 	maqqÃ©l 	Ü©ÜÜ£Üâ€ 	qaysÄ 					Sanada 		qori
54	fruit 	ÙØ§ÙƒÙ‡Ø©â€ 	fÄkiha 	Phgu-HR-ta	fruit! Feige! Pear	âœ“âœ“~	ğ“‰ ğ“‚‹ ğ“ ğ“¯ ğ“Œ¾ ğ“¥, ğ“‰ ğ“‚‹ ğ“ ğ“‚º ğ“ˆ“, ğ“‰ ğ“‚‹ ğ“ ğ“ ğ“ˆ“, ğ“ ğ“‚‹ ğ“ , 2. ğ“‚‹ ğ“‚‹  3. ğ“™ ğ“ˆ 4. ğ“‚§ ğ“„¿ ğ“ƒ€ ğ“†³ 5. ğ“‡­ ğ“ˆ’ ğ“¥	prt	frott 	ááˆ¬ 	fÉ™rÃ© 	×¤×¨×™â€ 	'p''ri '	Ü¦ÜÜªÜâ€ 	pÃ©rÄ 			pe-(o)utah 	Å™xuÄ‘â€™ÄÅ§ (< Ar.) 	â€™yÃ¡rÌƒ Ã­tÃ acÃ©e 	ija 	miro
55	seed 	Ø²Ø±Ø¹Ø©â€ 	zarÊ¿a 	zarta	Saat	âœ“ Â½ 	ğ“„ ğ“ ğ“‡‹ ğ“‡‹ ğ“ ğ“‚º ğ“¥,  ğ“‚¸ ğ“ ğ“² ğ“ ğ“‚º ğ“¥, ğ“…“ ğ“ ğ“‚º ğ“…± ğ“	gêœ£bt ??	Å¼erriegÄ§a 	á‹˜áˆ­áŠ /á‰¥á‹áˆ­ 	zarÊ¾/bÉ™zr 	×–×¨×¢â€ 	zeraÊ¿ 	Ü™ÜªÜ¥Üâ€ 	zarÊ¿Ä 	zÄ“ru 		evra, croc 	Å™Ä§É™bb (< Ar.) 	Ã­rÃ¬i (< Kanuri?) 	garii, saÃ±Ã±ii 	
56	leaf 	ÙˆØ±Ù‚Ø©â€ 	wÃ¡raqa 	Werk!? Uruk?	Blatt-Werk	âœ“Â½? 	ğ“‡¥ ğ“‚‹ ğ“†“ ğ“„”, ğ“‚ ğ“‚‹ ğ“‡‹ ğ“‡‹ ğ“ ğ“†±, ğ“„” ğ“¤, ğ“‹´ğ“Ÿ ğ“„¿ ğ“Šªğ“ğ“†°		werqa 	á‰ˆáŒ½áˆ 	qÊ·aá¹£l 	×¢×œ×”â€ 	Ê¿Ã¢le 	Ü›ÜªÜ¦Üâ€ 	á¹­arpÄ 			cÅve 	Å§ifÄÅ¡Å§ 	gÃ¡nyÃ©e 	baala 	baal
57	root 	Ø¬Ø°Ø±â€ 	jaÃ°r 	Cherche â‰  sar	JaÃ°r ~~ root	âœ“Â½? 	ğ“¯ ğ“„¿ ğ“ƒ€ ğ“†°, ğ“ ğ“ˆ–ğ“‡‹ğ“‡‹ğ“ğ“†±, ğ“†±ğ“‡›, ğ“‡¡ 	wêœ£b, mnyt	gÄ§erq 	áˆ¥áˆ­á‹ 	Å›É™rw 	×©×¨×©â€ 	Å¡Ã³reÅ¡ 	Ü«ÜªÜ«Üâ€ 	Å¡erÅ¡Ä 	Å¡urÅ¡u 		noune 	azâ€™wÄ 	sÃ¢iwÃ¡a, jÃ­ijÃ­yÃ a 		xidid
58	bark 	Ù‚Ù„Ùâ€ 	qilf 	qoxra 	kara ~âœ“	qoxra 		qqtj	×§×œ×¤×”â€ 	qÉ™rÉ™ft 	qoxra 	'q''lippÃ¢ '	êœ¥nb	qlÄftÄ 		á‰…áˆ­áá‰µ 					qolof	
59	flower 	Ø²Ù‡Ø±Ø©â€ 	zÃ¡hra 	fhjrra	flower	~âœ“	ğ“· ğ“‚‹ ğ“‚‹ ğ“ ğ“†°, ğ“ƒ¹ğ“ˆ–ğ“ƒ€ğ“†°, ğ“†¸ â‹ ğ“†¹, ğ“Šƒ ğ“ˆ™ ğ“ˆ– ğ“†¸,  ğ“‡‡ğ“†°, ğ“‡¬ğ“ˆ–ğ“ƒ€,  	á¸¥rrt, wnb	fjur 	áŒ½áŒŒ 	á¹£É™gÃ© 	×¤×¨×—â€ 	perah 	Ü—Ü’Ü’Üâ€ 	habbÄvÄ 			pe-hrÄ“re 	Å§anÉ™wwaÅ¡Å§ 	fÃ¹rÃ©e 	daraaraa 	ubax
60	grass 	Ø­Ø´ÙŠØ´â€ 	Ä§aÅ¡Ä«Å¡ 	grhaschisch	grasses	âœ“âœ“~	ğ“¸  ğ“¥  2.  ğ“² ğ“ˆ– ğ“Œ ğ“² ğ“¸, ğ“² ğ“ˆ– ğ“® ğ“¸ ğ“¥ 		Ä§axix 	áˆ£á‹•áˆ­ 	Å›ÄÊ¿É™r 	×“×©×â€ 	deÅ¡eÊ¾ 	Ü“Ü Üâ€ 	gillÄ 	dÄ«Å¡u 		p-sim 	arrÆ€iÊ• (< Ar.) 	cÃ¬yÃ¡awÃ a 	marga 	caws
61	rope 	Ø­Ø¨Ù„â€ 	Ä§abl 	ğ“›!!	hroble	~âœ“	ğ“· ğ“¤ ğ“¢, ğ“‚ ğ“› ğ“¢, ğ“‡‹ ğ“› ğ“¢, ğ“± ğ“‹´ ğ“¢ 2. ğ“ˆ– ğ“‡ ğ“Œ ğ“…± ğ“› ğ“¢ 	nwá¸¥	Ä§abel 	áˆá‰¥áˆ 	Ä§abl 	×—×‘×œâ€ 	Ä§evel 	ÜšÜ’Ü Üâ€ 	Ä§avlÄ 	eblu 		nouh 	iÇ§Ç§i, Å§amriaÅ§, asÉ£un 	Ã­gÃ­yÃ a 		xarig
62	skin 	Ø¬Ù„Ø¯â€ 	jild 	Ä¡i.leder 	Gilde? Yellow?	<<	ğ“„›, ğ“„š ğ“ˆ– ğ“ ğ“„›, ğ“„ ğ“‚§ ğ“…±, 2. ğ“„Ÿ ğ“‹´ ğ“‚“ ğ“„› 3. ğ“ƒ€ ğ“…¡ ğ“„‡ ğ“„›  	jnm	Ä¡ilda 	áˆ›áŠ¥áˆµ 	mÄÊ¾s 	×¢×•×¨â€ 	Ê¿Ã³r 	Ü“Ü Ü•Üâ€ 	geldÄ 	gildu 		p-Å¡aar 	Å§iÅ™mÉ™Å¡Å§ 	fÃ¡atÃ a 	gogaa, ittillee 	jir
63	meat 	Ù„Ø­Ù…â€ 	laÄ§m 	â„¢	Lamm	â„¢	ğ“„¹, ğ“‡‹ ğ“†‘ ğ“„» ğ“¥, ğ“‡‹ ğ“…± ğ“†‘ ğ“„¹ ğ“„¹ ğ“„¹, ğ“„¿ ğ“ˆ™ ğ“‚‹ ğ“„¹, ğ“…¨ ğ“‚‹ ğ“‡‹ ğ“„¹	jwf	laÄ§am 	áˆ¥áŒ‹ 	Å›É™gÄ 	×‘×©×¨â€ 	bÃ¢sÃ¢r 	Ü’Ü£ÜªÜâ€ 	besrÄ 			p-af 	aÃ§sum 	nÃ¡amÃ a 	foon 	'hilib, so'''
64	blood 	Ø¯Ù…â€ 	dam 	[red]â„¢	â„¢ <> Darm	~âœ“	ğ“‚, 2. ğ“‚§ ğ“ˆ™ ğ“‚‹ ğ“‚, ğ“‚§ ğ“ˆ™ ğ“‚‹ ğ“…± ğ“¯ 3. ğ“Šƒ ğ“ˆ– ğ“†‘ ğ“…± ğ“‚	znf	demm 	á‹°áˆ 	dam 	×“×â€ 	dÃ¢m 	Ü•Ü¡Üâ€ 	dmÄ 	dÄmu 		pe-snof 	iÄ‘ammÉ™n 	jÃ­nÃ­i 	'd''iiga '	dhiig
65	bone 	Ø¹Ø¸Ù…â€ 	Ê¿aáº“m 	osteom		~âœ“	ğ“ŒŸ ğ“¤, ğ“ˆ ğ“‹´ ğ“ŒŸ	qs	gÄ§adma 	áŠ á…áˆ 	Ê¿aá¸m 	×¢×¦×â€ 	Ê¿eá¹£em 	Ü“ÜªÜ¡Üâ€ 	garmÄ 	eá¹£emtu 		p-kas (kaas) 	iÉ£É™ss 	Æ™Ã shÃ­i 	lafee 	laf
66	fat 	Ø¯Ù‡Ù†â€ 	duhn 	DahnÄ > Å¡umnÄ	dsahne!	~âœ“âœ“	ğ“™ ğ“‚§ ğ“Œ ğ“¥, ğ“™ ğ“†“ ğ“ŠŒ ğ“¥, ğ“‚ ğ“†“ ğ“™ ğ“Œ ğ“¥, ğ“„ ğ“‚§ ğ“, ğ“†“ ğ“‚§ ğ“‚‰,  ğ“†“ ğ“‚§ ğ“„¿ ğ“„ƒ,  2. ğ“ˆ ğ“ˆ– ğ“  3. ğ“„¡ ğ“Šª ğ“ˆ– ğ“ƒ¾ â€¦	mrá¸¥t		áˆ˜áˆ¥á‰¥áˆ• 	maÅ›bÉ™Ä§ 	×—×œ×‘â€ 	Ä§Ã©lev 	Ü•Ü—Ü¢Üâ€, Ü«Ü˜Ü¡Ü¢Üâ€ 	dahnÄ, Å¡umnÄ 	Å¡amnu 			Å§aÄ‘unt 	mÃ¡iÆ™Ã²o 	moora 	baruur
67	egg 	Ø¨ÙŠØ¶Ø©â€ 	bÃ¡yá¸a 	beyyde	<<	~âœ“	ğ“ ğ“¥, ğ“‹´ ğ“…± ğ“› ğ“ ğ“†‡ ğ“	swá¸¥t	bajda 	áŠ áŠ•á‰†á‰…áˆ† 	anqoqÉ™ho 	×‘×™×¦×”â€ 	bÃ©á¹£Ã¢ 	Ü’ÜÜ¥Ü¬Üâ€ 	bÃ©Ê¿Î¸Ã¢ 			t-soouhe 	Å§amÉ™Ç§Ç§aÄ 	Æ™wÃ¡i 	'killee, bup''p''aa '	ukun, beed
68	horn 	Ù‚Ø±Ù†â€ 	qurn 			âœ“âœ“	ğ“„ ğ“¤, ğ“› ğ“†° ğ“ˆ–ğ“„, ğ“› ğ“†± ğ“ˆ– ğ“Œ ğ“ 2. ğ“‚§ ğ“ƒ€ ğ“„ , ğ“‚ ğ“ƒ€ ğ“„ ğ“¤	êœ¥b, á¸¥nwt, db	qarn 	á‰€áˆ­áŠ• 	qarn 	×§×¨×Ÿâ€ 	qeren 	Ü©ÜªÜ¢Üâ€ 	qarnÄ 	qarnu 		tap 	iÅ¡Å¡ 	Æ™Ã hÃ³o 	gaafa 	gees
69	tail 	Ø°Ù†Ø¨â€ 	Ã°Ã¡nab 	Ã°Ã¡nab 	Schwanz Sterz á‹˜á‰£áŠ• zabÄn 		1. ğ“„œ 2. ğ“‹´ ğ“‚§ ğ“„¢ 3. ğ“ ğ“ƒ€ ğ“‹´ ğ“‡‹ ğ“‡‹ ğ“ ğ“¥ , ğ“ ğ“ƒ€ ğ“Šƒ ğ“ ğ“„¢  	á¸«bzt, sd	denb 	á‹˜á‰£áŠ• 	zabÄn 	×–× ×‘â€ 	zÃ¢nÃ¢v 	Ü•Ü˜Ü¢Ü’Üâ€ 	dunbÄ 	zibbatu 		sat 	Å§anÉ™wwÄÅ§ Ar.	wÃºtsÃ­yÃ a 	eegee 	dabo
70	feather 	Ø±ÙŠØ´Ø©â€ 	rÄ«sha 	<> Å¡aÊ¿r = shair	@res	<<	ğ“†„ ğ“…± ğ“ ğ“¸ 2. ğ“†… ğ“ ğ“¤ ğ“¸	Å¡wt	rixa 	áŒ¸áŒ’áˆ­ 	á¹£agÊ·r 	× ×•×¦×”â€ 	nÃ³á¹£Ã¢ 	ÜÜ’ÜªÜâ€ 	Ê¾evrÄ 				afÄ 	gÃ¡ashÃ¬i 		baal
71	hair 	Ø´Ø¹Ø±â€ 	Å¡aÊ¿r 	shaar	Scher <> Haar ++	âœ“âœ“	 ğ“›, ğ“¸ğ“¥, ğ“² ğ“ˆ– ğ“Œ ğ“² ğ“¸, ğ“² ğ“ˆ– ğ“® ğ“¸ ğ“¥, ğ“ƒ€ ğ“¡ ğ“¡ ğ“¸, ğ“ƒ€ ğ“‚“ ğ“¸ 	Å¡nj	xagÄ§ar 	áŒ¸áŒ•áˆ­ 	á¹£agÊ·r 	×©×¢×¨â€ 	sÃ©Ê¿Ã¢r 	Ü£Ü¥ÜªÜâ€ 	saÊ¿rÄ 	Å¡Ärtu 		p-fÅ 	zâ€™É™tâ€™tâ€™u, aÅ¡É™wwaf 	gÃ¡ashÃ¬i 		timo
72	head 	Ø±Ø£Ø³â€ 	raÊ¾s 		<> ration	~âœ“	ğ“¶ ğ“Šª, ğ“¶ ğ“¤, 2. ğ“· ğ“‚‹ ğ“‡¯ ğ“€€	tp, later á¸êœ£á¸êœ£	ras 	áˆ­áŠ¥áˆµ 	rÉ™Ê¾É™s 	×¨××©â€ 	rÃ³Å¡ 	ÜªÜÜ«Üâ€ 	rÃ©Å¡Ä 	rÄ“Å¡u 		t-ape (apÄ“ue), jÅ 	aqÉ™yyua 	kÃ¢i 	mataa 	madax
73	ear 	Ø£Ø°Ù†â€ 	Ê¾ÃºÃ°un 	SDm <> hear!	Widna <> wissen!?	<<<	1.ğ“„” 2.ğ“„• 3.ğ“‚ˆ ğ“¤         1. ğ“„Ÿ ğ“‹´ ğ“‡¥ ğ“‚‹ ğ“„” 2. ğ“‡‹ ğ“‚§ ğ“„” 3. ğ“‡¥ ğ“‚‹ ğ“†“ ğ“„”	msá¸r	widna 	áŠ¥á‹áŠ• 	Ê¾É™zn 	××–×Ÿâ€ 	Ê¾Ã³zen 	ÜÜ•Ü¢Üâ€ 	Ê¾eÃ°nÄ 	uznu 		p-maaje 	amÉ™zâ€™zâ€™uÉ£, amÉ™Å¾Å¾un 	kÃ»nnÃ©e 	gurra 	dheg
74	eye 	Ø¹ÙŠÙ†â€ 	Ê¿ayn 	mvoygayn!	â„¢	âœ“âœ“	1a. ğ“¹ 1b. ğ“‚ ğ“ˆ– ğ“¹ 2. ğ“¹ ğ“ ğ“® , ğ“…œ ğ“ ğ“ ğ“», ğ“‹¹ ğ“ˆ– ğ“ ğ“ ğ“‚€  	jrt	gÄ§ajn 	á‹á‹­áŠ• 	Ê¿ayn 	×¢×™×Ÿâ€ 	Ê¿ayin 	Ü¥ÜÜ¢Üâ€ 	Ê¿aynÄ 	Ä«nu 		p-val, eiat 	Å§itâ€™tâ€™ 	Ã­dÃ²o 	ija 	indho
75	nose 	Ø§Ù†Ùâ€ 	Ê¾anf 	 Ù†ÙÙÙØ§â€ (nafÄ)	noÆ’e nose schnief schnupf nieser	~âœ“	ğ“‚Š, ğ“‚‰ ğ“¤, ğ“ˆ™ ğ“‚‹ ğ“ ğ“‚‰ ğ“„¹, ğ“†‘ ğ“ˆ– ğ“‚§ ğ“‚‰, ğ“†‘ ğ“ˆ– ğ“†“ ğ“© ğ“‚‰	fná¸	mnieÄ§er 	áŠ áŠ•á 	anf 	××£â€ 	af 	Ü¢ÜšÜÜªÜâ€ 	ná¸¥Ä«rÄ 	appu 		Å¡ai, Å¡ant 	Å§inzÄ 	hÃ¡ncÃ¬i 	fuÃ±Ã±aan 	san
76	mouth 	ÙÙ…â€ 	fam 	Faime / PU.mo.us ! Hulkou?	â„¢	~âœ“	ğ“‚‹	r(êœ£)	Ä§alq 	áŠ á 	Ê¾af 	×¤×”â€ 	pe 	Ü¦Ü˜Ü¡Üâ€ 	pÅ«mÄ 	pÃ» 		t-tapro, rÅ 	aqÉ™mmum 	bÃ akÃ­i 	afaan 	af
77	tooth 	Ø³Ù†â€ 	sinn 	zÃ¤hn	Zahn	âœ“âœ“	1. ğ“„‘ ğ“¤, 1b. ğ“¿ ğ“Šƒ ğ“ ğ“„‘ 2. ğ“‡‹ ğ“ƒ€ ğ“› ğ“„‘ ğ“¤ 3. ğ“ˆ– ğ“…˜ ğ“› ğ“‚§ 	jbá¸¥, ná¸¥á¸t	sinna 	áˆµáŠ• 	sÉ™n 	×©×Ÿâ€ 	Å¡Ã©n 	Ü«Ü¢Üâ€, ÜŸÜŸÜâ€ 	Å¡ennÄ, kakkÄ 	Å¡innu 		Å¡ol, najhe 	Å§iÉ£mÉ™sÅ§ 	hÃ¡kÃ³orÃ­i 		ilig
78	tongue 	Ù„Ø³Ø§Ù†â€ 	lisÄn 	glissan	gloss glongue	~âœ“	ğ“„“, ğ“„“ ğ“„» ğ“¤, ğ“ˆ– ğ“„“ ğ“‹´ ğ“„», ğ“ˆ– ğ“„“ ğ“‹´ ğ“„» 2. ğ“Šƒ ğ“ˆ– ğ“¡ ğ“„“, ğ“Šƒ ğ“ˆ– ğ“¡ ğ“„“ 2b. ğ“ˆ™ ğ“‹´ ğ“Ÿ ğ“„¿ ğ“…± ğ“„“ ğ“¤ 2c. ğ“± ğ“Šƒ ğ“‚‹ ğ“„“	ns	lsien 	áˆáˆáˆ“áˆµ/áˆáˆ³áŠ• 	mÉ™lÄ§Äs/lÉ™sÄn 	×œ×©×•×Ÿâ€ 	lÃ¢Å¡Ã³n 	Ü Ü«Ü¢Üâ€ 	leÅ¡Å¡ÄnÄ 	liÅ¡Änu 		p-las 	iÅ™É™s 	hÃ¡rshÃ¨e 	arraba 	carrab
79	fingernail 	Ø¸ÙØ±â€ 	áº“ufr 	@ziffer=digit		~âœ“	ğ“‹ ğ“ƒ€ ğ“ŒŸ ğ“„¹ ğ“¤	êœ¥nt	difer 	áŒ½ááˆ­ 	á¹£É™fr 	×¦×¤×¨×Ÿâ€ 	á¹£ippÃ³ren 	Ü›Ü¦ÜªÜâ€ 	á¹­efrÄ 	á¹£upru 		eiv 	iÅ¡Å¡Ä 	fÃ¡rcÃ¨e 	qeensa 	ciddi
80	foot 	Ù‚Ø¯Ù…â€ 	qadam 	Quaddeln ;)	Kafaat regel:leg		ğ“ƒ€, ğ“‚¾, ğ“‚¾ğ“ğ“„¹, 2. ğ“‚‹ ğ“‚§ ğ“‚¾ ~ ğ“…± ğ“‚ ğ“‚‹ ğ“ğ“‚¾ 	rd	sieq 	áŠ¥áŒáˆ­ 	Ê¾É™gr 	×›×£ ×¨×’×œâ€ 	kaf reÄŸel 	Ü¥Ü©Ü Üâ€ 	Ê¿aqlÄ 	Å¡Ä“pu 		t-ouerÄ“te, rat 	Ä‘â€™Ä 	Æ™Ã¡fÃ a 	miilla 	cag
81	leg 	Ø±Ø¬Ù„â€ 	rijl 	regel legel	!!++	â„¢~âœ“	ğ“ƒ€, ğ“‚¾, ğ“ƒ› ğ“‚ ğ“„¯, ğ“ƒ› ğ“…± ğ“‚ ğ“…± ğ“„¯ ğ“„¹	wêœ¥rt, sbq	riÄ¡el 	áŠ áŒˆá‹³ 	Ê¾agadÄ 	×¨×’×œâ€ 	reÄŸel 	ÜªÜ“Ü Üâ€ 	reÄŸla 	kimá¹£u 		rat 	ifaddÉ™n 	Æ™Ã¡fÃ a 	hojjaa, luka 	lug
82	knee 	Ø±ÙƒØ¨Ø©â€ 	rÃºkba 	krÃ¼ppel	bÉ™rk~beug	~âœ“	ğ“Šª ğ“‚§ ğ“‚¾ ğ“„¹, 2. ğ“Œ³ ğ“‹´ ğ“ğ“‚¾ , ğ“Œ³ ğ“„¿ ğ“Š¨ ğ“ğ“‚¾	Pêœ£á¸ !!	rkoppa, rkobba 	á‰¥áˆ­áŠ­ 	bÉ™rk 	×‘×¨×šâ€ 	berex 	Ü’Ü˜ÜªÜŸÜâ€ 	burkÄ 	birku 		kal, kel, rat 	fuÄ‘ 	gwÃ­wÃ a 	jilba 	jilib
83	hand 	ÙŠØ¯â€ 	yad 	áº–at@EG ghyand	!!++	~âœ“	ğ“‚ ğ“¤, ğ“‚§ ğ“ ğ“¤, ğ“‡¥ ğ“‚‹ ğ“ ğ“‚§, ğ“‘ ğ“ ğ“‚©	á¸rt, êœ¥	id 	áŠ¥á‹µ 	Ê¾É™d 	×™×“â€ 	yÃ¢Ã° 	ÜÜÜ•Üâ€ 	Ê¾Ä«Ã°a 	qÄtu 		t-cij, toot 	fus 	hÃ¡nnÃºu 	harka 	gacan
84	wing 	ÙƒØªÙ, ÙƒÙ†Ùâ€ 	katf, kanaf 	Ä¡ewnaÄ§ 	Qwing ~~ ?	<!	ğ“‚§ ğ“ˆ– ğ“› ğ“†ƒ, ğ“‚§ ğ“Œ³ ğ“ ğ“†ƒ, ğ“†“ ğ“ˆ– ğ“› ğ“†ƒ, ğ“‚§ ğ“ƒ€ ğ“„	á¸ná¸¥, dmêœ£t	Ä¡ewnaÄ§ 	áŠ­áŠ•á 	kÉ™nf 	×›× ×£â€ 	kÃ¢nÃ¢f 	ÜŸÜ¢Ü¦Üâ€ 	kenfÄ 	kappu 		táµŠnh 	afriw 	fÃ­ffÃ­kÃ¨e 		baal
85	belly 	Ø¨Ø·Ù†â€ 	baá¹­n 	Baucht <> Bucht	pot belly	<~	ğ“„¡, ğ“„¡ ğ“ ğ“¤ , ğ“„¡ ğ“‚‚ ğ“	áº–t	Å¼aqq 	áŠ¨áˆ­áˆ¥ 	karÅ› 	×‘×˜×Ÿâ€ 	beá¹­en 	Ü’Ü›Ü¢Üâ€, ÜŸÜªÜ£Üâ€ 	baá¹­nÄ, karsÄ 	libbu 		t-hÄ“, hÄ“t 	aÊ•É™ddis 	cÃ­kÃ¬i 		calool
86	guts 	Ø£Ù…Ø¹Ø§Ø¡â€ 	Ê¾amÊ¿ÄÊ¾ 	Darmaya <> skins inner 	Darm	Â½ 	ğ“ƒ€ ğ“‹´ ğ“¡ ğ“…± ğ“, ğ“‡‹ ğ“‹´ ğ“, ğ“„¿ ğ“‡‹ ğ“‹´ ğ“ , ğ“„¿ ğ“‹´ ğ“ 2. ğ“„¤ ğ“‚‹ ğ“, ğ“„¤	máº–tw, êœ£js		áŠ áˆ›á‹‘á‰µ 	amÄÊ¿ut 	××¢×™×â€ 	mÃ©Ê¿im 	Ü¡Ü¥ÜÜâ€, Ü“Ü˜Üâ€ 	mÊ¿ayyÄ, gawwÄ 	erru 		maht, meht 	aÄ‘an, Æ€ururu 	hÃ¡njÃ­i 	'mar''umaan '	mindhicir, xiidmo
87	neck 	Ø±Ù‚Ø¨Ø©â€ 	rÃ¡qaba 		Rachen	Â½ 	ğ“„ˆ, 2. ğ“ ğ“ ğ“„ˆ, 3. ğ“„Š ğ“ ğ“¤ ğ“„»  4. ğ“‹­ ğ“…¿  5. ğ“ƒ€ ğ“‚ ğ“ˆ– ğ“ ğ“„»  ğ“…¿  	á¸«á¸«, ná¸¥bt	gÄ§onq 	áŠ­áˆ³á‹µ 	kÉ™sÄd 	×¦×•××¨â€ 	á¹£awwÃ¢r 	Ü¨Ü˜ÜªÜâ€, Ü©Ü•Ü Üâ€ 	á¹£awrÄ, qÃ°ÄlÄ 	kiÅ¡Ädu, labiÄnu 		p-makh 	iri 	wÃºyÃ a 	qoosee 	luqun, sur
88	back 	Ø¸Ù‡Ø±â€ 	áº“ahr 	dahar 	Dach, dorso	~âœ“	ğ“Šª ğ“Šƒ ğ“‚§, ğ“„» ğ“„© ğ“„¦ ğ“„¹, ğ“Šª ğ“‹´ ğ“†“ ğ“„ª ğ“„ª ğ“„ª, ğ“Šª ğ“‚§ ğ“‹´ ğ“…± ğ“„ª ğ“¤, ğ“‡‹ ğ“„¿ ğ“ ğ“„¦ ğ“ ğ“„», ğ“Ÿ ğ“¤, ğ“  ğ“¤	sêœ£, psá¸, jêœ£t	dahar 	á‹µáŠ…áˆ­ 	dÉ™á¸«r 	×’×‘â€ 	gÃ¢v 	ÜšÜ¨Üâ€, Ü’Ü£Ü¬ÜªÜâ€ 	Ä§aá¹£á¹£Ä, bestrÄ 	Å¡aÅ¡allu 		jise 	aÊ•rua 	bÃ¡ayÃ¡a 	dugda 	dhabar
89	breast 	ØµØ¯Ø±â€ 	á¹£adr 	sider 	~zitzer	~âœ“	0. ğ“ğ“ 1. ğ“ƒ€ ğ“ ğ“„¹, ğ“ƒ€ ğ“…Œ ğ“,  ğ“…Œ ğ“, 2. ğ“ˆğ“„¿ğ“ƒ€ğ“ğ“„¹, 3. ğ“² ğ“ˆ– ğ“ƒ€ ğ“ ğ“„¹, ğ“² ğ“ˆ– ğ“ƒ€ ğ“…Œ ğ“ ğ“‚’, 4. ğ“  ğ“ˆ– ğ“‚§ ğ“‚’	mná¸	sider 	áŠ¥áŠ•áŒá‹°áŠ£ 	É™ngÉ™daÊ¾Ä 	×—×–×”â€ 	Ä§Ã¢ze 	ÜšÜ•ÜÜâ€ 	Ä§aÃ°yÄ 	irtu 		t-ekive 	ibbÉ™Å¡ 	nÃ³onÃ²o 	harma 	naas
90	heart 	Ù„Ø¨â€ 	lubb 		lieb	~âœ“	ğ“› ğ“„¿ ğ“ ğ“® ğ“„£, ğ“„‚ ğ“ ğ“® ğ“„£, ğ“‡‰ ğ“ ğ“„£, ğ“„£ ğ“¤, ğ“„¤ ğ“¤	jb, á¸¥êœ£tj	qalb 	áˆá‰¥ 	lÉ™bb 	×œ×‘â€ 	lÃ©v 	Ü Ü’Üâ€ 	lebbÄ 	libbu 		p-hÄ“t, htÄ“ 	uÅ™ 	zÃºucÃ¬yÃ¡a 	onnee 	laab, wadne
91	liver 	ÙƒØ¨Ø¯â€ 	kabid 	qaVit, habit	Hepat ++	~âœ“âœ“	ğ“…“ ğ“Šƒ ğ“ ğ“„¹ ğ“ˆ“ , ğ“‡ ğ“‡‹ ğ“‹´ ğ“ ğ“„¹ ğ“¤ , ğ“ˆ˜ ğ“ˆ‡ ğ“‹´ ğ“ ğ“„¹ 	mjzt		áŠ¨á‰¥á‹µ 	kabd 	×›×‘×“â€ 	kÃ¢vÃ©Ã° 	ÜŸÜ’Ü•Üâ€ 	kavdÄ 	kabattu 			Å§sa 	hÃ¡ntÃ a 	tiruu 	tiro, beer
92	drink 	Ø´Ø±Ø¨â€ 	Å¡Ã¡riba 	slurp ğ“‹´ ğ“…¨ ğ“‚‹ ğ“‡‹ ğ“€swallow	â„¢â„¢â„¢! / ğ“ƒ€ğ“‚ğ“ƒ€ğ“‚ğ“ˆ—	<<âœ“	ğ“ƒ€ ğ“‚ ğ“ƒ€ ğ“‚ ğ“€¢ , ğ“ƒ€ ğ“‚ ğ“ƒ€ ğ“‚ ğ“ˆ— , 2. ğ“ ğ“ ğ“Œ 3. ğ“‹´ ğ“´ ğ“‚‹ ğ“‡‹ ğ“ˆ— ğ“² ğ“‚§ ğ“†‘ ğ“‚», ğ“‹´ ğ“…¨ ğ“‚‹ ğ“‡‹ ğ“ˆ— ğ“€, ğ“Šƒ ğ“…¨ ğ“‚‹ ğ“Š 4. ğ“Šƒ ğ“ƒ€ ğ“‡‹ ğ“€ 	zwr, later becoming zwj	xorob 	áˆ°á‰µá‹¨/áˆ áˆ¨á‰  	satya/Å›araba 	×©×ª×”â€ 	Å¡Ã¢Î¸Ã¢ 	Ü«Ü¬Üâ€ 	Å¡tÄ 	Å¡atÃ» 		sÅ 	su, Ä§Å™u 	shÃ¡a 	dhug- 	cabbid
93	eat 	Ø£ÙƒÙ„â€ 	Ê¾Ã¡kala 	ecca(n/l)	Essen <> killili!! Keule	~âœ“	ğ“…± ğ“ˆ™ ğ“‚ ğ“„‘ ğ“€, ğ“ƒ¹ ğ“ˆ– ğ“…“ ğ“€ 2. ğ“˜ ğ“˜ ğ“€ 3. ğ“¶ ğ“€, ğ“‡¬ ğ“€, ğ“¶ ğ“…“ ğ“€  	wnm	kiel 	á‰ áˆá‹ 	balÊ¿a 	××›×œâ€ 	Ê¾Ã¢xal 	ÜÜŸÜ â€ 	Ê¾exal 	akÄlu 		ouÅm 	Å¡Å¡ 	cÃ­ 		cun
94	bite 	Ø¹Ø¶â€ 	Ê¿Ã¡á¸á¸a 	<>eat!	Natter <> nâ€™eat	~âœ“	ğ“Šª ğ“Šƒ ğ“› ğ“„‘ ğ“€ 	pzá¸¥	gidem 	áŠáŠ¨áˆ° 	nakasa 	× ×©×šâ€ 	nÃ¢Å¡ax 	Ü¢ÜŸÜ¬â€ 	nxaÎ¸ 	naÅ¡Äku 				cÃ¬izÃ¡a 		qaniin
95	suck 	Ù…Øµâ€ 	mÃ¡á¹£á¹£a 	mathsuck	<> mother	~âœ“	ğ“‹´ ğ“ˆ– ğ“ˆ ğ“‚’, ğ“‹´ ğ“ˆ– ğ“˜ 2. ğ“¡ ğ“†‘ ğ“†‘ ğ“‚ 	snq	!	áˆ˜áŒ¸/áŒ á‰ á‹ˆ 	maá¹£á¹£a, á¹­abawa (breast) 	××¦×¥â€ 	mÃ¢á¹£aá¹£ 	Ü¡Ü¨â€ 	maá¹£ 	enÄ“qu 					'hod''a, t''uut''a '	nuug
96	spit 	Ø¨ØµÙ‚â€ 	bÃ¡á¹£aqa 	B-s-q / s-p-q	spucke	~âœ“âœ“	ğ“ƒ€ ğ“ˆ™ ğ“‚, ğ“Šª ğ“‹´ ğ“¼ ğ“‚, ğ“Šª ğ“Šƒ ğ“¼ ğ“„‘ ğ“€ 2. ğ“ ğ“ˆ™ ğ“‚ 	bÅ¡j, psg, tf	beÅ¼aq 	á‰°ááŠ /á‹ˆáˆ¨á‰€ 	tafÊ¾a/waraqa 	×™×¨×§â€ 	yÃ¢raq 	ÜªÜ©â€ 	raq 					tÃ³ofÃ a 	tuf 	
97	vomit 	ØªÙ‚ÙŠØ£â€ 	taqÃ¡yyaÊ¾ 	gÊ¿aá¹­ 	kotz	~âœ“âœ“	ğ“‹´ ğ“ƒ€ ğ“ˆ™ ğ“‡‹ ğ“‡‹ ğ“‚ 2. ğ“ˆ ğ“„¿ ğ“‹´ ğ“€, ğ“ˆ ğ“‡‹ ğ“‹´ ğ“€, ğ“ˆ ğ“‚ ğ“‚, ğ“ˆ ğ“„¿ ğ“‚ ğ“€ 3. ğ“ƒ€ ğ“ˆ™ ğ“…± ğ“‚ ğ“¥, ğ“‹´ ğ“ˆ ğ“‚ ğ“‚, ğ“ˆ ğ“„¿ ğ“‚ ğ“€,  	qêœ£êœ¥, qjs		á‰„áŠ  	qeÊ¾a 	×”×§×™×â€ 	hÃ©qi 	Ü“Ü¥Ü›â€ 	gÊ¿aá¹­ 				arr 	yÃ­ Ã¡mÃ¡i 		hunqaac
98	blow 	Ù†ÙØ®â€ 	nÃ¡faxa 	ğ“‚Š naÆ’e Nau-fauch	anfachen,anfechel	~âœ“	ğ“‹´ ğ“ ğ“ ğ“€œ  2. ğ“ˆ– ğ“†‘ 	nfj	nefaÄ§ 	áŠááŠ€ 	nafá¸«a 	× ×¤×—â€ 	nÃ¢faÄ§ 	Ü¢Ü¦Üšâ€ 	nfaÄ§ 						afuufa, buufa 	afuuf, buufi
99	breathe 	ØªÙ†ÙØ³â€ 	nÃ¡ffasa 	ğ“‚Š NÃ¢Å¡am ğŸ‘ƒ  ^^	<> nose	~âœ“âœ“	ğ“‹´ ğ“ˆ– ğ“‚‰ ğ“€, ğ“‹´ ğ“ˆ– ğ“†‘ ğ“Š¡ ğ“€œ, ğ“Šƒ ğ“ˆ– ğ“†‘ ğ“® ğ“Š¡, ğ“‹´ ğ“‹´ ğ“ˆ– ğ“‚‰, ğ“‹´ ğ“‹´ ğ“ ğ“‚‰, ğ“‹´ ğ“Œ¢ ğ“ˆ– ğ“‚‰, ğ“Œ¢ ğ“ˆ– ğ“‚‰ 2. ğ“‹´ ğ“‚‹ ğ“ˆ ğ“› 3. ğ“¿ ğ“Šª ğ“‡‹ ğ“‚‰, ğ“ ğ“Šª ğ“‚‹ ğ“‚Š ğ“ ğ“Šª ğ“‡‹ ğ“‚‰ ğ“‚¡ 4. ğ“ ğ“ˆ– ğ“Œ° ğ“…“ ğ“‚‰ ğ“€ 5. ğ“‚ ğ“…“ ğ“„ˆ ğ“€ 	ssn, tpr		áŠ áŠ•áˆáˆ° 	Ê¾anfasa 	× ×©×â€ 	nÃ¢Å¡am 	Ü¢Ü¦Ü«â€, Ü¢Ü«Ü¡â€ 	nfaÅ¡, nÅ¡am 	napÄÅ¡u 			arr nnÉ™fs 	yÃ­ nÃºmfÃ¡ashÃ­i 		neefso
100	laugh 	Ø¶Ø­Ùƒâ€ 	á¸Ã¡Ä§ika 	re.dahika	Ridicule â‰  suck	~âœ“	ğ“‹´ ğ“ƒ€ ğ“‡‹ ğ“ ğ“¸ ğ“„‘ 	zbá¹¯	daÄ§ak, daÄ§aq 	áŒ¸áˆá‰€ 	á¹£aÄ§aqa 	×¦×—×§â€ 	á¹£Ã¢Ä§aq 	Ü“ÜšÜŸâ€ 	gÄ§ex 	á¹£uxxu 			Ä‘â€™Ä§É™Å¡ (< Ar.) 	dÃ arÃ­yÃ¡a 	kolfa 	qosol
101	see 	Ø±Ø£Ù‰â€ 	raÊ¿Ä 	mireyea, amÄru 	Mvoeyer>voire !!!	~âœ“âœ“	ğ“Šª ğ“ ğ“‚‹ ğ“‡‹ ğ“» 2. ğ“‚§ ğ“¼ ğ“„¿ ğ“‡‹ ğ“‡‹ ğ“¼, ğ“‚§ ğ“¼ ğ“¹, ğ“‚§ ğ“¯ 3. ğ“Œ´ ğ“¹ ğ“„¿ ğ“„¿, ğ“Œµ 4. ğ“ˆ– ğ“‡ ğ“Œ ğ“¹, ğ“ˆ– ğ“¯ ğ“„¿ ğ“º 	mêœ£êœ£	ra 	áˆ­áŠ¥á‹¨ 	rÉ™Ê¾ya 	×¨××”â€ 	rÃ¢Ê¿Ã¢ 	ÜšÜ™Üâ€ 	Ä§zÄ 	amÄru 		nau e 	zâ€™Ä 	gÃ¡nÃ­i 	arga 	arag
102	hear 	Ø³Ù…Ø¹â€ 	sÃ¡miÊ¿a 	á¸ªmt,sdm <> ear!	sonar sense	â„¢	ğ“„”, ğ“„” ğ“›, ğ“„” ğ“…“, ğ“‹´ ğ“…“ ğ“„”, ğ“‹´ ğ“…“ ğ“‚¸ ğ“ ğ“„”, ğ“‹´ ğ“‚¸ ğ“ ğ“„” 	sá¸m	'sema'', sama'' '	áˆ°áˆá‹ 	samÊ¿a 	×©××¢â€ 	Å¡Ã¢maÊ¿ 	Ü«Ü¡Ü¥â€ 	Å¡maÊ¿ 	Å¡emÃ» 		sÅtáµŠm e 	sÉ™Å™ 	jÃ­ 	'dhaga''a '	dhagayso
103	know 	Ø¹Ø±Ùâ€ 	Ê¿Ã¡rifa 	idea, (ge)raffe 		~âœ“âœ“	ğ“‚‹ ğ“, ğ“‚‹ ğ“ ğ“œ ğ“…“, ğ“‚ ğ“‚‹ ğ“ˆ ğ“¼ ğ“‚‹ ğ“, 2. ğ“‹´ ğ“Ÿ ğ“„¿ ğ“‡‹ ğ“‹· ğ“€, ğ“‹· ğ“€ 3. ğ“Šƒ ğ“ˆ™ ğ“„¿ ğ“œ, ğ“ˆ™ ğ“Šƒ ğ“  ğ“„¿ ğ“„ƒ ğ“› 4. ğ“„ˆ, ğ“‚ ğ“…“ ğ“„ˆ ğ“€ 5. ğ“‰²	rá¸«	jaf, gÄ§araf 	á‹¨á‹µá‹, áŠ áŠ¥áˆ˜áˆ¨ 	yadÊ¿a, Ê¾aÊ¾mara 	×™×“×¢â€ 	yÃ¢Ã°aÊ¿ 	ÜÜ•Ü¥â€ 	yÃ°aÊ¿ 	idÃ» 		eime 	ssÉ™n 	sÃ¡nÃ¬i 	beek- 	iqiin
104	think 	ÙÙƒØ±â€ 	fÃ¡kkara 	fakir? Hsavoir	?	~âœ“	ğ“‡‹ ğ“ƒ€ ğ“€ 2. ğ“ˆ– ğ“¡ ğ“® ğ“€, ğ“ˆ– ğ“¡ ğ“„¿ ğ“® ğ“€ 3. ğ“‹´ ğ“†¼ ğ“„¿ ğ“€, ğ“‹´ ğ“ ğ“†¼ ğ“„¿ ğ“€ 4. ğ“¡ ğ“„¿ ğ“€	á¸«mt	Ä§aseb 	áˆáˆ¸á‰ , áˆáˆˆá‹¨ 	Ä§aÅ¡aba, Ä§alaya 	×—×©×‘â€ 	Ä§Ã¢Å¡av 	ÜšÜ«Ü’â€ 	Ä§Å¡av 			meeue 		yo tunaanii 		malee, fakar
105	smell 	Ø´Ù…â€ 	Å¡Ã¡mma 	Sammel <> nose	smell	~âœ“âœ“	ğ“Œ¢ ğ“‚‰, ğ“‹´ ğ“ˆ– ğ“‚‰ ğ“€, ğ“‹´ ğ“‹´ ğ“‚‰, ğ“‹´ ğ“‹´ ğ“ˆ– ğ“‚‰, ğ“‹´ ğ“‹´ ğ“ ğ“‚‰ 2. ğ“ ğ“ˆ– ğ“Œ° ğ“ ğ“® ğ“Š¸ ğ“¥, ğ“ ğ“ˆ– ğ“Œ° ğ“‚‰ ğ“¥, ğ“ ğ“ˆ– ğ“Œ° ğ“…“ ğ“‚‰ ğ“€ 	sn	xamm 	áŒ¼áŠá‹ 	á¹£Ã©naw 	×”×¨×™×—â€ 	hÃ©riaÄ§ 	Ü¡Üšâ€, Ü£Ü©â€ 	maÄ§, saq 							ur
106	fear 	Ø®Ø§Ùâ€ 	xÄfa 	Farha â€¦	fear, gefahr	~âœ“âœ“	ğ“†‚ ğ“¥, ğ“…¾ ğ“ ğ“¤ , ğ“†“, ğ“Šƒ ğ“ˆ– ğ“†“ ğ“ ğ“…¾ 2. ğ“ˆ– ğ“‚‹ ğ“‚¡ ğ“ˆ– ğ“‚‹ ğ“…± ğ“… ğ“€œ ğ“ª,  ğ“ˆ– ğ“‚‹ ğ“…± ğ“†‚ ğ“‚¡ ğ“¥ 3. ğ“ˆ– ğ“… ğ“‚ 4. ğ“‹´ ğ“‚‹ ğ“…¾	sná¸	'beÅ¼a'' '	áˆáˆ­áˆ€ 	farha 	×™×¨×â€, ×¤×—×“â€ 	yÃ¢rÃ©Ê¾, pÃ¢Ä§aÃ° 	Ü•ÜšÜ â€, ÜŸÜ˜Üªâ€ 	kwar, dÄ§el 	palÄxu, Å¡axÄtu 		áµŠr hote 	Å§iggwÄ‘i 	tsÃ²orÃ³o 	'na''a '	nax
107	sleep 	Ù†Ø§Ù…â€ 	nÄma 	raqad/yÃ¢Å¡Ã©n	numb ratzen@Kurd, dÃ¶sen	~+	ğ“€, ğ“ˆ– ğ“Œ° ğ“…“ ğ“‚ ğ“€ 2. ğ“‹´ ğ“‡¥ ğ“‚‹ ğ“€ 3. ğ“‚ ğ“‚ ğ“…± ğ“® ğ“º, ğ“‚ ğ“‚ ğ“…‚ 4. ğ“ª ğ“‚§ ğ“‚§ ğ“Œ ğ“¼  	qdd	raqad 	áŠ–áˆ˜ 	noma 	×™×©×Ÿâ€, × ×â€ 	yÃ¢Å¡Ã©n, nÃ¢m 	Ü•Ü¡ÜŸâ€ 	dmex 	Å¡alÄlu 		hinÄ“v 	tâ€™tâ€™É™s 	yÃ­ bÃ¡rcÃ­i 	rafa 	hurdo
108	live 	Ø¹Ø§Ø´â€ 	Ê¿ÄÅ¡a 	Ä§yÄsan gÄ§ex 	Ê¿Ä?Å¡a ğ“‹¹ zoo	~âœ“	ğ“‹¹ ğ“ˆ– ğ“, ğ“‹´ ğ“‹¹ ğ“ˆ– ğ“	êœ¥ná¸«	gÄ§ex 	áˆá‹­á‹ˆ 	Ä§aywa 	×—×™â€ 	Ä§ay 	ÜšÜÜâ€ 	Ä§yÄ 	balÄá¹­u 		ou- 	zÄ‘É™É£ 	dÃ  rÃ¢i 	raaga 	nool
109	die 	Ù…Ø§Øªâ€ 	mÄta 	â„¢	mord	âœ“âœ“	ğ“…“ ğ“± ğ“, ğ“…“ ğ“ ğ“€, ğ“…“ ğ“ ğ“‚‚, ğ“…“ ğ“ ğ“€, ğ“€ ğ“, 2. ğ“‹´ ğ“² ğ“‘ ğ“„¿ ğ“±  	mwt	miet 			××ªâ€ 	mÃ©Î¸ 	Ü¡ÜÜ¬â€ 	mÃ©Î¸ 	mÃ¢tu 		moout 	mmÉ™Å§ 	mÃºtÃ¹ 	'du''a '	dimo
110	kill 	Ù‚ØªÙ„â€ 	qÃ¡tala 	ktill	kill, cut, cattle?	~âœ“âœ“	ğ“Œª ğ“‚, ğ“„¡ ğ“‚§ ğ“ƒ€ ğ“€œ 2. ğ“‚§ ğ“ˆ– ğ“Œª 3. ğ“„¡ ğ“‚§ ğ“ƒ€ ğ“€œ 4. ğ“…± ğ“› ğ“‹´ ğ“Œª ğ“‚¡ 5. ğ“Šƒ ğ“Œ³ ğ“„¿ ğ“Œ 6. ğ“‹´ ğ“‚ ğ“‚‹ ğ“ˆ ğ“¼ ğ“Œª ğ“‚¡ 7. ğ“‹´ ğ“Œ³ ğ“„¿ ğ“Œª ğ“…“ ğ“Œª ğ“‚ 	áº–db	qatel 	á‰€á‰°áˆˆ 	qatala 	×”×¨×’â€, ×§×˜×œâ€ 	hÃ¢raÄŸ, qÃ¢á¹­al 	Ü©Ü›Ü â€ 	qá¹­al 	dÃ¢ku 		mouout 	nÉ™É£ 	kÃ¡shÃ¨e 	qooma, ajjeesa, qala 	dil
111	fight 	Ù‚Ø§ØªÙ„â€ 	qÄtala 	Battle / kill	â€¦	~âœ“	ğ“‡‹ ğ“› ğ“„¿ ğ“‚, ğ“‚ ğ“› ğ“„¿ 2. ğ“ˆ™ ğ“†‘ ğ“‚ ğ“‚¡ 3. ğ“‚š ğ“€œ, ğ“‚š ğ“„¿ ğ“€œ	êœ¥á¸¥êœ£	iÄ¡Ä¡ieled 	á‰°á‰ áŠ áˆ° 	tabaÊ¾asa 	×¨×‘â€ 	rÃ¢v 	ÜŸÜ¬Ü«â€ 	kÎ¸aÅ¡ 				mmnÉ™É£ 	yÃ­ fÃ¡É—Ã a 		dagaal
112	hunt 	ØµØ§Ø¯â€ 	á¹£Äda 	á¹£Ã¢Ã° 	jagt, shoot!	âœ“âœ“	ğ“ƒ€ ğ“› ğ“‹´ ğ“‚¾ 2. ğ“¿ ğ“‰” ğ“…“ ğ“‚» 3. ğ“ˆ– ğ“‡ ğ“„Ÿ ğ“„  ğ“‹¤ 4. ğ“¼ ğ“‚‹ ğ“… ğ“² ğ“€œ 	nw, bá¸¥s				×¦×“â€ 	á¹£Ã¢Ã° 	Ü¨ÜÜ•â€ 	á¹£eÃ° 	á¹£Ã¢du 					adama 	wiid
113	hit 	Ø¶Ø±Ø¨â€ 	á¸araba 	dar!  hikkÃ¢ ×”×›×”â€ 	â€¢hitch		ğ“‹´ ğ“ ğ“€œ, ğ“Šƒ ğ“ ğ“‚¬, ğ“€ ğ“‚, ğ“¡ ğ“ ğ“¡ ğ“ ğ“´ ğ“‚¡, 	á¸¥wj, zá¸«j	<~			×”×›×”â€ 	hikkÃ¢ 	Ü¡ÜšÜâ€, Ü¢Ü©Ü«â€ 	mÄ§Ä, nqaÅ¡ 							
114	cut 	Ù‚Ø·Ø¹â€ 	qÃ¡á¹­aÊ¿a 		CUT	âœ“âœ“	ğ“‰, ğ“¸, ğ“´ ğ“Œª ğ“‚¡, ğ“‚§ ğ“Œª, 2. ğ“‚§ ğ“ˆ– ğ“Œª, ğ“‚§ ğ“… ğ“Œª ğ“‚¡	Å¡êœ¥d, Å¡êœ¥	'qata'' '			×›×¨×ªâ€, ×—×ª×šâ€ 	kÃ¢raÎ¸, Ä§Ã¢Î¸ax 	Ü“Ü•Ü¡â€, Ü©Ü›Ü¥â€ 	qá¹­aÊ¿, gÃ°am 	nakÄsu 						
115	split 	Ø´Ù‚â€ 	Å¡Ã¡qqa 	paddaÊ¿, parreÎ¸ 	saq, parda	~âœ“	ğ“Šª ğ“ˆ™ ğ“ˆ– ğ“Œ« ğ“†±, 2. ğ“ ğ“ˆ™ ğ“´ ğ“‚¡, ğ“ ğ“†· ğ“´ ğ“‚ 	wpj	qasam 	áˆ¸áŒ¸áˆ¨ 	Å¡aá¹£ara 	×‘×§×¢â€, ×§×¨×¢â€, ×—×œ×§â€ 	bÃ¢qaÊ¿, qÃ¢raÊ¿, Ä§illÃ©q 	Ü«ÜªÜ©â€, Ü¦Ü•Ü¥â€, Ü¦ÜªÜ¬â€ 	Å¡raq, paddaÊ¿, parreÎ¸ 							
116	stab 	Ø·Ø¹Ù†â€ 	á¹­Ã¡Ê¿ana 	staÊ¿Ã±a, dÃ¢qar 	Stange, Degen, sterben	âœ“âœ“	ğ“‹´ ğ“‚§ ğ“ƒ€ ğ“‰½ ğ“´ 	á¸«mt, dm	@Korean!	á‹°áŒáŒ¸ 	dagwaá¹£a 	×“×§×¨â€ 	dÃ¢qar 	Ü•Ü“Ü«â€ 	dÄŸaÅ¡ 							daqar
117	scratch 	Ø®Ø¯Ø´â€ 	xadaÅ¡a 	sÃ¢raá¹­, grab +++	scratch, Scharte	~âœ“âœ“	ğ“— ğ“Œ— ğ“‚‹, ğ“„¿ ğ“„¡ ğ“‚ ğ“‚·, 2. ğ“Šª ğ“…® ğ“ 	êœ£áº–êœ¥, nqêœ¥	giref 	áˆáŠ•áˆáŒ  	Ä§anfaá¹­a 	×©×¨×˜â€ 	sÃ¢raá¹­ 	ÜšÜŸâ€, Ü£ÜªÜ›â€ 	Ä§ax, sraá¹­ 	xarÄsu 						
118	dig 	Ø­ÙØ±â€ 	Ä§Ã¡fara 	Ä§Ã¢far 	hieven heben	~âœ“	ğ“„ ğ“‚§ ğ“€œ, ğ“†· ğ“‚§ ğ“‚¡, ğ“†· ğ“„¿ ğ“‚§ ğ“ƒ, ğ“†· ğ“„¿ ğ“‚§ ğ“‚¡ 	Å¡êœ£d	Ä§affer 			×—×¤×¨â€ 	Ä§Ã¢far 	ÜšÜ¦Üªâ€ 	Ä§far 	napÄlu, xerÃ» 						qodid
119	swim 	Ø³Ø¨Ø­â€ 	sÃ¡baÄ§a 	S-b-Ä§+gÄ§am	swim  saqvam	~âœ“	ğ“ˆ– ğ“ƒ€ ğ“€’ ğ“ˆ—, ğ“ˆ– ğ“Ÿ ğ“ƒ€ ğ“ˆ—, ğ“ˆ– ğ“‹ ğ“ƒ€ ğ“ˆ— 	nbj, má¸¥j	gÄ§am 	áŒ¸á‰ á‰°, áŒ¸á‰ á‹¨ 	á¹£abata, á¹£abaya 	×©×—×”â€ 	sÃ¢Ä§Ã¢ 	Ü£ÜšÜâ€ 	sÄ§Ä 				fÄ‘É™Ä§ 	yÃ­ Ã­yÃ³o 	daaka 	
120	fly (v.) 	Ø·Ø§Ø±â€ 	á¹­Ära 	optera, praÄ§ 	<>ter=tier/birder	~âœ“âœ“	ğ“‚ ğ“„¡ ğ“…¯, ğ“‚ ğ“„¡ ğ“†ƒ , ğ“‚ ğ“„¡ ğ“Œ™ ğ“…¯, ğ“‡‹ ğ“¿ ğ“¿ ğ“…® 1b. ğ“‡‹ ğ“ ğ“ ğ“…¯ 2. ğ“‚ ğ“Šª ğ“†ƒ	pêœ£j, êœ¥pj	tar 			×¢×£â€ 	Ê¿Ã¢f 	Ü¦ÜªÜšâ€ 	praÄ§ 				Ä‘â€™u, fÄfÄ (< Ar.?) 	tÃ¡ashÃ¬ 	barara, barrisa 	duul
121	walk 	Ù…Ø´Ù‰â€ 	maÅ¡Ä 	marschâ€¦	marschier	âœ“âœ“	1. ğ“ˆ ğ“…“ ğ“‚»  2. ğ“‚§ ğ“¼ ğ“„¿ ğ“‚¾ ğ“º, ğ“‚§ ğ“¼ ğ“„¿ ğ“‹´ ğ“º 3. ğ“‹´ ğ“ ğ“…± ğ“ ğ“‚», ğ“‹´ ğ“…± ğ“…± ğ“ ğ“ ğ“‚», ğ“  ğ“¤ ğ“ ğ“…± ğ“Š— ğ“® ğ“‚» 	á¸«pj	mexa 	áˆ–áˆ¨ 	Ä§ora 	×”×œ×šâ€ 	hÃ¢lax 	Ü—Ü ÜŸâ€ 	hallex 			mooÅ¡e 	uyua 	tÃ fÃ­ 	adeema 	
122	come 	Ø¬Ø§Ø¡â€, Ø¨Ø§Ø¡â€, Ø£ØªÙ‰â€ 	jÄÊ¾a, Ê¾atÄ, bÄÊ¾a 	ğ“ƒ€ğ“ƒ€	!!?? <<	~âœ“	ğ“‡, ğ“‡ ğ“‡‹ ğ“‡‹ ğ“‚», ğ“„­ ğ“‚», ğ“‚» ğ“‚½, ğ“‚ ğ“ˆ– ğ“ˆ– ğ“‚½ 	jj, jwj	Ä¡ie 	áˆ˜áŒ½áŠ  	maá¹£Ê¾a 	×‘×â€ 	bÃ¢ 	ÜÜ¬Üâ€ 	Ê¾eÎ¸Ä 	á¹­exÃ» 		ei 	as 	zÃ³o 	dhuf- 	
123	lie (in bed)	Ø±Ù‚Ø¯â€ 	rÃ¡qada 	raqa@goth	ratzen 	Â½	ğ“‹´ ğ“‡¥ ğ“‚‹ ğ“€	sá¸r	gideb 	áˆ°áŠ¨á‰  	sakaba 	×©×›×‘â€ 	Å¡Ã¢xav 	Ü«ÜŸÜ’â€, Ü¡ÜŸâ€ 	Å¡xev, max 			áµŠnkotk 	zzÉ™Å™, bbuzzÉ™Å™ 	kwÃ¡ntÃ a 	'c''iisa '	
124	sit 	Ø¬Ù„Ø³â€ 	jÃ¡lisa 	äº•jÇnSit	--	!	ğ“› ğ“ˆ ğ“‹´ ğ“€‰, ğ“ˆ ğ“Šƒ ğ“€‰, ğ“‹´ ğ“‡› ğ“…“ ğ“€¼, ğ“¿ ğ“‹´ ğ“€‰, 2. ğ“› ğ“‚§ ğ“ƒ€ ğ“‚», ğ“› ğ“†‘ ğ“‚§ ğ“€‰  	á¸¥msj	qagÄ§ad, qiegÄ§ed 	áŠá‰ áˆ¨ 	nabara 	×™×©×‘â€ 	yÃ¢Å¡av 	ÜÜ¬Ü’â€ 	yÎ¸ev 	waÅ¡Äbu 		hmoos 	qqim 	zÃ¡unÃ a 		fadhiiso
125	stand 	ÙˆÙ‚Ùâ€ 	wÃ¡qafa 	Æ€É™dd  ğ“ƒ€ğ“ƒ€	<> walk?	!	ğ“Š¢,ğ“Š£, ğ“Š¢ ğ“‚ ğ“‚», ğ“‹´ ğ“Š¢ ğ“‚ ğ“‚» 2. ğ“‹´ ğ“  ğ“ˆ– ğ“– ğ“‚ 	êœ¥á¸¥êœ¥	waqaf 			×¢××“â€ 	Ê¿Ã¢maÃ° 	Ü¬ÜªÜ¨â€ 	traá¹£ 	izuzzu 		Åhe ahe, aherat 	Æ€É™dd 	tÃ¡ashÃ¬ 	'ijaaja, d''aabad''d''a '	
126	turn 	Ø¯Ø§Ø±â€ 	dÄra 		dreh, pan	âœ“âœ“	ğ“„² ğ“‚‹ ğ“‚», ğ“Šª ğ“„µ ğ“‚‹, ğ“Šª ğ“ˆ– ğ“‚ ğ“ˆ– ğ“‚ ğ“Šœ, ğ“Šœ, ğ“…± ğ“†“ ğ“ƒ€ ğ“ˆ…, ğ“„Ÿ ğ“‹´ ğ“ƒ€ ğ“ƒ€ ğ“€, ğ“„Ÿ ğ“‹´ ğ“ˆ– ğ“› ğ“‚½, ğ“…“ ğ“‚Ÿ ğ“¡ ğ“‡‰ ğ“¶, ğ“‚‹ ğ“‚ ğ“Ÿ ğ“¤ ğ“ˆ–, ğ“· ğ“¤ ğ“Ÿ ğ“¤, ğ“ˆ„ ğ“ƒ€, ğ“— ğ“ƒ€ ğ“„² ğ“‚», ğ“— ğ“ƒ€ ğ“ˆ… ğ“‚½, ğ“ ğ“ˆ– ğ“ƒ€ ğ“„¡ ğ“‚», â€¦  	páº–r	dar 	áˆœáŒ  	mÃ©á¹­a 	×¤× ×”â€ 	pÃ¢nÃ¢ 	Ü¦Ü¢Üâ€, Ü¥Ü›Ü¦â€ 	pnÄ, Ê¿á¹­af 	saxÄru 		pÅÅne, peene, kto 	qÅ™É™Æ€ (< Ar.) 	mÃ¡yÃ¡rÌƒ dÃ  	taaya 	
127	fall 	ÙˆÙ‚Ø¹â€ 	wÃ¡qaÊ¿a 	wackel nÃ¢fal 	hinfall	âœ“âœ“	ğ“€’ , ğ“ğ“‚‹ğ“€’  	á¸«r	'waqa'' '	á‹ˆá‹µá‰€ 	wadqa 	× ×¤×œâ€ 	nÃ¢fal 	Ü¢Ü¦Ü â€ 	nfal 	maqÄtu 		he hÄ“u 	wÄ‘â€™a 	fÃ¡aÉ—Ã¬ 		
128	give 	Ø§Ø¹Ø·Ù‰â€ 	Ê¿aá¹­Ä 	hina.dan nadÄnu 	at / hin.donner	~âœ“	1. ğ“™ , ğ“‚ , ğ“‚§ ğ“…± ğ“‚¡, 2. ğ“‚‹ ğ“‚, ğ“‚‹ ğ“™, ğ“™ 	rá¸j	ta 			× ×ª×Ÿâ€ 	nÃ¢Î¸an 	ÜÜ—Ü’â€, Ü¢Ü¬Ü â€ 	y(h)av, nettel 	nadÄnu 		taa, to, ti 	É™wÅ¡ 	bÃ¡a 	kenna 	
129	hold 	Ø£Ø®Ø°â€ 	Ê¾axaÃ°a 	Å¼amm 		Â½	ğ“ˆ– ğ“‡¥ ğ“‚‹ ğ“€œ, ğ“ˆ– ğ“‡¥ ğ“‚¡, 2. ğ“‚§ ğ“ˆ– ğ“‡‹ ğ“¯ ğ“‚¡, ğ“‚§ ğ“ˆ– ğ“‡‹ ğ“¸ ğ“€œ 	má¸¥	Å¼amm 	áŠ áŠ¸á‹˜ 	Ê¾axaza 	××—×–â€ 	Ê¾Ã¢Ä§az 	ÜÜšÜ•â€ 	Ê¾eÄ§aÃ° 	naá¹£Äru 						
130	squeeze 	Ø¹ØµØ±â€ 	Ê¿Ã¡á¹£ara 			Â½	ğ“‹´ ğ“„¡ ğ“ˆ– ğ“¡ ğ“± ğ“€œ, ğ“‹´ ğ“† ğ“„¿ ğ“¡ ğ“€œ, ğ“‡‹ ğ“‚ ğ“†‘, ğ“‚ ğ“‚ ğ“†‘ ğ“² ğ“‚¡, ğ“ˆ– ğ“‡ ğ“Œ ğ“‚§ 	êœ¥fj	gÄ§afas 			×œ×—×¥â€ 	lÃ¢Ä§aá¹£ 	Ü©Ü¡Ü›â€, Ü¥Ü¨Üªâ€ 	Ê¿á¹£ar, qmaá¹­ 							
131	rub 	Ø­Ùƒâ€ 	Ä§Ã¡kka 	â‰ hack			ğ“‹´ ğ“‡‹ ğ“†› ğ“ˆ– ğ“² ğ“‚¡, ğ“Šƒ ğ“‡‹ ğ“ˆ– ğ“‚ 	zjn	gÄ§orok 			×©×¤×©×£ ××¨×—â€ 	Å¡ifÅ¡Ã©f, mÃ¢raÄ§ 	Ü«Ü¦â€, ÜšÜŸâ€ 	Ä§ax, Å¡af 	lapÄtu 						
132	wash 	ØºØ³Ù„â€ 	ÄŸÃ¡sala 		wasch Gesell --	!--	ğ“‡‹ ğ“‚ ğ“ˆ— ğ“‚¡, ğ“‚‹ ğ“ ğ“ ğ“‚ 	jêœ¥j	Ä§asel 			×¨×—×¥ ×©×˜×£â€ 	rÃ¢Ä§aá¹£, Å¡Ã¢á¹­ap 	ÜšÜ Ü â€, Ü¦ÜÜ¥â€ 	Ä§allel, payyaÊ¿ 	ramÄku 		ei- 	ssiaÄ‘, ssÅ™iÅ™ 	wÃ¡nkÃ¨e 		
133	wipe 	Ù…Ø­Ø§â€ 	mÃ¡Ä§Ã¢ 	mwash wdj	moph	âœ“/~?	ğ“‡‹ ğ“› ğ“Œ¤, ğ“‚ ğ“› ğ“Œ¤, 2. ğ“‹´ ğ“ ğ“¡ ğ“‚ 	sk	gÄ§orok 			××—×”â€ × ×’×‘ 	mÃ¢Ä§Ã¢, niggÃ©v 	ÜŸÜ¦Üªâ€ 	kfar 							
134	pull 	Ø¬Ø±â€ 	jÃ¡rra 	tjar~tear?		âœ“?	ğ“‡‹ ğ“ ğ“› ğ“€œ, ğ“‡‹ ğ“ ğ“› ğ“•, ğ“†‘ ğ“‚§ ğ“´ ğ“‚¡, ğ“†Œ 2. ğ“„ ğ“‚§ ğ“€œ 3. ğ“Šª ğ“ˆ– ğ“‹´ ğ“´ ğ“‚¡ 4. ğ“‹´ ğ“Š ğ“ 5. ğ“‹´ ğ“  ğ“ˆ– ğ“ ğ“Š ğ“› 	sá¹¯êœ£, jtá¸¥	Ä¡ibed 			××©×šâ€ 	mÃ¢Å¡ax 	Ü“ÜªÜ«â€ 	graÅ¡ 			sÅk, sek 	Å¾arâ€™râ€™ (< Ar.) 	jÃ¡a 	harkisa 	jiid
135	push 	Ø¯ÙØ¹â€ 	dÃ¡faÊ¿a 	ğ“ƒ€?	<> tough?		ğ“„¿ ğ“…± ğ“…¯, ğ“…± ğ“‡‹ ğ“†› ğ“ˆ– ğ“‚¢ ğ“‚¡  	wdj	imbotta 			×“×—×£â€ 	dÃ¢Ä§af 	Ü™Ü¥Ü¦â€ 	zÊ¿af 				Ê•Än 	tÃºurÃ a 	dhiib- 	
136	throw 	Ø±Ù…Ù‰â€ 	ramÄ 		rammen	Â½	ğ“Œ™,ğ“Œ™ ğ“…¯,ğ“„¡ ğ“€’, ğ“€’ ğ“, ğ“‹´ ğ“ ğ“€’, ğ“ˆ ğ“Œš ğ“œ, ğ“ˆ ğ“Œ³ ğ“„¿ ğ“Œ™ ğ“…¯ ğ“œ, ğ“‚ ğ“…“ ğ“‚ ğ“„¿ ğ“Œš, ğ“‚ ğ“…“ ğ“„¿ ğ“ ğ“, 3. ğ“‹´ ğ“„ ğ“ ğ“€œ 	qmêœ£	'tefa'', xeÄ§et '			×¨××”â€, ×”×©×œ×™×šâ€ 	hiÅ¡lix, rÃ¢mÃ¢ 	ÜªÜ¡Üâ€ 	rmÄ 	nadÃ» 						
137	tie 	Ø±Ø¨Ø·â€ 	rabaá¹­a 	robot=work	!!!	~âœ“!	ğ“ˆ– ğ“ƒ€ ğ“¢ ğ“‚, ğ“› ğ“ƒ€ ğ“…± ğ“ƒ’ 2. ğ“¿ ğ“Šƒ ğ“‹­, ğ“‹­ ğ“Šƒ ğ“² ğ“‚¡, ğ“› ğ“¸ ğ“ˆ– ğ“Šƒ ğ“¡ ğ“¢ ğ“‚¡ 3. ğ“ˆ ğ“„¿ ğ“‹´ ğ“¢ ğ“‚¡ 	á¹¯z	rabat 			×§×©×¨â€ 	qÃ¢Å¡ar 	ÜÜ£Üªâ€, Ü©Ü›Üªâ€ 	Ê¾esar, qá¹­ar 	kaá¹£Äru, rakÄsu, á¹£amÄdu 						
138	sew 	Ø®ÙŠØ·â€ 	xÃ¡yyaá¹­a 	nhiet			â²±â²§â²‰Ï© â²‘â²£â²â²¡â²¥ â†” â²‘â²±â²£â²¡ , â²‘â²‰â²£â²¡    	sá¹¯êœ£, jtá¸¥	Ä§iet 			×ª×¤×¨â€ 	tÃ¢far 	ÜšÜÜ›â€ 	Ä§yaá¹­ 			torp, Åth, jÅlk 	xÉ™yyÉ™Ä‘â€™ (< Ar.) 	É—Ã­nkÃ a 	erba 	tolid
139	count 	Ø¹Ø¯â€ 	Ê¿Ã¡dda 	gÄ§add, manÃ» 	count, Menge ğ“  	âœ“âœ“	ğ“¿ ğ“ˆ– ğ“Œ™ ğ“…¯ ğ“Œ ğ“…± ğ“œ, 2. ğ“› ğ“‹´ ğ“ƒ€ ğ“ ğ“›, ğ“ ğ“› 3. ğ“‡‹ ğ“Šª ğ“› 	á¸¥sb	gÄ§add 	á‰€áˆ˜áˆ­ 	qamar 	×× ×”â€, ×¡×¤×¨â€ 	mÃ¢nÃ¢, sÃ¢far 	Ü¡Ü¢Üâ€ 	mnÄ 	manÃ» 						
140	say 	Ù‚Ø§Ù„â€ 	qÄla 	qatch,qiz,qal	call, Å¡aje@Coptic !	âœ“âœ“	ğ“†“ ğ“‚§ 	á¸d	qal 			×××¨â€ 	Ê¾Ã¢mar 	ÜÜ¡Üªâ€ 	Ê¾emar 	qabÃ» 		Å¡aje 	ini 	cÃªe, fÃ¡É—Ã¬i 	jedh- 	dheh, yedh
141	sing 	ØºÙ†Ù‰â€ 	ÄŸannÄ 		chant	âœ“âœ“	ğ“› ğ“‹´, ğ“› ğ“¿ ğ“Šƒ ğ“® ğ“€ 	á¸¥sj	gÄ§anna 			×©×¨â€, ×¨×Ÿâ€, ×–××¨â€ 	Å¡Ã¢r, rÃ¢n, zimmÃ©r 	Ü™Ü¡Üªâ€ 	zmar 	zamÄru 						
142	play 	Ù„Ø¹Ø¨â€ 	laÊ¿iba 	leasure love?	ä¹	âœ“?	ğ“› ğ“ƒ€ ğ“‚ ğ“Œ™ ğ“Œ™ ğ“œ, ğ“› ğ“‚ ğ“ƒ€ ğ“‚¡ 2. ğ“†¼ ğ“„¿ ğ“‚ ğ“‚¡ 3.  	á¸¥êœ¥b	lagÄ§ab 			×©×—×§â€ 	siÄ§Ã©q 	Ü«Ü¥Üâ€ 	Å¡aÊ¿Ê¿Ã© 	mÄ“lelu 						
143	float 	Ø¹Ø§Ù…â€ 	Ê¿Äma 	gamma?	ğ“ˆ™ @ schlitten	<			gÄ§am 			×©×˜â€ ,×¦×£ 	Å¡Ã¢á¹­, á¹£Ã¢f 	Ü›Ü¦â€ 	á¹­af 							
144	flow 	ØªØ¯ÙÙ‚â€ 	tadÃ¡ffaqa 	<>taf , zÃ¢ram 	zerren --		ğ“‹´ ğ“¬ ğ“¿ ğ“„¿ ğ“‚», 2. ğ“ƒ€ ğ“‹´ ğ“‚», ğ“„¿ ğ“Šƒ ğ“¬ ğ“‚», ğ“„¿ ğ“‹´ ğ“¬ ğ“‚» 3. ğ“¡ ğ“†‘ ğ“†‘ ğ“‚ 4. ğ“ ğ“‚§ ğ“Š›	á¸«dj, êœ¥nq				×–×¨×â€ 	zÃ¢ram 	ÜªÜ£Ü¡â€, Ü«ÜšÜ â€ 	Å¡Ä§al, rsam 							
145	freeze 	Ø¬Ù…Ø¯â€ 	jÃ¡mada 	gleÃ° ~ gelad	qÃ¢fa gefrier reif	1/3		á¸¥s				×§×¤×â€ 	qÃ¢fa 	Ü“Ü Ü•â€, Ü©ÜªÜ«â€ 	gleÃ°, qraÅ¡ 							
146	swell 	ÙˆØ±Ù…â€ 	wÃ¡rima 	<> warm?	wams wampe		ğ“ˆ™ ğ“†‘ ğ“ 	Å¡fw				×”×ª× ×¤×—â€ 	hiÎ¸nappÃ©aÄ§ 	Ü™Ü˜Üâ€, Ü¥Ü’Üâ€ 	zwÄ, Ê¿vÄ 							
147	SUN	Ø´Ù…Ø³â€ 	Å¡ams 		Summer-suns	âœ“âœ“	ğ“Šƒ ğ“…± ğ“‡³, ğ“†„ ğ“…± ğ“‡³, ğ“‚‹ ğ“‚ ğ“‡³ ğ“¤, ğ“‚‹ ğ“‚ ğ“ ğ“‡³ ğ“, 2. ğ“‡‹ ğ“ ğ“ˆ– ğ“‡³	rêœ¥	xemx 			×©××©â€ 	Å¡emeÅ¡ 	Ü«Ü¡Ü«Üâ€ 	Å¡emÅ¡Ä 	Å¡amÅ¡u 		p-rÄ“ 	Å§fuÅ¡Å§ 	rÃ¡anÃ¡a 	aduu, biiftuu 	qorax
148	moon 	Ù‚Ù…Ø±â€ 	qÃ¡mar 	sahrÄ 	ğŸŒ˜ [black]	<<<	ğ“‡‹ ğ“‚ ğ“›, ğ“‡‹ ğ“› ğ“…†, ğ“€­	jêœ¥á¸¥	qamar 	á‹ˆáˆ­áˆ• 		×™×¨×—â€ 	yÃ¢rÃ©aÄ§ 	Ü£Ü—ÜªÜâ€ 	sahrÄ 	sÃ®n, warxu 		p-ooh 	yua, Å§aziri 	wÃ¡tÃ a 	'baatii, ji''a '	dayax
149	star 	Ù†Ø¬Ù…â€, ÙƒÙˆÙƒØ¨â€ 	nÃ¡jm, kawkab 	caucab ğ“‹´ ğ“‹´ğ“ƒ€ğ“„¿ğ“‡¼ğ“‡³ 	<< ggba	<<<	ğ“‡¼ ğ“¤, ğ“‹´ ğ“ƒ€ ğ“„¿ ğ“‡¼ ğ“‡³, 2. ğ“¼ ğ“ˆ– ğ“„¡ ğ“ ğ“‡¼	sbêœ£	kewkba 	áŠ®áŠ¨á‰¥ 	kokab 	×›×•×›×‘â€ 	kÃ³xÃ¢v 	ÜŸÜ˜ÜŸÜ’Üâ€ 	kawkva 	kakkabu 		p-siou 	iÅ§ri 	tÃ urÃ arÃ³o 	urjii 	xiddig
150	water 	Ù…Ø§Ø¡â€ 	mÄÊ¾ 	mwater meanğ’‰ 	marim! MwÃ¡á¹­ar=rain	âœ“âœ“	ğ“ˆ—, ğ“› ğ“ƒ€ ğ“ƒ€ ğ“ˆ… ğ“ˆ—, ğ“› ğ“ƒ€ ğ“ƒ€ ğ“ ğ“ˆ—  2. ğ“‡ ğ“Œ ğ“‡‹ ğ“‡‹ ğ“ˆ˜,  ğ“ˆ– ğ“ ğ“¯ ğ“ˆ—  3. ğ“ˆ—, ğ“ˆ— ğ“‡‹ ğ“‡‹ ğ“ˆ—	mw	ilma 			××™×â€ 	mayim 	Ü¡ÜÜâ€ 	mayyÄ 	mÃ» 		p-moou 	aman 	rÃºwÃ¡a 	bisaan, madda 	biyo
151	rain 	Ù…Ø·Ø±â€ 	mÃ¡á¹­ar 	mwater	Water !!!!	âœ“âœ“	ğ“‡‹ ğ“„¿ ğ“‚§ ğ“ ğ“¯ ğ“‡², ğ“‡‹ ğ“‚§ ğ“ ğ“‡², ğ“‡¶, ğ“ˆ—, ğ“› ğ“€œ ğ“· ğ“€œ ğ“ˆ—, ğ“› ğ“€ ğ“‡‹ ğ“‡‹ ğ“ ğ“ˆ—, 	á¸¥wt	xita 			××˜×¨â€ ,×’×©× 	mÃ¢á¹­Ã¢r, geÅ¡em 	Ü¡Ü›ÜªÜâ€ 	meá¹­rÄ 	zunnu 		p-hÅou, p-mouáµŠnhÅou; hi moou (v.) 	anzâ€™Ä 	rÃºwÃ¡n sÃ¡mÃ a 		roob
152	river 	Ù†Ù‡Ø±â€ 	nahr 	nauriva?	ğ“ˆ– Nileâ„¢	âœ“âœ“	ğ“‡‹ ğ“ ğ“‚‹ ğ“…± ğ“ˆ™ ğ“¥, ğ“‡‹ ğ“ ğ“‚‹ ğ“ƒ­ ğ“ˆ˜ ğ“ˆ… ğ“¤, ğ“‡‹ ğ“ ğ“‚‹ ğ“ˆ˜ ğ“ˆ— â€¦	jtrw	xmara 	á‰°áŠ¨á‹š 	takazi 	× ×”×¨â€ 	nÃ¢hÃ¢r 	Ü¢Ü—ÜªÜâ€ 	nahrÄ 	nÄru 		p-eiero (ierÅou) 	iÉ£zÄ 	kÃ²ogÃ­i 	laga 	webi
153	lake 	Ø¨Ø­ÙŠØ±Ø©â€ 	buÄ§ayra 	Bach=water	â„¢	~âœ“!	ğ“ˆ™ ğ“ˆ‡ ğ“¤, ğ“ˆ˜ ğ“ˆ… ğ“¤, ğ“„ ğ“‚§ ğ“ˆ˜ ğ“ˆ… ğ“¤, ğ“› ğ“†° ğ“ˆ– ğ“ ğ“¯ ğ“ˆ˜ ğ“ˆ‡	Å¡, á¸¥nt	gÄ§adira 	á‰£áˆ•áˆ­ 		××’×â€ 	Ê¾aÄŸam 	ÜÜ¡Ü¬Üâ€ 	yammÎ¸Ä 				aÅ™imam, Å§anda 	tÃ¡fkÃ¬i 		haro, yamays
154	sea 	Ø¨Ø­Ø±â€, ÙŠÙ…â€ 	baÄ§r, yamm 	Bach=water	â„¢	~âœ“!	ğ“ˆ™, ğ“ˆ™ ğ“ˆ‡ ğ“¤  2. ğ“‡… ğ“†“ ğ“…¨ ğ“ˆ— ğ“ˆ˜, ğ“‡† ğ“…¨ ğ“‚‹ ğ“‡‹ğ“ˆ— ğ“ˆ˜ ğ“ˆ… ğ“¤, ğ“‡‹ğ“‡‹ğ“² ğ“…“ ğ“‚ ğ“ˆ— ğ“ˆ˜ ğ“ˆ‡	wêœ£á¸-wr	baÄ§ar 	á‰£áˆ•áˆ­ 	bÄÄ§r 	×™×â€ 	yam 	ÜÜ¡Üâ€ 	yammÄ 	tÃ¢mtu 		Î¸alassa (< Greek) 	Å™É™Æ€Ä§Ä (< Ar.) 	tÃ¨ekÃº (< Songhay) 	galaana 	bad
155	salt 	Ù…Ù„Ø­â€ 	milÄ§ 	Mehl	~~	~âœ“-	ğ“› ğ“Œ³ ğ“„¿ ğ“ğ“– ğ“ˆ’ ğ“¥,  ğ“› ğ“Œ´ ğ“ğ“ˆ’ ğ“¥	á¸¥mêœ£t	melÄ§ 	áŒ¸á‹ 	á¹£aw 	××œ×—â€ 	melaÄ§ 	Ü¡Ü ÜšÜâ€ 	melÄ§Ä 	á¹­abtu 		pe-hmou 	Å§amÉ™Ç§Ç§aÄ§Å§ (< Ar.) 	gÃ­shÃ­rÃ­i 	aÅ¡Å¡aboo, soogidda 	cusbo, mlix (< Ar.)
156	stone 	Ø­Ø¬Ø±â€ 	Ä§Ã¡jar 	Gebel ğŒ·ğŒ°ğŒ»ğŒ»ğŒ¿	hagel! Ä¦aÄ¡ra, hajerl 	~âœ“âœ“!	ğ“ŠŒ  2. ğ“‡‹ ğ“ˆ– ğ“‚‹ ğ“ŠŒ 3. ğ“ƒ€ ğ“‡‹ ğ“ ğ“ŠŒ 	jnr	Ä¡ebla, Ä§aÄ¡ra 	áŠ¥á‰¥áŠ• 	Ê¾É™bn 	××‘×Ÿâ€ 	Ê¾even 	ÜŸÜÜ¦Üâ€, ÜÜ’Ü¢Üâ€, Ü«Ü˜Ü¥Üâ€, 	kefÄ, Ê¾avnÄ, Å¡oÊ¿Ä 	abnu 		p-Åne 	azâ€™râ€™u 	dÃºutsÃ¨e 	'd''agaa '	dhagax
157	sand 	Ø±Ù…Ù„â€ 	raml 	Rummel xoá¹£Ä(n)	(s)hol	<?	ğ“ˆ™ ğ“‚ ğ“® ğ“ˆ’ ğ“¥, ğ“ˆ™ ğ“‚ ğ“ˆ’ ğ“¥	Å¡êœ¥y	ramel 	áŠ¾áŒ» 	xoá¹£Ä 	×—×•×œâ€ 	Ä§Ã³l 	ÜšÜ Üâ€ 	Ä§ÄlÄ 			Å¡Å 	iÅ¾Ä‘i 	yÃ ashÃ­i, Æ™Ã¡sÃ¡a 		ciid
158	dust 	ØºØ¨Ø§Ø±â€ 	ÄŸubÄr 	sá¹¯zw/Trab/sgub~staub	â€¦	Â½ 	ğ“ ğ“…“ ğ“…± ğ“Š¡ ğ“ª	á¸«mw	trab 	áˆ˜áˆ¬á‰µ 	marÃ©t 	××‘×§â€ 	Ê¾Ã¢vÃ¢q 	ÜÜ’Ü©Üâ€, Ü•Ü©Ü¬Üâ€ 	Ê¾avqÄ, deqtÄ 	eperu 		Å¡oeiÅ¡, Å¡ic 	Å§aÉ£É™bbÄâ€™Å§ (< Ar.) 	Æ™Ã¹urÃ¡a 	awaara 	carro
159	earth 	Ø£Ø±Ø¶â€ 	Ê¾ará¸ 	aErde	earth++	âœ“âœ“	ğ“› ğ“„¿ ğ“ ğ“ˆ… ğ“¥, ğ“„¿ ğ“› ğ“ ğ“ˆ‡, ğ“„¿ ğ“¡ ğ“‚‹ ğ“€­ ğ“ª, ğ“„¿ ğ“¡ ğ“‚‹ ğ“†™, ğ“…±ğ“‚ ğ“›  2. ğ“‡¾ ğ“ˆ‡ ğ“¤  3. ğ“…­ğ“ğ“…±ğ“ˆ… ğ“¥ , ğ“…­ğ“ğ“®ğ“ŠŒ ğ“Šƒ ğ“…­ ğ“„¿ ğ“ğ“…±ğ“ˆ‡ ğ“¥  4. ğ“¤ ğ“ƒ€ ğ“ƒ€ ğ“ˆ… ğ“¥	têœ£	art 	áˆá‹µáˆ­ 	mÉ™dr 	××¨×¥â€ 	Ê¾ereá¹£ 	ÜÜªÜ¥Üâ€ 	Ê¾arÊ¿Ä 	erá¹£etu 		p-kah 	Å¡aÅ™ 	Æ™Ã¡sÃ¡a 	biyyoo 	dhul
160	cloud 	Ø³Ø­Ø§Ø¨Ø©â€ 	saÄ§Äba 				ğ“ˆ ğ“‚‹ ğ“‡‹ ğ“‡², ğ“ˆ ğ“‚‹ ğ“‡‹ ğ“ƒ« ğ“€œ, ğ“ˆ ğ“‚‹ ğ“‚‹ ğ“Š¡, ğ“ˆ ğ“‚‹ ğ“Š¡   2. ğ“² ğ“ˆ– ğ“‚ ğ“  Ï­â²â²¡â²‰ ?	sá¹¯zw, gp	sÄ§aba 	á‹°áˆ˜áŠ“ 	damanÄ 	×¢× ×Ÿâ€ 	Ê¿Ã¢nÃ¢n 	Ü¥Ü¢Ü¢Üâ€, Ü¥ÜÜ¡Üâ€, Ü¥ÜÜ’Üâ€ 	Ê¿nÄnÄ, Ê¿aymÄ, Ê¿aybÄ 	erpetu 		te-kloole 	asiynu, Å§aÅ¾nawÅ§ 	gÃ ajÃ¬mÃ arÃ©e 	duumessa 	daruur
161	fog 	Ø¶Ø¨Ø§Ø¨â€ 	á¸abÄb 	<> Tau(b) ğŸ’§ ab?				sjm	Å¼rinÄ¡ 	áŒŠáˆœ 	gimÃ© 	×¢×¨×¤×œâ€ 	Ê¿arÃ¢fel 	Ü¥ÜªÜ¦Ü Üâ€ 	Ê¿arpellÄ 			hlostáµŠn 	Å§ayyuÅ§ 	hÃ¡zÃ³o 		ciiro
162	sky 	Ø³Ù…Ø§Ø¡â€ 	samÄÊ¾ 	SHimmel SamaÅ¡â„¢	^^ sumas sun sğŒ·ğŒ¹ğŒ¼ğŒ¹ğŒ½	âœ“âœ“	ğ“‡¯, ğ“Šª ğ“ ğ“‡¯, ğ“· ğ“ ğ“‡¯, ğ“„¿ ğ“‚‹ ğ“ ğ“‡¯, ğ“„¿ ğ“Šƒ ğ“‚‹ ğ“ ğ“‡¯  2. ğ“ˆ ğ“ƒ€ ğ“› ğ“…‚ , ğ“ˆ ğ“ƒ€ ğ“› ğ“…±ğ“ ğ“…­ ğ“¥ ğ“ˆ‰ 3. ğ“Œ ğ“Œ ğ“ ğ“Œ ğ“‡¯ ğ“ 	pt	sema 			×©××™×â€ 	Å¡Ã¢mayim 	Ü«Ü¡ÜÜâ€ 	Å¡mayyÄ 	Å¡amÃ» 		t-pe (pÄ“ue) 	aÅ¾É™nna 	sÃ¡mÃ  (< Ar.) 	waaqa 	cir
163	wind 	Ø±ÙŠØ­â€ 	rÄ«Ä§ 	Å¡Äâ€™ruaÄ§ â‰  coort 	ğ“ˆğ“‚‹ğ“‚‹ğ“Š¡ geRauch riechen	~âœ“	ğ“Š¡, ğ“…± ğ“ ğ“Š¡, ğ“Š¡ ğ“…±   2.  ğ“‹´ ğ“…± ğ“› ğ“Š¡, ğ“†“ ğ“‚ ğ“Š¡  ğ“‹´ ğ“² ğ“˜ ğ“ƒ€ ğ“„² ğ“›  3.  ğ“ˆ– ğ“†‘ ğ“ ğ“Š¡ ğ“²	á¹¯êœ£w	riÄ§ 			×¨×•×—â€ 	ruaÄ§ 	ÜªÜ˜ÜšÜâ€ 	ruÄ§Ä 	Å¡Äru 		p-tÄ“u 	asÉ™mmiÄ‘â€™ 	Ã­skÃ a 	qilleensa 	dabayl
164	snow 	Ø«Ù„Ø¬â€ 	Î¸alj 	<> Taiga, Talg?	ğ“  ğ“¤ ğ“‚‹ ğ“¤ ğ“˜ ğ“…± ğ“‡² ğ“¤ğ“¤ğ“¤||snow| ğƒğŒ½ğŒ°ğŒ¹ğ… < ×©Ö¶××œÖ¶×’ â€ Å¡Ã©leá¸¡ ğ’Š­ğ’†·ğ’„– < sêœ£rêœ£q 	âˆšâˆš		sêœ£rêœ£qw	borra, silÄ¡ 	áˆáˆ˜á‹³ 	Ä§amadÄ 	×©×œ×’â€ 	Å¡eleg 	Ü¬Ü Ü“Üâ€ 	talgÄ 	Å¡algu 			aÄ‘fÉ™Å™ 	Æ™Ã nÆ™Ã¡rÃ¡a 	'c''abbii '	baraf (< Persian)
165	ice 	Ø«Ù„Ø¬â€ 	Î¸alj 	GliÃ°Ä <> silÄ¡ 	slick â‰  Schlacke glice	~âœ“?			silÄ¡ 	áŠ áˆµáˆá‰µá‹« 		×§×¨×—â€ 	qeraÄ§ 	Ü“Ü ÜÜ•Üâ€ 	gliÃ°Ä 				aÅ¾ris 	Æ™Ã nÆ™Ã¡rÃ¡a 	'c''abbii '	baraf
166	smoke 	Ø¯Ø®Ø§Ù†â€ 	duxÄn 	Ê¿Ã¢Å¡Ã¢n 	dâ€™Aschen (red)	~âœ“âœ“	ğ“› ğ“ ğ“® ğ“Š®	á¸¥tj	duÄ§Ä§an 	áŒ¢áˆµ 	á¹­is 	×¢×©×Ÿâ€ 	Ê¿Ã¢Å¡Ã¢n 	Ü¬Ü¢Ü¢Üâ€ 	tennÄnÄ 	qutru 		láµŠhÅv 	ddÉ™xxan (< Ar.) 	hÃ¡yÃ¡aÃ»Ã­i 	aara 	qiiq
167	fire 	Ù†Ø§Ø±â€ 	nÄr 	 Nahrung? 	1. noir? 2. ash	<<<	ğ“Š®, ğ“ ğ“ ğ“Š®, ğ“´ ğ“ ğ“Š®, ğ“ˆ ğ“‚‹ ğ“‚‹ ğ“Š®, ğ“‹´ğ“†“ ğ“ğ“Š®	sá¸t, á¸«t	NARâ„¢Â¡!	áŠ¥áˆ³á‰µ 	Ê¾É™sÄt 	××©â€ 	Ê¾Ã©Å¡ 	Ü¢Ü˜ÜªÜâ€, ÜÜ«Ü¬Üâ€ 	nurÄ, Ê¾eÅ¡Å¡ÄÎ¸Ä 	iÅ¡Ätu 		p-kÅháµŠt 	Å§imÉ™ssi 	wÃºtÃ¡a 	bobaa, giimii, ibidda 	dab, oog
168	ash 	Ø±Ù…Ø§Ø¯â€ 	ramÄd 	charmed	char ramÄdan?	~âœ“?	ğ“‡‹ ğ“ ğ“ˆ– ğ“Œ ğ“¢ ğ“‚Š 	sfsf, ssf		áˆáˆ˜á‹µ 	Ä§amad 	××¤×¨â€ 	Ê¾Ã©fer 	Ü©Ü›Ü¡Üâ€ 	qeá¹­mÄ 	didallu, á¹­ikmÄ“nu 		káµŠrmes 	iÉ£É£É™Ä‘ 	tÃ²okÃ¡a 	barbadaa 	dambas
169	burn 	Ø­Ø±Ù‚â€ 	Ä§Ã¡riqa 	charâ€™qued	FÄ§Ã¡riqa < firey		ğ“Š®, ğ“Œ³ ğ“„¿ ğ“ ğ“Š®,  ğ“Œ³ ğ“„¿ ğ“„¡ ğ“Š®, ğ“‘ ğ“„¿ ğ“†‘ ğ“Š® , ğ“¡ ğ“Šª ğ“Š¶, ğ“‹´ ğ“Œ³ ğ“„¿ ğ“…“ ğ“Š® 	á¸êœ£f, rká¸¥, mêœ£áº–	Ä§araq 			×‘×¢×¨â€ 	bÃ¢Ê¿ar 	ÜÜ©Ü•â€ 	yqaÃ° 	napÄxu 		táµŠmho 	Å¡mÉ™Ä‘â€™ 	Æ™Ã³onÃ¨e 		
170	road 	Ø·Ø±ÙŠÙ‚â€ 	á¹­arÄ«q 	Ê¾urÄ§Ä 	Track +++ <<	âœ“âœ“	ğ“…“ ğ“‚ ğ“¿ ğ“‡±, ğ“ ğ“‚ ğ“ ğ“ˆ– ğ“Œ™ ğ“ˆ ğ“‚», ğ“…“ ğ“¿ ğ“ƒ’  2. ğ“¯ ğ“„¿ ğ“ ğ“ˆ , ğ“¯ ğ“ ğ“ˆ ğ“ˆ˜  3. ğ“‚¸ ğ“ ğ“ˆ– ğ“ˆ ğ“ˆ‡	wêœ£t	triq 			×“×¨×šâ€ 	derex 	ÜÜ˜ÜªÜšÜâ€ 	Ê¾urÄ§Ä 	xÅ«lu 		te-hiÄ“ (hiooue) 	aÆ€riÄ‘ 	hÃ¡nyÃ a 		waddo
171	mountain 	Ø¬Ø¨Ù„â€ 	jÃ¡bal 	gebail	Gebirg Ä¡ebla=stone	âœ“âœ“â„¢	ğ“ˆ‰ ğ“¤, ğ“ˆ‹ ğ“¤, ğ“ˆ‹ ğ“…± ğ“ŠŒ	á¸w	muntanja 	á‹°á‰¥áˆ­ 	dabr 	×”×¨â€ 	har 	Ü›Ü˜ÜªÜâ€ 	á¹­Å«rÄ 	Å¡adÃ» 		toou 	aÄ‘rÄ, aÄ‘mÄ 	tsÃ¡unÃ¬i, dÃºutsÃ¨e, tÃºdÃ¹u 	gaara 	buur
172	red 	Ø£Ø­Ù…Ø±â€, Ø­Ù…Ø±Ø§Ø¡â€ 	Ê¾Ã¡Ä§mar m, Ä§amrÄÊ¾ f 	charm	charmaâ„¢ kirmred	âœ“?	1. ğ“ ğ“„Ÿ ğ“‹´ ğ“ ğ“œ, ğ“˜ ğ“…“ ğ“‹´ ğ“ 1b. ğ“¿ ğ“…“ ğ“‹´ ğ“ 1c. ğ“‚§ ğ“‡‹ ğ“‡ ğ“‹³ <> 2. ğ“‚§ ğ“ˆ™ ğ“‚‹ ğ“…Ÿ	dÅ¡r (including pink, orange, brown)	aÄ§mar m, Ä§amra f, Ä§omor pl 	á‰€á‹­áˆ• 	qayÄ§ 	××“×â€ ,××“××” 	Ê¾Ã¢Ã°Ã³m m, Ê¾aÃ°ummÃ¢ f 	Ü£Ü˜Ü¡Ü©Üâ€ 	summÄqÄ 	ruÅ¡Å¡Ã», pÄ“lu 		torÅ¡ 	azÉ™ggwaÉ£ 	jÃ¡a 	diimaa 	casaan, gaduud
173	green 	Ø£Ø®Ø¶Ø±â€, Ø®Ø¶Ø±Ø§Ø¡â€ 	Ê¾Ã¡xá¸ar m, xaá¸rÄÊ¾ f 	Ä§adra hydra ğŸ’§ğŸŒ² horti	horti < gardin > green	âœ“âœ“!	ğ“¡ ğ“„¿ ğ“…±, 2. ğ“‡† = ğ“‡… ğ“†“ ğ“›	wêœ£á¸ (including blue)	aÄ§dar m, Ä§adra f, Ä§odor pl 	áˆáˆ˜áˆáˆšáˆ 	Ä§amalmil 	×™×¨×§â€ 	yÃ¢rÃ³q 	ÜÜ˜ÜªÜ©Üâ€ 	yurrÄqÄ 	warqu 		ouÅt, ouet 	aziyza 	tsÃ¡nwÃ¡a, kÃ³orÌƒÃ¨e 	bifa margaa 	agaar
174	yellow 	Ø£ØµÙØ±â€, ØµÙØ±Ø§Ø¡â€ 	Ê¾Ã¡á¹£far m, á¹£afrÄÊ¾ f 	sofor safra	sulfur safran (red)	~âœ“âœ“?	ğ“ˆ ğ“ˆ– ğ“‡‹ ğ“‡‹ ğ“, ğ“ˆ ğ“ˆ– ğ“‡‹ ğ“‡‹ ğ“ ğ“Š	qnjt	isfar m, safra f, sofor pl 	á‹˜ááˆ« 	zafrÄ 	×¦×”×‘â€ 	á¹£Ã¢hÃ³v 	Ü«Ü¥Ü˜Ü¬Üâ€ 	Å¡aÊ¿uÎ¸Ä 	warqu 			awrâ€™aÉ£ 	rÃ awÃ¡yÃ a 	boora 	cawl, jaalle (< Italian)
175	white 	Ø£Ø¨ÙŠØ¶â€, Ø¨ÙŠØ¶Ø§Ø¡â€ 	Ê¾Ã¡byaá¸ m, bayá¸ÄÊ¾ f 	lebain! bayá¸Ä	bayá¸Ä white albino ç™½bÃ¡isÃ¨	âœ“âœ“	ğ“Œˆ, ğ“Œˆ ğ“‚‚,  ğ“Œˆ ğ“†“ ğ“‡³, ğ“› ğ“Œˆ ğ“†“ ğ“‡¶  1. ğ“ƒ€ ğ“…¡ ğ“„¿ ğ“ˆ ğ“†­  2. ğ“Š ğ“Šª ğ“‡³, ğ“Š ğ“Šª ğ“‡¶ 3. ğ“‹´ ğ“ˆ™ ğ“Šª, ğ“‡³ ğ“‹´ ğ“ˆ™ ğ“Šª ğ“‡¶	á¸¥á¸	abjad m, bajda f, bojod pl 	áŒ¸á‹á‹³, áŒ»á‹•á‹³ 	á¹£aÊ¿adÄ, á¹£ÄÊ¿dÄ 	×œ×‘×Ÿâ€ 	lÃ¢vÃ¢n 	ÜšÜ˜ÜªÜâ€ 	Ä§wÄrÄ 	peá¹£Ã» 		ouovÅ¡ 	aÅ¡É™mÅ™aÅ™ 	fÃ¡rÃ­i 	adii 	caddaan
176	black 	Ø£Ø³ÙˆØ¯â€, Ø³ÙˆØ¯Ø§Ø¡â€ 	Ê¾aswad m, sawdÄÊ¾ f 		Schwatt +++	âœ“âœ“	ğ“† ğ“…“ ğ“¸, ğ“† ğ“› 2. ğ“ ğ“‹´ ğ“ƒ€ ğ“†“ ğ“‚‚  2b. ğ“†“ ğ“‚ ğ“Œ  ğ“ƒ€ 3. ğ“  ğ“	km	iswed m, sewda f, suwed pl 	áŒ¸áˆŠáˆ 	á¹£alim 	×©×—×¨â€, ×©×—×•×¨×”â€ 	'Å¡Ã¢Ä§Ã³r m, Å¡''Ä§Ã³rÃ¢ f '	ÜÜ˜ÜŸÜ¡Üâ€ 	Ê¾ukkÄmÄ 	á¹£almu 		kÄ“m 	aÆ€ÄrÅ¡an 	bÃ¡Æ™Ã­i 	'gur''aaccaa '	madow
177	night 	Ù„ÙŠÙ„â€ 	layl 		lila lullâ„¢	â„¢	ğ“¡ğ“¡ğ“‡°, ğ“‰¸, ğ“‡°,  2.  ğ“†¼ ğ“„¿ ğ“…± ğ“® ğ“‡°  ,  ğ“ ğ“†¼ ğ“„¿ ğ“…±ğ“‡°, ğ“¼ ğ“‚‹ ğ“› ğ“‡°  3.  ğ“…± ğ“ ğ“‡°   ğ“² ğ“„¿ ğ“†¼ ğ“‡°  5. ğ“‘ ğ“„¿ ğ“…±ğ“‡°	grá¸¥	lejl 	áˆŒáˆŠá‰µ 	lÃ©lit 	×œ×™×œ×”â€ 	laylÃ¢ 	Ü Ü ÜÜâ€ 	lÄ“lyÄ 	mÅ«Å¡u 		te-(o)uÅ¡Ä“ 	Ç§Ç§iÅ™É™Å§ (< Ar.) 	dÃ¡rÃ©e 	halkan 	habeen
178	day 	ÙŠÙˆÙ…â€ 	yawm 		journ	~âœ“âœ“	ğ“‹´ ğ“…± ğ“‡³ ğ“¥, ğ“‡³ ğ“¤, ğ“‹´ ğ“‹´ ğ“‹´ ğ“…± ğ“‡³ ğ“¥  2. ğ“‰” ğ“‚‹ ğ“…± ğ“‡³ ğ“¤  3.  ğ“Š„ ğ“…± ğ“‡³ ğ“¥	hrw	jum 	á‹•áˆˆá‰µ 	Ê¿É™lat 	×™×•×â€ 	yÃ³m 	ÜÜ˜Ü¡Üâ€ 	yawmÄ 	Å«mu 		pe-hoou 	nhÄ (< Ar.) 	rÃ¡anÃ¡a 	guyyaa 	maalin
179	year 	Ø³Ù†Ø©â€ 	sana 	suns!! sannal	Sonnen, senil	~âœ“âœ“	ğ“†µğ“†¶?, ğ“†³ ğ“ ğ“¤, ğ“ˆ– ğ“‚‹ ğ“‡‹ ğ“†µ ğ“‡³	rnpt	sena 	á‹“áˆ, á‹“áˆ˜á‰µ 	Ê¿Äm, Ê¿Ämat 	×©× ×”â€ 	Å¡Ã¢nÃ¢ 	Ü«Ü¢Ü¬Üâ€ 	Å¡a(n)ta 	Å¡attu 		te-rompe (ráµŠmpooue) 	asÉ™ggwas 	shÃ¨eÆ™Ã¡rÃ a, shÃ¨ekÃ¡rÃ a 	bara, waggaa 	sannad (< Ar.)
180	warm 	Ø¯Ø§ÙØ¦â€ 	dÄfiÊ¾ 	Ä§Ã¢m 	charm, sun	~âœ“âœ“	ğ“Š®, ğ“‹´ ğ“ ğ“…“ ğ“…“, ğ“‹´ ğ“ˆ™ ğ“…“ ğ“…“ ğ“Š®, ğ“‹´ ğ“‚‹ ğ“†‘ ğ“Š®, ğ“ ğ“…“ ğ“Š®, ğ“ˆ™ ğ“…“ ğ“…“ ğ“Š®	Å¡m	sÄ§un 	áˆá‹á‰… 	mÉ™wq 	×—×â€ 	Ä§Ã¢m 	Ü«ÜšÜÜ¢Üâ€ 	Å¡aÄ§Ä§inÄ 						'buluqaa, o''aa '	kuulayl
181	cold 	Ø¨Ø§Ø±Ø¯â€ 	bÄrid 	<> Berg, Kar ×§×¨â€ 	borid ğŸ” kryos++	~âœ“âœ“	ğ“ˆ ğ“ƒ€ ğ“‚, ğ“ˆ ğ“ƒ€ ğ“ƒ€ ğ“ˆ—, 2. ğ“› ğ“‹´  , ğ“› ğ“¿ ğ“‹´ ğ“Š¡	qb	kiesaÄ§ 	á‰áˆ­ 	qwÉ™r 	×§×¨â€ 	qar 	Ü©ÜªÜÜªÜâ€ 	qarrirÄ 	kaá¹£Ã» 		orÅ¡ 	asÉ™mmaÄ‘â€™ 	mÃ i É—Ã¡arÃ­i, mÃ i sÃ¡nyÃ­i 	qorraa 	qabow
182	full 	Ù…Ù…ØªÙ„Ø¦â€ 	mumtÃ¡liÊ¾ 	ğ“” ğ“› ğ“…“ ?	<<		ğ“ ğ“ ğ“, ğ“ ğ“…± ğ“ ğ“€¾ ğ“œ  2. ğ“” ğ“› ğ“…“	má¸¥	mimli 	áˆáˆ‰áŠ¥ 	mÉ™luÊ¾ 	××œ×â€ 	mÃ¢lÃ© 	Ü¡Ü ÜÜâ€ 	malyÄ 	malÃ» 						buux
183	new 	Ø¬Ø¯ÙŠØ¯â€, Ø­Ø¯ÙŠØ«â€ 	jadÄ«d, Ä§adÄ«th 		Iah! nfr: neu-fair	<	ğ“ˆ– ğ“Œ³ ğ“„¿ ğ“…± ğ“ ğ“›, ğ“Œ³ ğ“„¿ ğ“…± ğ“® ğ“›, ğ“Œ³ ğ“ ğ“›	mêœ£w	Ä¡did 			×—×“×©â€ 	Ä§Ã¢Ã°Ã¢Å¡ 	ÜšÜ•Ü¬Üâ€ 	Ä§a(Ã°)Î¸Ä 	eÅ¡Å¡u 		váµŠrre 	Å¾Å¾Ä‘iÄ‘ (< Ar.) 	sÃ¡abÃ³o 	haaraa 	cusub
184	old 	Ù‚Ø¯ÙŠÙ…â€ 	qadÄ«m 	 <> Ø³Ù†Ø©â€ <> ×™×©×Ÿâ€ 	'geradim hierodom, i''senil'	~~?	ğ“‡‹ğ“„¿, ğ“‡‹ğ“„¿ğ“…±ğ“ğ“€—  1. ğ“¡ ğ“› ğ“¡ ğ“› ğ“€˜  2. ğ“‡‹ğ“‡© ğ“‹´ğ“†° ğ“›  3. ğ“ˆ–ğ“ğ“	jêœ£w	qadim (things), xiÄ§ (people) 			×™×©×Ÿâ€ 	yÃ¢Å¡Ã¢n 	Ü¥Ü¬ÜÜ©Üâ€ 	Ê¿attÄ«qÄ 	labru, Å¡Ä«bu 		as 	amÉ™qqrâ€™an, awÉ™ssÄ 	tsÃ³ohÃ³o 	moofaa 	duq
185	good 	Ø·ÙŠØ¨â€ 	á¹­Ã¡yyib 	×˜×•×‘â€ 	tip-top	âœ“âœ“	ğ“„¤, ğ“ƒ€ ğ“„¤, ğ“ƒ€ ğ“…± ğ“„¤ ğ“†‘ ğ“‚‹, ğ“„¤ ğ“†‘ ğ“‚‹	nfr	tajjeb 	áŠ¼áˆ­ 	xÃ©r 	×˜×•×‘â€ 	á¹­Ã³v 	Ü›Ü’Üâ€ 	á¹­ÄvÄ 	á¹­Äbu 		nanou 				fiican, wanaagsan
186	bad 	Ø³ÙŠØ¡â€ 	sayyiÊ¾ 	bÄ«Å¡Ä  ×¨×¢â€ 	bad, bÄ«Å¡Ä, raw, rotten	Â½ 	ğ“ƒ€ ğ“‡‹ ğ“ˆ– ğ“…ª,  ğ“ˆ‹ ğ“…ª, ğ“ˆ‹ ğ“…± ğ“…ª, ğ“ˆ‹ ğ“´ ğ“…ª 3. ğ“ƒ›	bjn	Ä§aÅ¼in 	áŠ¥áŠ©á‹­ 	Ê¾É™kuy 	×¨×¢â€ 	raÊ¿ 	Ü’ÜÜ«Üâ€ 	bÄ«Å¡Ä 	lemnu 		hoou 				xun
187	rotten 	Ù…ØªØ¹ÙÙ†â€ 	mutÃ¡Ê¿affin 		madig++	Â½ 	ğ“‚ ğ“¯ ğ“„¿ ğ“ , ğ“› ğ“¯ ğ“„¿ ğ“ 	á¸¥wêœ£				×¨×§×•×‘â€ 	rÃ¢quv 	Ü’Ü©ÜÜ©Üâ€ ÜšÜªÜÜ’Üâ€ 	bqÄ«qÄ, Ä§rÄ«vÄ 	masku 					'bud''uq jed''a '	qurun
188	dirty 	Ù‚Ø°Ø±â€, ÙˆØ³Ø®â€ 	qÃ¡Ã°ir, wÃ¡six 	ge.dirt, washy		âœ“?	????	êœ¥b	maÄ§muÄ¡ 			××œ×›×œ×šâ€ 	'm''luxlax '	Ü«Ü˜ÜšÜ¬Ü¢Üâ€ 	Å¡uÄ§tÄnÄ 	warÅ¡u 						wasakh
189	straight 	Ù…Ø³ØªÙ‚ÙŠÙ…â€ 	mustaqÄ«m 	trÄ«á¹£Ä  ×™×©×¨â€ 	'âˆšStock ğ“Š¨ğ“Š¾ a''strâ€¦'	<<	ğ“‚ ğ“ˆ ğ“„¿ ğ“‚­ ğ“‚­ ğ“œ,   ğ“‚¸ ğ“ğ“Œ™ ğ“Œ™ ğ“œ	êœ¥qêœ£				×™×©×¨â€ 	yÃ¢Å¡Ã¢r 	Ü¬ÜªÜÜ¨Üâ€ 	trÄ«á¹£Ä 	eÅ¡ru 						
190	round 	Ù…Ø³ØªØ¯ÙŠØ±â€ 	mustadÄ«r 	tond ~  turned/tornad!	stadt ğ“Š¨~ğ“Š– ×¢×’×œâ€ < cir	~âœ“Â½  	ğ“‚§ ğ“ƒ€ ğ“ˆ– ğ“‚‚ ğ“‚», ğ“„² ğ“‚», ğ“„² ğ“ˆ– ğ“‚», ğ“„· ğ“ˆ– ğ“‚», ğ“„² ğ“‡‰ ğ“Š— ğ“¤ ğ“¤ ğ“¤ ğ“¤, ğ“ª ğ“‚§ ğ“Œ ğ“‚», ğ“ª ğ“‚§ ğ“Œ ğ“›	dbn, Å¡n	tond 			×¢×’×œâ€ 	Ê¿Ã¢ÄŸul 	ÜšÜ˜Ü•ÜªÜ¢ÜÜâ€ 	Ä§uÃ°rÄnÄyÄ 							
191	sharp 	Ø­Ø§Ø¯â€ 	Ä§add 	<> cut		~âœ“Â½  	ğ“‚§, ğ“‡® ğ“œ, ğ“‹´ ğ“Šª ğ“‚§ ğ“‡®, ğ“‹´ ğ“‡® ğ“‚§ ğ“Œª   2.  ğ“‚§ ğ“ ğ“Œª ğ“‚¡, ğ“…“ ğ“‚  ğ“‚§ ğ“Šƒğ“›, ğ“…“ ğ“‚§ ğ“‹´ğ“Œª, ğ“†“ ğ“ ğ“Œª, ğ“‡® ğ“œ	spd				×—×“â€ 	Ä§aÃ° 	ÜšÜªÜÜ¦Üâ€ 	Ä§arrifÄ 							
192	dull 	Ø«Ù„Ù…â€ 	thalim 	tylppÃ¤@Ural	dull	~âœ“âœ“	ğ“…ª, ğ“ˆ–ğ“†“ ğ“‹´ ğ“…ª	náº–s				×¢××•×â€ 	Ê¿Ã¢mum 	Ü©Ü—ÜÜâ€ 	qahyÄ 							
193	smooth 	Ù†Ø§Ø¹Ù…â€ 	nÄÊ¿im 	Ä§Ã¢lÃ¢q 	<> lack, glatt?	Â½ ?	ğ“‹´ğ“ˆ–ğ“‚ ğ“‚ ğ“ ğ“›, ğ“‹´ğ“Œ¢ ğ“‚ ğ“‚ 2. ğ“‡‹ ğ“‚§ ğ“„¿, ğ“ ğ“›	nêœ¥êœ¥	artab 			×—×œ×§â€ 	Ä§Ã¢lÃ¢q 	Ü¦Ü«ÜÜ©Üâ€ 	pÅ¡Ä«qÄ 							
194	wet 	Ø±Ø·Ø¨â€ 	raá¹­b 	bhitra:river?	tropf <> raá¹­b 	Â½ ?	ğ“ˆ– ğ“Šª ğ“…¯ ğ“ˆ—	bêœ£	mxarrab 			×¨×˜×‘â€, 	rÃ¢á¹­Ã³v, rÃ¢á¹­uv 	ÜªÜ›ÜÜ’Üâ€, Ü¬Ü ÜÜ Üâ€ 	raá¹­á¹­ivÄ, tallilÄ 	raá¹­bu 					'jiid''aa '	qoyan
195	dry 	Ø¬Ø§Ùâ€, ÙŠØ§Ø¨Ø³â€ 	jaff, yÃ¢bis 		Â¬wet --		ğ“‹´ ğ“†„ ğ“…±ğ“‡³, ğ“†„ ğ“…±ğ“‡³ 2. ğ“‡¶ 3. ğ“…±ğ“ˆ™ ğ“‚‹ ğ“‡³ 4. ğ“‹´ğ“² ğ“ˆ™ ğ“‚‹ ğ“‡³, ğ“‡¶,  5. ğ“ ğ“…“ ğ“Š¡	Å¡w	niexef 			×™×‘×©â€ 	yÃ¢vÃ©Å¡ 	ÜÜ’ÜÜ«Üâ€ 	yvÄ«Å¡Ä 	ablu 						qallal
196	correct 	ØµØ­ÙŠØ­â€ 	á¹£aÄ§Ä«Ä§ 	sewwa, ceâ€™va	so sei <>savoir	~âœ“Â½  	ğ“‚ ğ“ˆ ğ“„¿ ğ“‡‹ ğ“‡‹ ğ“ ğ“‚­ ğ“‚­ ğ“œ 2. ğ“†„, ğ“¦, ğ“†„ğ“†„ ğ“ ğ“¤, ğ“Œ· ğ“‚ ğ“ğ“†„ ğ“› ğ“¥	êœ¥qêœ£, mêœ£êœ¥, mtj	sewwa 	áˆ«á‰µá‹• 		× ×›×•×Ÿâ€ 	nÃ¢xÃ³n 	Ü¬ÜªÜÜ¨Üâ€ 	triá¹£Ä 	damqu 						saxan
197	near 	Ù‚Ø±ÙŠØ¨â€ 	qarÄ«b 	qâ€™arriba! Kar@	<> grip Greifweite?	~âœ“Â½  	ğ“ ğ“‚‹  2.  ğ“‚‹ ğ“‰” ğ“…±ğ“¥, ğ“‚‹ ğ“¤ ğ“‚ ğ“¤,  3. ğ“š ğ“…±ğ“‚» ğ“†‘  4. ğ“ ğ“¡ ğ“ˆ–ğ“‚»	tkn	qrib, Ä§dejn 			×§×¨×•×‘â€ 	qÃ¢rÃ³v 	Ü©ÜªÜÜ’Üâ€ 	qarrÄ«vÄ 	á¹­exÃ» 		hÅn, hÄ“n 	aÄ‘É™s 	kÃºsÃ¡ 	'd''i''oo '	dhow
198	far 	Ø¨Ø¹ÙŠØ¯â€ 	baÊ¿Ä«d 	RÃ¢Ä§Ã³q ~ roady ğ“¯  ğ“„¿  ğ“	baÊ¿Ä«d weit! 	~âœ“âœ“	ğ“¯ ğ“„¿ ğ“€œ, ğ“¯ ğ“„¿ ğ“ˆ, ğ“¯ ğ“ˆ,   3. ğ“› ğ“· ğ“‚‹ ğ“ˆ	wêœ£, á¸¥r	bogÄ§od 	áˆ­áˆ‘á‰… 	rÉ™Ä§uq 	×¨×—×•×§â€ 	rÃ¢Ä§Ã³q 	ÜªÜšÜÜ©Üâ€ 	raÄ§Ä§Ä«qÄ 	neÅ¡Ã» 		oue 	ggwÉ™Å¾ 	nÃ­isÃ¡ 	fagoo 	fag
199	right 	ÙŠÙ…ÙŠÙ†â€ 	yamÄ«n 	ğŸ–‘ main! ğ“…“ğ“‚¢ 2/3?	åˆ yÃ²u.manu ğ“Œ³ğ“Œğ“Œğ“Œğ“ˆ‰  ğ“‹€ğ“…“ğ“‚¢ 	~âœ“âœ“!	ğ“‡‹ ğ“  ğ“ˆ–ğ“Š¿,  ğ“‹€ ğ“‚¢  2. ğ“Š¿  3.  ğ“‹€ ğ“‚¢,  ğ“…† ğ“ğ“®	wnmj, jmn	lemin 	á‹¨áˆ˜áŠ• 	yaman 	×™××™×Ÿâ€ 	yÃ¢min 	ÜÜ¡ÜÜ¢Üâ€ 	yammÄ«nÄ 	imittu 		te-(o)unam 	afusi, yÉ™ffus 	dÃ¡amÃ¡ 	mirga 	midig
200	left 	Ø´Ù…Ø§Ù„â€ 	Å¡imÄl 	simil? Semit å·¦zuÇ’man	ğ“‹ ğ“ƒ€ ğ“® ğ“‚¢ symbol æ‰‹ schmal? schummel?		ğ“‹, ğ“‹ ğ“ƒ€, ğ“‹ ğ“ƒ€ ğ“ğ“® ğ“ˆ‡,  ğ“‹ ğ“ƒ€ ğ“® ğ“‚¢, ğ“‹ ğ“ƒ€ ğ“® ğ“‚¢  2. ğ“ ğ“‹ ğ“®	smá¸¥j, jêœ£bj	xellug 	áŒ¸áŒ‹áˆ 	á¹£agÄm 	×©×××œâ€ 	's''mÃ³l '	Ü£Ü¡Ü Üâ€ 	semmÄlÄ 	Å¡umÄ“lu 		te-hvour 	azâ€™É™Å™maÄ‘â€™, zâ€™É™Å™mÉ™Ä‘â€™ 	hÃ¡gÃº 	bitaa 	bidix
201	at 	Ø¹Ù†Ø¯â€ 	Ê¿inda 	in/da/bei ×‘Ö¾â€ 	ante ++	âœ“âœ“!	ğ“‚‹, ğ“· ğ“¤, ğ“Œ¨ ğ“‚‹	á¸¥r, m	gÄ§and 			×‘Ö¾â€ 	'b''- '	Ü’-â€, Ü Ü˜Ü¬â€ 	b-/ba-, lwÄÎ¸ 							
202	in 	ÙÙŠâ€, Ø¨â€ 	fÄ«, bi- 	bei 		~âœ“âœ“	ğ“ˆ–	m <> ğ“¶ ğ“…¨ ğ“‚‹ West ğ“‹ ğ“ƒ€ ğ“® ğ“‚¢||	fi 	á‰  	ba- 	×‘Ö¾â€ 	'b''- '	Ü’-â€ 	b-/ba- 	ina 						
203	with 	Ù…Ø¹â€, Ø¨â€ 	mÃ¡Ê¿a, bi- 	Bei !!	mÃ¡Ê¿.de mit |  bi.d with	~âœ“âœ“	ğ“› ğ“ˆ–ğ“‚  2. ğ“ ğ“‚‹, ğ“· ğ“¤, ğ“ ğ“ ğ“†‘	á¸¥nêœ¥, á¸«r	'ma'' '			××ªâ€ ×‘ ×¢× 	'Ê¿im, b''-, Ã©Î¸ '	Ü¥Ü¡â€, Ü’-â€ 	Ê¿am, b-/ba- 							
204	and 	Ùˆâ€ 	wa 	u 	y, und, wound wand / with	~âœ“âœ“	ğ“› ğ“ˆ–ğ“‚  2. ğ“ ğ“‚‹ ğ“€’	â€”	u 			×•Ö¾â€ 	'w''- '	Ü˜-â€ 	w-/wa- 	u 		nem 				oo, iyo
205	if 	Ù„Ùˆâ€, Ø§Ø°Ø§â€, Ø§Ù†â€ 	law, Ê¾Ã­Ã°Ä, Ê¾inn 	Law ~ let given â€¦	Ê¾inn when / ğ“‡‹Ê¾Ã­Ã°Äi !!	~âœ“âœ“	ğ“‡‹ğ“‚‹	jr	jekk 			××â€ 	Ê¾im 	ÜÜ¢â€ 	Ê¾en 	Å¡umma ~sein						
206	because 	Ø¨Ø³Ø¨Ø¨â€, Ù„Ø£Ù†Ù‘â€ 	bi-sÃ¡bab, liÊ¾Ã¡nna 	gÄ§ax, assume	gÄ§ax~cause~bi-sÃ¡ba	--	ğ“·, ğ“· ğ“¤, ğ“‚‹ ğ“», ğ“ˆ–ğ“ˆ–ğ“ğ“, ğ“ˆ–ğ“®	á¸r ntt, n ntt, á¸¥r ntt	gÄ§ax 			×‘×’×œ×œâ€, ××¤× ×™â€ 	'biÄŸlal, mipp''nÃ© '	-Ü¡Ü›Ü  Ü•â€, Ü’Ü¥Ü Ü¬â€ 	meá¹­á¹­ol d-/da-, bÊ¿ellaÎ¸ 	aÅ¡Å¡um 						
207	name 	Ø§Ø³Ù…â€ 	Ê¾ism 	-ism âˆ‘ semit	numero ~ sumero > -ism, heissen	<<â„¢	ğ“‚‹ğ“ˆ–ğ“€, ğ“‚‹ğ“ˆ–ğ“·	rn	isem 	áˆµáˆ 	sÉ™m 	×©×â€ 	Å¡Ã©m 	Ü«Ü¡Üâ€ 	Å¡mÄ 	Å¡umu 		p-ran 	isÉ™m (< Ar.) 	sÃºunÃ¡a 	maqaa 	magac, isin
